workspace_id,company_domain,active_users,storage_used_gb,weekly_invites_sent,advanced_clicks,country,converted_enterprise,upgrade_probability
1002,@generic_corp.com,6,0,2,7,UK,0,0
1003,@meta.com,4,27.38,2,7,GERMANY,0,0
1004,@microsoft.com,10,54.84,1,5,USA,0,0
1008,@accenture.com,2,19.64,4,4,USA,0,0
1009,@microsoft.com,10,7.45,5,5,GLOBAL,0,0
1010,@uber.com,13,8.42,21,1,India,0,0.1035
1012,@generic_corp.com,14,3.44,15,3,GLOBAL,0,0.0006
1013,@accenture.com,16,5.28,3,3,USA,0,0
1021,@microsoft.com,11,0,6,8,USA,0,0
1026,@meta.com,3,2.21,1,2,GLOBAL,0,0
1029,@microsoft.com,5,14.18,2,11,UK,0,0
1031,@microsoft.com,18,10.88,6,3,GLOBAL,0,0
1034,@netflix.com,8,26.34,5,8,USA,0,0
1035,@generic_corp.com,25,7.04,15,5,USA,1,0.9969
1036,@accenture.com,2,2.53,2,5,GLOBAL,0,0
1039,@uber.com,10,31.83,7,3,USA,0,0
1044,@netflix.com,16,39.2,18,4,UK,0,0.3604
1046,@uber.com,13,27.13,12,3,India,0,0
1051,@generic_corp.com,20,6.85,15,2,USA,0,0.1287
1052,@meta.com,7,27.51,7,7,USA,0,0
1053,@netflix.com,19,58.1,15,6,UK,0,0.5535
1054,@netflix.com,12,0,15,4,GLOBAL,0,0.0002
1055,@microsoft.com,8,7.25,1,4,UK,0,0
1056,@netflix.com,9,9.97,2,6,USA,0,0
1063,@accenture.com,4,6.65,1,3,INDIA,0,0
1068,@accenture.com,11,3.4,18,4,UK,0,0.0028
1071,@meta.com,16,13.04,3,5,GERMANY,0,0
1074,@accenture.com,15,15.7,6,11,GLOBAL,0,0
1075,@uber.com,14,8.08,3,4,UK,0,0
1076,@uber.com,12,7.64,12,8,GERMANY,0,0.0001
1077,@meta.com,8,15.8,2,3,USA,0,0
1081,@accenture.com,19,0.59,9,5,USA,0,0.0002
1082,@microsoft.com,7,0.53,1,6,UK,0,0
1087,@uber.com,16,14.04,12,2,GERMANY,0,0
1088,@microsoft.com,8,11.01,5,9,USA,0,0
1089,@netflix.com,13,0.56,9,4,USA,0,0
1092,@uber.com,7,4.73,1,7,USA,0,0
1093,@meta.com,16,13.53,12,6,GERMANY,0,0.001
1094,@microsoft.com,8,13.89,3,3,GLOBAL,0,0
1095,@meta.com,9,5.46,1,9,GLOBAL,0,0
1102,@microsoft.com,33,13.02,6,4,USA,0,0.8187
1105,@netflix.com,19,6.93,12,4,GLOBAL,0,0.0047
1108,@meta.com,13,9.73,0,2,UK,0,0
1113,@netflix.com,3,1.54,4,5,GLOBAL,0,0
1114,@accenture.com,11,1.99,0,4,USA,0,0
1115,@microsoft.com,11,4.37,3,7,USA,0,0
1116,@accenture.com,9,17.98,6,2,UK,0,0
1117,@accenture.com,7,0,0,2,GLOBAL,0,0
1119,@netflix.com,19,12.86,9,10,INDIA,0,0.0104
1121,@accenture.com,15,8.48,9,5,USA,0,0
1122,@netflix.com,4,31.15,3,4,USA,0,0
1127,@accenture.com,17,4.42,9,6,INDIA,0,0.0001
1128,@accenture.com,10,10.37,3,7,INDIA,0,0
1135,@netflix.com,28,19.84,18,5,USA,1,1
1138,@uber.com,8,41.76,1,3,INDIA,0,0
1140,@generic_corp.com,21,41.38,6,6,USA,0,0.0001
1141,@generic_corp.com,11,3.93,18,3,GLOBAL,0,0.0013
1147,@microsoft.com,10,9.34,3,2,INDIA,0,0
1151,@netflix.com,16,11.66,6,4,USA,0,0
1157,@uber.com,20,0.19,12,5,India,0,0.0293
1158,@meta.com,19,13.98,6,9,India,0,0.0001
1160,@uber.com,17,21.95,6,4,GERMANY,0,0
1162,@microsoft.com,16,2.93,12,10,USA,0,0.023
1163,@microsoft.com,16,24.04,3,3,India,0,0
1166,@accenture.com,7,15.76,3,6,USA,0,0
1170,@microsoft.com,11,20.61,9,5,INDIA,0,0
1171,@uber.com,10,14.03,2,3,UK,0,0
1175,@microsoft.com,6,7.15,1,2,GERMANY,0,0
1177,@uber.com,8,1.18,2,5,USA,0,0
1179,@netflix.com,9,0.2,3,10,USA,0,0
1183,@netflix.com,10,12.7,6,4,USA,0,0
1184,@accenture.com,6,40.49,7,5,USA,0,0
1186,@uber.com,13,23.61,3,6,GERMANY,0,0
1187,@accenture.com,15,6.15,3,6,India,0,0
1188,@microsoft.com,11,1.7,6,2,USA,0,0
1192,@netflix.com,12,18.34,0,5,USA,0,0
1193,@netflix.com,3,1.67,2,2,UK,0,0
1194,@microsoft.com,15,2.59,3,5,UK,0,0
1197,@uber.com,8,6.91,3,2,GERMANY,0,0
1198,@netflix.com,5,7.48,5,2,INDIA,0,0
1199,@netflix.com,7,0,1,6,INDIA,0,0
1200,@meta.com,18,18.01,3,7,INDIA,0,0
1201,@microsoft.com,11,1.68,9,4,India,0,0
1204,@netflix.com,9,56.03,3,8,INDIA,0,0
1205,@microsoft.com,13,36.5,9,3,India,0,0
1208,@uber.com,36,12.77,21,7,GLOBAL,1,1
1212,@uber.com,6,2.62,2,6,USA,0,0
1213,@uber.com,15,6.5,3,1,GERMANY,0,0
1215,@uber.com,11,17.29,15,6,India,0,0.0003
1218,@meta.com,5,2.01,1,8,USA,0,0
1219,@microsoft.com,10,17.61,5,2,UK,0,0
1220,@accenture.com,7,1.87,2,5,UK,0,0
1221,@uber.com,9,2.2,3,4,UK,0,0
1222,@microsoft.com,13,10.59,12,1,GERMANY,0,0
1227,@generic_corp.com,19,5.61,3,5,GERMANY,0,0
1229,@netflix.com,10,22.77,2,7,USA,0,0
1230,@microsoft.com,6,7.41,6,6,USA,0,0
1231,@meta.com,10,8.81,2,6,UK,0,0
1233,@microsoft.com,19,1.31,6,9,GLOBAL,0,0.0001
1236,@uber.com,11,35.05,18,4,USA,0,0.0028
1239,@microsoft.com,7,2.72,4,6,INDIA,0,0
1241,@netflix.com,9,1.91,3,5,USA,0,0
1242,@generic_corp.com,14,9.82,9,5,GLOBAL,0,0
1243,@netflix.com,8,3.72,6,4,GLOBAL,0,0
1246,@netflix.com,11,29.2,3,5,GLOBAL,0,0
1248,@generic_corp.com,6,52.14,4,3,UK,0,0
1249,@generic_corp.com,10,45.81,3,5,USA,0,0
1250,@accenture.com,14,17.71,9,6,GERMANY,0,0
1253,@accenture.com,11,4.88,12,10,USA,0,0.0001
1256,@microsoft.com,18,17.21,21,6,India,1,0.9992
1257,@netflix.com,14,1.18,18,4,GLOBAL,0,0.0637
1258,@uber.com,17,14.15,0,6,GLOBAL,0,0
1259,@microsoft.com,5,0.92,3,4,USA,0,0
1261,@microsoft.com,11,0.62,18,5,GLOBAL,0,0.0062
1265,@accenture.com,10,1.5,3,5,UK,0,0
1266,@meta.com,21,40.57,3,3,UK,0,0
1267,@uber.com,6,7.25,4,9,UK,0,0
1268,@uber.com,13,7.57,9,4,UK,0,0
1271,@accenture.com,9,0.12,3,9,UK,0,0
1272,@accenture.com,7,1.68,1,5,UK,0,0
1273,@accenture.com,17,9.54,9,3,GLOBAL,0,0
1274,@netflix.com,7,0,9,5,India,0,0
1277,@meta.com,12,18.82,3,3,USA,0,0
1278,@microsoft.com,9,19.95,3,12,India,0,0
1279,@uber.com,17,34.09,0,2,UK,0,0
1280,@meta.com,11,12.89,15,2,USA,0,0
1281,@netflix.com,9,7.75,2,4,USA,0,0
1285,@microsoft.com,30,7.17,15,6,INDIA,1,1
1290,@microsoft.com,5,0,4,8,USA,0,0
1293,@accenture.com,6,15.04,1,2,USA,0,0
1297,@meta.com,12,20.37,9,6,UK,0,0
1299,@microsoft.com,15,18.25,27,9,GLOBAL,1,1
1304,@microsoft.com,1,7.79,4,7,USA,0,0
1305,@uber.com,10,11.98,3,4,USA,0,0
1306,@generic_corp.com,10,44.31,4,4,USA,0,0
1309,@meta.com,7,4.13,3,6,GLOBAL,0,0
1314,@generic_corp.com,15,3.38,9,5,USA,0,0
1315,@accenture.com,11,18.8,18,3,GLOBAL,0,0.0013
1316,@uber.com,12,15.16,6,10,GERMANY,0,0
1322,@uber.com,10,69.79,2,10,USA,0,0
1323,@uber.com,13,17.33,12,4,GERMANY,0,0
1325,@generic_corp.com,5,12.5,1,5,USA,0,0
1326,@meta.com,9,10.85,2,7,GERMANY,0,0
1327,@microsoft.com,6,10.76,6,4,GLOBAL,0,0
1328,@microsoft.com,12,1.23,18,6,USA,0,0.0388
1332,@meta.com,13,3.01,6,4,UK,0,0
1337,@accenture.com,8,0.78,3,7,USA,0,0
1338,@uber.com,18,9.6,0,0,GERMANY,0,0
1346,@microsoft.com,8,5.35,7,7,GLOBAL,0,0
1347,@microsoft.com,4,5.3,1,10,UK,0,0
1350,@microsoft.com,14,5.45,15,3,USA,0,0.0006
1352,@accenture.com,8,1.35,2,3,UK,0,0
1353,@uber.com,14,4.13,6,5,INDIA,0,0
1356,@microsoft.com,11,1.21,6,3,INDIA,0,0
1358,@microsoft.com,6,11.26,4,2,GLOBAL,0,0
1359,@netflix.com,9,13.62,2,5,UK,0,0
1360,@microsoft.com,27,3.64,6,8,INDIA,0,0.1601
1362,@microsoft.com,11,0.09,9,2,USA,0,0
1365,@netflix.com,3,15.44,3,4,GERMANY,0,0
1367,@generic_corp.com,12,1.74,6,3,GLOBAL,0,0
1368,@netflix.com,13,1.39,15,5,USA,0,0.001
1374,@uber.com,6,32.73,2,2,USA,0,0
1377,@accenture.com,9,6.77,1,7,UK,0,0
1379,@accenture.com,8,7.46,1,6,GLOBAL,0,0
1382,@uber.com,9,39.45,4,2,UK,0,0
1383,@microsoft.com,29,10.4,0,5,USA,0,0
1384,@accenture.com,26,2.93,15,5,UK,1,0.9989
1385,@meta.com,16,2.31,12,5,USA,0,0.0004
1386,@accenture.com,18,5.4,9,7,GLOBAL,0,0.0003
1389,@meta.com,25,18.67,6,5,USA,0,0.0021
1390,@accenture.com,25,11.73,9,4,USA,0,0.0479
1394,@meta.com,11,16.82,12,6,GERMANY,0,0
1396,@netflix.com,25,70.4,3,3,USA,0,0
1397,@accenture.com,7,3.95,5,3,USA,0,0
1399,@meta.com,9,10.41,2,7,GERMANY,0,0
1400,@meta.com,3,38.66,4,3,USA,0,0
1402,@netflix.com,9,21.15,6,3,UK,0,0
1404,@accenture.com,11,7.44,6,6,UK,0,0
1406,@netflix.com,10,9.27,7,7,USA,0,0
1409,@netflix.com,9,21.65,4,7,USA,0,0
1412,@generic_corp.com,17,11.94,9,1,GLOBAL,0,0
1413,@generic_corp.com,11,5.55,9,6,INDIA,0,0
1414,@microsoft.com,7,0.58,2,2,UK,0,0
1415,@microsoft.com,10,0.2,5,2,India,0,0
1419,@uber.com,2,12.07,4,7,UK,0,0
1420,@meta.com,19,67.36,12,5,GERMANY,0,0.0102
1421,@meta.com,9,8.23,2,6,India,0,0
1422,@meta.com,9,0,2,5,UK,0,0
1428,@netflix.com,9,20.19,0,5,USA,0,0
1432,@meta.com,24,41.05,0,8,USA,0,0
1433,@microsoft.com,10,20.53,2,10,GERMANY,0,0
1436,@uber.com,16,15.57,12,5,GERMANY,0,0.0004
1438,@accenture.com,7,12.06,6,7,GERMANY,0,0
1439,@uber.com,10,27.95,3,5,USA,0,0
1445,@accenture.com,24,26.4,3,6,India,0,0
1446,@netflix.com,10,8.16,4,6,USA,0,0
1448,@meta.com,6,3.13,1,6,USA,0,0
1451,@meta.com,14,1.99,9,4,GERMANY,0,0
1452,@microsoft.com,14,33.75,9,4,GLOBAL,0,0
1454,@netflix.com,5,17.3,1,6,USA,0,0
1462,@microsoft.com,6,6.58,4,2,UK,0,0
1463,@meta.com,9,21.56,2,4,GLOBAL,0,0
1464,@microsoft.com,12,15.75,9,3,UK,0,0
1465,@generic_corp.com,15,9.13,12,6,GERMANY,0,0.0003
1468,@accenture.com,13,27.51,3,7,UK,0,0
1470,@generic_corp.com,18,11.41,3,4,USA,0,0
1472,@generic_corp.com,10,45.28,3,4,UK,0,0
1474,@netflix.com,35,0,12,3,India,1,1
1478,@microsoft.com,2,7.27,3,7,India,0,0
1479,@generic_corp.com,5,3.17,2,6,UK,0,0
1481,@microsoft.com,4,0.66,6,2,USA,0,0
1482,@uber.com,6,7.34,3,4,GLOBAL,0,0
1484,@microsoft.com,8,25.16,3,5,India,0,0
1485,@microsoft.com,9,10.44,6,4,USA,0,0
1486,@netflix.com,5,2.78,2,4,USA,0,0
1489,@generic_corp.com,7,0.26,4,7,UK,0,0
1490,@netflix.com,5,11.8,3,8,UK,0,0
1492,@microsoft.com,26,4.09,6,4,INDIA,0,0.0027
1497,@microsoft.com,6,0.07,2,2,India,0,0
1499,@generic_corp.com,7,0,2,8,UK,0,0
1501,@uber.com,12,22.72,6,5,UK,0,0
1504,@accenture.com,9,0,2,3,GLOBAL,0,0
1505,@uber.com,10,0.45,2,4,INDIA,0,0
1507,@netflix.com,8,30.64,1,6,UK,0,0
1508,@accenture.com,7,32.6,5,8,India,0,0
1509,@netflix.com,12,0,3,3,INDIA,0,0
1510,@uber.com,9,11.65,0,6,India,0,0
1511,@microsoft.com,10,2.69,1,3,USA,0,0
1513,@netflix.com,2,9.5,2,7,USA,0,0
1514,@accenture.com,6,12.45,3,4,USA,0,0
1518,@accenture.com,7,5.24,1,6,INDIA,0,0
1521,@microsoft.com,11,34.15,15,2,UK,0,0
1523,@generic_corp.com,10,26.65,6,6,GERMANY,0,0
1524,@accenture.com,22,18.01,3,4,GERMANY,0,0
1525,@accenture.com,10,8.39,5,5,India,0,0
1530,@accenture.com,12,4.26,3,2,India,0,0
1531,@accenture.com,25,21.11,3,5,USA,0,0
1534,@microsoft.com,7,5.96,0,4,India,0,0
1535,@meta.com,10,11.96,4,7,INDIA,0,0
1536,@netflix.com,24,4.56,12,4,INDIA,0,0.4851
1537,@accenture.com,6,13.98,2,6,INDIA,0,0
1541,@generic_corp.com,4,4.33,3,3,USA,0,0
1542,@microsoft.com,11,2.76,9,8,UK,0,0
1544,@uber.com,14,0,0,3,USA,0,0
1545,@microsoft.com,15,2.96,6,4,USA,0,0
1548,@uber.com,16,17.31,15,5,INDIA,0,0.0228
1550,@meta.com,14,0,21,5,UK,1,0.8909
1552,@accenture.com,8,7.62,6,7,UK,0,0
1553,@microsoft.com,17,8.95,6,7,USA,0,0
1554,@microsoft.com,23,0.55,0,5,India,0,0
1555,@accenture.com,7,13.47,4,8,UK,0,0
1559,@meta.com,8,3.9,2,3,USA,0,0
1560,@microsoft.com,11,14.02,18,3,USA,0,0.0013
1561,@uber.com,11,33.52,18,6,USA,0,0.0137
1566,@microsoft.com,9,1.31,4,6,USA,0,0
1569,@netflix.com,7,0.88,5,3,UK,0,0
1572,@meta.com,13,23.6,6,6,India,0,0
1574,@microsoft.com,11,41.01,12,12,UK,0,0.0006
1575,@accenture.com,17,29.93,12,4,GERMANY,0,0.0006
1576,@netflix.com,9,46.57,2,6,India,0,0
1578,@netflix.com,7,85.3,2,4,USA,0,0
1585,@microsoft.com,17,15.24,15,4,India,0,0.0294
1592,@microsoft.com,6,68.36,5,8,India,0,0
1595,@netflix.com,21,2.9,9,10,USA,0,0.0806
1597,@uber.com,12,11.63,6,4,USA,0,0
1610,@uber.com,7,16.1,3,7,USA,0,0
1612,@meta.com,12,3.95,18,5,UK,0,0.0178
1613,@microsoft.com,0,26.16,6,5,USA,0,0
1615,@accenture.com,11,13.05,9,1,INDIA,0,0
1616,@netflix.com,4,40.92,1,4,USA,0,0
1619,@accenture.com,22,33.92,9,7,INDIA,0,0.0224
1620,@meta.com,17,13.19,9,4,GLOBAL,0,0
1625,@microsoft.com,10,14.85,2,1,UK,0,0
1628,@meta.com,14,10.8,9,3,INDIA,0,0
1631,@uber.com,17,0.16,12,9,USA,0,0.0297
1632,@netflix.com,25,39.01,18,8,USA,1,1
1646,@netflix.com,14,0.04,6,3,USA,0,0
1647,@microsoft.com,27,32.88,9,3,INDIA,0,0.1584
1648,@uber.com,11,30.57,21,7,GERMANY,0,0.625
1649,@meta.com,14,11.78,9,1,USA,0,0
1653,@microsoft.com,14,0.26,9,4,USA,0,0
1654,@meta.com,7,9.51,3,2,USA,0,0
1659,@microsoft.com,1,4.37,1,7,USA,0,0
1660,@microsoft.com,8,5.45,7,1,UK,0,0
1663,@microsoft.com,8,23.61,3,11,GLOBAL,0,0
1672,@netflix.com,14,1.11,9,9,UK,0,0
1679,@generic_corp.com,12,49.78,18,7,INDIA,0,0.0816
1680,@accenture.com,7,7.13,3,5,USA,0,0
1681,@accenture.com,16,12.6,6,4,GLOBAL,0,0
1684,@uber.com,14,4.19,3,2,INDIA,0,0
1685,@netflix.com,8,38.28,6,6,India,0,0
1686,@microsoft.com,7,4.63,2,4,UK,0,0
1687,@microsoft.com,9,16.4,3,5,GERMANY,0,0
1689,@meta.com,10,31.99,1,7,GLOBAL,0,0
1696,@microsoft.com,4,5.64,5,6,GLOBAL,0,0
1698,@microsoft.com,6,1.42,1,6,INDIA,0,0
1708,@accenture.com,13,53.68,6,6,India,0,0
1710,@uber.com,1,44.02,4,1,USA,0,0
1711,@meta.com,14,0,6,5,GERMANY,0,0
1712,@microsoft.com,20,6.1,9,1,GLOBAL,0,0
1716,@netflix.com,12,18.83,9,3,UK,0,0
1717,@accenture.com,5,14.64,4,5,USA,0,0
1718,@generic_corp.com,12,9.19,3,3,INDIA,0,0
1720,@meta.com,10,22.74,8,10,USA,0,0
1721,@netflix.com,8,17.87,1,2,USA,0,0
1724,@meta.com,9,1.62,4,4,USA,0,0
1725,@microsoft.com,22,35.53,15,3,USA,0,0.7316
1726,@accenture.com,11,4.79,3,6,USA,0,0
1728,@meta.com,13,42.81,9,8,UK,0,0
1732,@accenture.com,10,33.71,3,3,INDIA,0,0
1733,@uber.com,10,7.97,2,8,GERMANY,0,0
1736,@accenture.com,9,35.54,4,7,USA,0,0
1738,@accenture.com,7,10.29,5,4,USA,0,0
1743,@meta.com,13,54.77,6,10,INDIA,0,0
1746,@netflix.com,14,10.65,9,7,INDIA,0,0
1749,@netflix.com,8,10.46,1,6,GLOBAL,0,0
1750,@microsoft.com,8,16.81,4,3,USA,0,0
1752,@netflix.com,18,8.65,21,5,UK,1,0.9982
1753,@microsoft.com,29,20.81,6,6,USA,0,0.2427
1756,@meta.com,10,8.8,1,7,India,0,0
1757,@microsoft.com,13,2.13,3,5,USA,0,0
1759,@netflix.com,1,9.74,9,1,GERMANY,0,0
1760,@meta.com,10,8.63,4,7,INDIA,0,0
1764,@meta.com,10,3.66,5,10,USA,0,0
1766,@microsoft.com,24,43.49,3,10,GERMANY,0,0.0007
1767,@meta.com,7,3.4,7,4,USA,0,0
1768,@accenture.com,8,3.03,3,5,GLOBAL,0,0
1770,@accenture.com,13,1.91,3,7,USA,0,0
1772,@accenture.com,7,70.26,2,7,USA,0,0
1775,@meta.com,14,0.4,3,3,USA,0,0
1778,@uber.com,11,18.58,12,3,India,0,0
1779,@uber.com,7,16.56,5,5,GERMANY,0,0
1780,@microsoft.com,18,3.08,9,5,India,0,0.0001
1781,@uber.com,7,9.42,5,5,UK,0,0
1786,@netflix.com,14,37.52,0,7,INDIA,0,0
1787,@microsoft.com,9,35.15,5,6,INDIA,0,0
1790,@netflix.com,7,5.76,0,3,UK,0,0
1792,@microsoft.com,9,11.96,1,4,USA,0,0
1794,@microsoft.com,6,13.64,3,7,GLOBAL,0,0
1796,@accenture.com,8,16.37,6,10,UK,0,0
1797,@netflix.com,11,25.09,6,5,INDIA,0,0
1798,@microsoft.com,10,23.22,3,6,USA,0,0
1799,@uber.com,8,6.94,1,7,GERMANY,0,0
1800,@netflix.com,10,0,3,6,GLOBAL,0,0
1801,@uber.com,7,0.24,2,2,USA,0,0
1803,@microsoft.com,9,35.71,5,5,UK,0,0
1804,@microsoft.com,15,17.86,15,3,UK,0,0.0016
1806,@meta.com,8,2.55,5,9,GLOBAL,0,0
1807,@netflix.com,17,13.09,12,11,GLOBAL,0,0.1312
1808,@netflix.com,10,51.15,3,6,USA,0,0
1812,@accenture.com,6,6.69,2,5,INDIA,0,0
1814,@netflix.com,10,0,4,2,UK,0,0
1815,@accenture.com,16,10.57,6,4,India,0,0
1817,@microsoft.com,8,15.51,1,5,INDIA,0,0
1821,@accenture.com,22,17.71,3,4,USA,0,0
1826,@netflix.com,19,0.26,12,4,India,0,0.0047
1829,@meta.com,9,0,3,4,UK,0,0
1837,@netflix.com,12,19.66,12,3,GLOBAL,0,0
1839,@microsoft.com,9,13.67,5,7,USA,0,0
1840,@microsoft.com,11,37.45,15,4,INDIA,0,0.0001
1842,@uber.com,13,22.06,12,5,USA,0,0
1844,@generic_corp.com,10,0.16,2,5,USA,0,0
1850,@microsoft.com,12,6.97,9,10,GERMANY,0,0
1852,@meta.com,12,7.32,9,7,USA,0,0
1854,@netflix.com,11,1.66,12,3,UK,0,0
1859,@microsoft.com,14,5.91,0,6,INDIA,0,0
1861,@meta.com,17,2.42,0,6,USA,0,0
1866,@microsoft.com,11,31.22,3,6,USA,0,0
1869,@accenture.com,10,21.31,0,3,India,0,0
1870,@netflix.com,9,48.76,4,3,India,0,0
1873,@microsoft.com,13,19.94,3,13,UK,0,0
1877,@uber.com,33,64.26,15,2,UK,1,1
1878,@uber.com,11,25.08,9,9,UK,0,0
1882,@uber.com,18,27.61,9,8,GERMANY,0,0.0007
1885,@meta.com,16,7.58,3,2,UK,0,0
1887,@uber.com,11,29.69,9,7,GERMANY,0,0
1891,@uber.com,4,1.27,3,5,India,0,0
1892,@accenture.com,9,13.41,3,6,India,0,0
1893,@accenture.com,9,19.77,2,8,INDIA,0,0
1895,@uber.com,15,2.79,9,8,UK,0,0
1898,@netflix.com,5,8.34,4,6,USA,0,0
1904,@microsoft.com,16,1.81,15,6,GLOBAL,0,0.0494
1906,@netflix.com,5,19.72,7,4,GERMANY,0,0
1907,@accenture.com,17,4.65,21,6,USA,1,0.9977
1911,@microsoft.com,13,10.67,3,7,USA,0,0
1913,@microsoft.com,10,0.04,1,3,USA,0,0
1915,@microsoft.com,10,8.15,2,4,USA,0,0
1918,@netflix.com,3,1.03,0,7,USA,0,0
1919,@meta.com,22,7.21,18,5,UK,1,0.9986
1921,@accenture.com,8,29.29,5,4,USA,0,0
1923,@netflix.com,4,4.34,7,9,USA,0,0
1924,@meta.com,16,0,9,7,GERMANY,0,0
1929,@microsoft.com,6,6.74,1,7,USA,0,0
1932,@accenture.com,7,12.08,2,6,USA,0,0
1938,@netflix.com,4,3.08,5,9,UK,0,0
1940,@microsoft.com,14,60.93,9,8,GERMANY,0,0
1942,@microsoft.com,20,10.85,12,6,GERMANY,0,0.0627
1943,@uber.com,9,24.02,2,8,USA,0,0
1944,@accenture.com,16,6.24,3,8,UK,0,0
1948,@netflix.com,21,9.57,6,3,USA,0,0
1949,@accenture.com,9,20.55,1,4,GERMANY,0,0
1950,@microsoft.com,5,30.29,3,5,UK,0,0
1951,@microsoft.com,3,9.53,4,5,USA,0,0
1952,@uber.com,7,5.81,3,6,USA,0,0
1954,@netflix.com,8,6.14,2,6,UK,0,0
1960,@meta.com,9,30.33,4,4,India,0,0
1962,@microsoft.com,11,20.36,9,3,USA,0,0
1967,@uber.com,21,0,6,3,GERMANY,0,0
1969,@microsoft.com,3,2.52,1,5,USA,0,0
1971,@uber.com,15,0.07,24,3,India,1,0.9961
1972,@netflix.com,8,4.6,4,2,UK,0,0
1973,@meta.com,19,5.71,12,3,GLOBAL,0,0.0021
1977,@microsoft.com,6,1.36,2,5,INDIA,0,0
1980,@microsoft.com,15,8.21,18,6,USA,0,0.4924
1982,@meta.com,16,8.85,3,3,USA,0,0
1985,@uber.com,10,1.02,2,4,India,0,0
1987,@uber.com,7,15.31,0,5,USA,0,0
1990,@accenture.com,7,0.97,3,5,UK,0,0
1991,@meta.com,28,5.15,9,7,India,1,0.9303
1992,@uber.com,15,3.45,12,3,UK,0,0
1994,@microsoft.com,7,15.98,3,4,USA,0,0
1997,@netflix.com,19,0.78,9,8,India,0,0.0021
1999,@generic_corp.com,4,27.92,6,1,GLOBAL,0,0
2003,@accenture.com,11,0,15,5,UK,0,0.0001
2004,@meta.com,9,0,3,5,USA,0,0
2005,@accenture.com,11,12.18,12,5,USA,0,0
2006,@uber.com,8,11.43,0,7,USA,0,0
2007,@uber.com,13,22.29,15,2,USA,0,0.0001
2008,@accenture.com,17,5.21,9,2,UK,0,0
2013,@netflix.com,8,0,1,1,India,0,0
2015,@uber.com,11,19.6,9,3,India,0,0
2016,@netflix.com,18,4,15,5,USA,0,0.1631
2018,@microsoft.com,2,6.84,4,7,USA,0,0
2019,@netflix.com,11,1.96,3,8,USA,0,0
2021,@uber.com,6,0.26,4,8,India,0,0
2023,@netflix.com,5,32.42,1,8,UK,0,0
2024,@generic_corp.com,6,9.88,3,6,India,0,0
2025,@netflix.com,5,11.01,3,5,India,0,0
2027,@accenture.com,25,18.11,15,3,USA,1,0.985
2028,@accenture.com,4,5.88,3,6,UK,0,0
2030,@accenture.com,12,8.44,12,6,India,0,0
2032,@microsoft.com,4,24.46,1,2,GERMANY,0,0
2036,@uber.com,11,26.13,12,2,USA,0,0
2038,@uber.com,13,17.89,12,5,INDIA,0,0
2042,@meta.com,16,23.1,12,4,UK,0,0.0002
2044,@microsoft.com,12,2.17,3,0,USA,0,0
2045,@netflix.com,10,34.96,4,9,India,0,0
2046,@microsoft.com,9,3.75,6,3,USA,0,0
2049,@accenture.com,10,50.54,3,5,UK,0,0
2051,@accenture.com,11,53.32,6,5,GLOBAL,0,0
2053,@netflix.com,19,2.91,9,5,USA,0,0.0002
2054,@meta.com,5,12.11,3,10,India,0,0
2057,@meta.com,18,0,3,5,USA,0,0
2060,@microsoft.com,6,2.02,3,9,UK,0,0
2061,@accenture.com,12,5.95,3,7,USA,0,0
2063,@meta.com,12,0,9,6,GERMANY,0,0
2066,@meta.com,13,77.97,9,9,GERMANY,0,0
2078,@uber.com,14,42.69,6,8,USA,0,0
2080,@netflix.com,13,13.65,6,3,GERMANY,0,0
2081,@meta.com,4,18.95,3,4,UK,0,0
2084,@accenture.com,19,14.25,21,2,UK,1,0.9933
2085,@netflix.com,8,16.05,4,3,INDIA,0,0
2087,@microsoft.com,24,15.54,12,1,GLOBAL,0,0.0788
2091,@netflix.com,10,15.24,4,5,UK,0,0
2092,@microsoft.com,17,2.74,9,7,India,0,0.0001
2093,@microsoft.com,4,24.98,4,6,GLOBAL,0,0
2099,@meta.com,13,0.99,9,6,USA,0,0
2102,@generic_corp.com,14,1.46,9,2,GLOBAL,0,0
2103,@netflix.com,15,29.04,3,4,INDIA,0,0
2104,@netflix.com,15,2.26,9,9,USA,0,0.0001
2108,@meta.com,16,34.04,3,5,USA,0,0
2109,@uber.com,11,6.04,9,11,UK,0,0
2111,@accenture.com,6,2.11,2,3,USA,0,0
2115,@microsoft.com,9,17.98,1,6,UK,0,0
2116,@microsoft.com,14,21.34,0,2,India,0,0
2118,@accenture.com,3,18.71,2,6,GLOBAL,0,0
2121,@netflix.com,18,0,12,10,INDIA,0,0.1642
2122,@generic_corp.com,15,57.63,6,8,UK,0,0
2123,@accenture.com,12,1.49,9,7,USA,0,0
2124,@accenture.com,6,23.33,3,4,USA,0,0
2125,@uber.com,10,37.79,4,7,USA,0,0
2126,@microsoft.com,12,5.68,12,7,INDIA,0,0
2131,@uber.com,3,0.86,4,7,USA,0,0
2135,@uber.com,8,28.02,3,7,INDIA,0,0
2137,@accenture.com,10,10.68,1,5,USA,0,0
2140,@microsoft.com,10,5.75,3,5,USA,0,0
2141,@accenture.com,13,17.12,9,4,USA,0,0
2143,@uber.com,12,0,9,5,USA,0,0
2144,@microsoft.com,13,26.19,6,2,USA,0,0
2146,@accenture.com,14,2.12,0,6,UK,0,0
2147,@meta.com,15,0.62,12,0,USA,0,0
2148,@uber.com,10,9.79,4,2,GLOBAL,0,0
2149,@accenture.com,12,12.6,3,5,INDIA,0,0
2150,@accenture.com,8,0,4,4,USA,0,0
2151,@uber.com,26,15.86,3,4,USA,0,0
2152,@accenture.com,10,10.96,6,6,GERMANY,0,0
2153,@uber.com,2,89.38,0,7,UK,0,0
2154,@uber.com,2,1.66,2,7,India,0,0
2155,@microsoft.com,25,18.31,3,4,USA,0,0
2156,@meta.com,6,0,2,4,INDIA,0,0
2158,@netflix.com,1,0.28,8,4,UK,0,0
2159,@accenture.com,14,0.1,3,9,INDIA,0,0
2161,@accenture.com,13,2.89,18,12,GERMANY,1,0.9337
2164,@meta.com,5,10.51,1,3,GLOBAL,0,0
2166,@accenture.com,10,1.64,5,4,INDIA,0,0
2167,@accenture.com,7,6.09,3,4,UK,0,0
2171,@microsoft.com,8,0.3,3,4,INDIA,0,0
2173,@microsoft.com,23,6.57,9,5,India,0,0.0133
2175,@microsoft.com,14,16.83,15,4,GLOBAL,0,0.0013
2177,@meta.com,6,10.68,4,1,GLOBAL,0,0
2179,@meta.com,12,3.28,18,4,India,0,0.0081
2181,@generic_corp.com,10,27.32,3,5,GERMANY,0,0
2183,@microsoft.com,13,12.09,12,9,GERMANY,0,0.0004
2184,@netflix.com,8,27.25,4,4,GERMANY,0,0
2186,@netflix.com,12,12.04,6,5,USA,0,0
2187,@uber.com,17,25.09,3,5,USA,0,0
2190,@uber.com,11,46.81,6,4,GERMANY,0,0
2192,@microsoft.com,11,21,6,3,USA,0,0
2194,@microsoft.com,6,42.85,3,4,USA,0,0
2196,@accenture.com,9,19.14,1,7,USA,0,0
2197,@generic_corp.com,3,1.59,4,6,UK,0,0
2198,@generic_corp.com,5,3.71,3,6,GERMANY,0,0
2199,@meta.com,17,8.28,6,2,India,0,0
2201,@meta.com,22,24.56,12,2,UK,0,0.0223
2206,@meta.com,15,14.61,12,8,USA,0,0.0016
2207,@uber.com,18,24.91,3,6,USA,0,0
2214,@meta.com,4,0,3,2,INDIA,0,0
2215,@uber.com,19,2.27,6,7,India,0,0
2218,@uber.com,5,1.85,1,7,USA,0,0
2219,@uber.com,17,38.22,3,3,GERMANY,0,0
2221,@generic_corp.com,18,30.06,3,0,GLOBAL,0,0
2224,@netflix.com,13,3.03,12,9,USA,0,0.0004
2226,@microsoft.com,14,5.05,3,6,GLOBAL,0,0
2231,@netflix.com,5,8.76,3,3,GLOBAL,0,0
2235,@uber.com,7,39.22,3,3,USA,0,0
2237,@accenture.com,5,8.14,2,5,USA,0,0
2239,@generic_corp.com,7,6.19,1,2,USA,0,0
2241,@accenture.com,12,22.17,6,0,UK,0,0
2242,@meta.com,5,22.88,4,1,India,0,0
2243,@meta.com,15,19.58,9,2,GERMANY,0,0
2244,@accenture.com,6,34.32,3,5,USA,0,0
2245,@meta.com,11,10.24,21,9,UK,1,0.8922
2246,@microsoft.com,14,23.25,3,4,INDIA,0,0
2249,@netflix.com,19,37.74,12,7,INDIA,0,0.0488
2250,@microsoft.com,2,27.62,2,2,USA,0,0
2251,@meta.com,6,13.29,4,6,USA,0,0
2255,@uber.com,14,4.43,12,8,UK,0,0.0006
2260,@microsoft.com,14,0.4,15,5,USA,0,0.0028
2262,@meta.com,3,16.01,3,5,India,0,0
2269,@microsoft.com,12,4.07,3,4,India,0,0
2271,@uber.com,14,2.29,3,5,GERMANY,0,0
2272,@accenture.com,12,13.79,6,3,UK,0,0
2273,@meta.com,15,0,9,6,UK,0,0
2281,@microsoft.com,21,0,18,4,UK,1,0.9913
2282,@uber.com,17,29.02,12,2,UK,0,0.0001
2283,@microsoft.com,13,27.87,6,2,USA,0,0
2293,@microsoft.com,15,10.14,3,2,INDIA,0,0
2294,@uber.com,4,8.48,4,3,INDIA,0,0
2295,@accenture.com,10,28.88,1,3,UK,0,0
2299,@microsoft.com,10,41.61,2,5,USA,0,0
2300,@uber.com,1,23.3,2,4,GLOBAL,0,0
2302,@netflix.com,18,15.35,15,4,UK,0,0.0804
2305,@uber.com,10,16.8,2,5,GERMANY,0,0
2306,@accenture.com,11,2.25,9,6,UK,0,0
2307,@uber.com,7,3.14,2,8,India,0,0
2308,@accenture.com,17,9.28,3,1,USA,0,0
2310,@accenture.com,8,45.6,3,8,INDIA,0,0
2312,@netflix.com,9,0.52,0,1,India,0,0
2314,@accenture.com,6,22.45,3,5,USA,0,0
2316,@microsoft.com,6,5.91,0,4,USA,0,0
2318,@meta.com,4,1.7,3,3,UK,0,0
2323,@accenture.com,8,6,6,4,INDIA,0,0
2325,@generic_corp.com,17,21.32,6,7,India,0,0
2328,@meta.com,10,4.76,1,5,GERMANY,0,0
2329,@uber.com,11,5.23,12,2,USA,0,0
2331,@microsoft.com,16,0.09,9,3,UK,0,0
2332,@uber.com,3,15.86,1,6,UK,0,0
2335,@generic_corp.com,9,3.1,2,4,USA,0,0
2336,@uber.com,6,7.08,2,5,USA,0,0
2338,@uber.com,33,21.11,6,2,USA,0,0.4769
2343,@accenture.com,20,20.35,42,6,GLOBAL,1,1
2344,@uber.com,10,0.36,7,4,UK,0,0
2345,@meta.com,10,1.84,5,3,USA,0,0
2351,@accenture.com,11,1.15,12,7,UK,0,0
2352,@microsoft.com,6,9.57,1,5,GERMANY,0,0
2354,@uber.com,4,50.03,4,8,India,0,0
2356,@accenture.com,18,2.95,15,4,USA,0,0.0806
2357,@netflix.com,11,0.06,3,8,GERMANY,0,0
2360,@microsoft.com,11,21.1,6,8,USA,0,0
2361,@netflix.com,10,52.16,4,7,UK,0,0
2363,@microsoft.com,17,7.59,9,0,GLOBAL,0,0
2364,@microsoft.com,7,34.91,3,6,USA,0,0
2365,@meta.com,10,19.55,2,3,USA,0,0
2367,@uber.com,8,38.45,5,7,INDIA,0,0
2368,@netflix.com,6,7.98,5,7,GLOBAL,0,0
2371,@generic_corp.com,13,14.95,3,8,INDIA,0,0
2373,@accenture.com,19,26.77,0,1,USA,0,0
2376,@accenture.com,8,0,3,4,UK,0,0
2380,@microsoft.com,8,9.55,3,8,USA,0,0
2383,@generic_corp.com,5,7.42,2,8,USA,0,0
2385,@uber.com,18,30.44,3,8,GLOBAL,0,0
2387,@meta.com,15,0.43,9,1,USA,0,0
2389,@generic_corp.com,26,9.11,6,3,GLOBAL,0,0.0012
2396,@accenture.com,17,30.07,12,4,USA,0,0.0006
2399,@microsoft.com,7,14.96,6,5,India,0,0
2400,@uber.com,11,21.2,9,5,India,0,0
2404,@meta.com,5,1.92,3,6,USA,0,0
2405,@uber.com,15,12.72,3,8,GLOBAL,0,0
2407,@accenture.com,6,62.75,7,3,USA,0,0
2408,@accenture.com,18,29.25,12,8,USA,0,0.038
2409,@microsoft.com,9,27.92,2,3,India,0,0
2410,@accenture.com,13,0,9,4,USA,0,0
2416,@netflix.com,22,12.53,0,6,INDIA,0,0
2420,@netflix.com,15,2.4,12,3,USA,0,0
2426,@generic_corp.com,6,34.89,2,5,GERMANY,0,0
2428,@generic_corp.com,6,28.97,3,7,GERMANY,0,0
2429,@microsoft.com,4,14.45,4,8,UK,0,0
2430,@accenture.com,21,0.33,9,6,INDIA,0,0.0036
2434,@uber.com,14,7.24,12,3,USA,0,0
2438,@uber.com,6,4.15,5,4,India,0,0
2440,@uber.com,6,0,2,2,UK,0,0
2441,@generic_corp.com,17,53.28,9,6,USA,0,0.0001
2443,@uber.com,7,1.44,4,7,UK,0,0
2445,@accenture.com,24,12.91,15,4,USA,1,0.9807
2447,@uber.com,6,0.16,1,8,India,0,0
2448,@accenture.com,25,83.21,12,3,India,0,0.5468
2449,@netflix.com,26,7.42,9,4,UK,0,0.127
2450,@uber.com,6,4.22,5,3,GERMANY,0,0
2452,@microsoft.com,17,0.13,3,5,USA,0,0
2453,@accenture.com,27,0.19,6,6,INDIA,0,0.0371
2454,@microsoft.com,12,1.79,9,4,UK,0,0
2456,@netflix.com,11,4.28,9,3,India,0,0
2457,@uber.com,13,10.5,15,5,INDIA,0,0.001
2458,@uber.com,7,3.8,8,5,INDIA,0,0
2460,@uber.com,8,10.66,4,5,USA,0,0
2462,@uber.com,11,8.52,15,5,UK,0,0.0001
2464,@uber.com,12,27.69,6,7,USA,0,0
2467,@generic_corp.com,14,28.88,12,8,GERMANY,0,0.0006
2469,@accenture.com,10,58.35,2,9,UK,0,0
2470,@meta.com,9,20.83,0,6,UK,0,0
2471,@microsoft.com,15,6.84,6,7,USA,0,0
2472,@meta.com,13,7.05,12,7,India,0,0.0001
2473,@accenture.com,6,3.45,1,3,USA,0,0
2476,@uber.com,11,0.06,21,5,GLOBAL,0,0.2531
2477,@accenture.com,12,0.35,12,6,USA,0,0
2478,@meta.com,26,64.55,3,4,India,0,0
2479,@meta.com,11,4.03,33,11,GERMANY,1,1
2481,@accenture.com,9,14.22,7,5,GLOBAL,0,0
2488,@uber.com,18,5.38,12,3,INDIA,0,0.0007
2495,@microsoft.com,18,8.18,0,5,India,0,0
2496,@uber.com,25,8.42,0,8,USA,0,0
2497,@microsoft.com,16,2.36,18,9,GERMANY,1,0.9686
2500,@accenture.com,4,6.32,3,5,UK,0,0
2507,@microsoft.com,2,26.83,2,9,UK,0,0
2509,@microsoft.com,4,1.39,4,6,GLOBAL,0,0
2510,@meta.com,17,21.36,3,5,USA,0,0
2511,@accenture.com,8,7.07,2,5,UK,0,0
2512,@uber.com,14,37.04,3,2,USA,0,0
2513,@generic_corp.com,11,47.93,18,3,USA,0,0.0013
2517,@microsoft.com,3,23.71,5,5,India,0,0
2518,@netflix.com,8,8.86,3,3,GLOBAL,0,0
2520,@netflix.com,8,5.22,3,5,USA,0,0
2522,@netflix.com,16,33.81,9,5,GLOBAL,0,0
2529,@accenture.com,11,62.63,3,6,UK,0,0
2532,@microsoft.com,5,10.69,2,8,UK,0,0
2533,@uber.com,30,4.61,12,5,UK,1,0.9992
2538,@uber.com,19,14.61,3,0,UK,0,0
2541,@uber.com,12,0,9,8,India,0,0
2543,@microsoft.com,18,73.66,6,6,INDIA,0,0
2545,@generic_corp.com,6,2.95,2,4,USA,0,0
2547,@accenture.com,6,5.86,3,7,USA,0,0
2548,@microsoft.com,12,1.37,9,7,USA,0,0
2550,@microsoft.com,18,8.86,12,7,GERMANY,0,0.0175
2551,@generic_corp.com,9,7.37,1,5,USA,0,0
2552,@microsoft.com,11,14.98,6,4,USA,0,0
2553,@accenture.com,18,0.81,9,8,UK,0,0.0007
2554,@netflix.com,12,17.97,12,3,UK,0,0
2557,@microsoft.com,26,34.54,3,3,GERMANY,0,0
2559,@accenture.com,8,11.38,4,8,India,0,0
2560,@netflix.com,4,12.95,1,5,GLOBAL,0,0
2563,@meta.com,13,0,9,3,GLOBAL,0,0
2565,@accenture.com,7,10.39,5,3,USA,0,0
2567,@uber.com,3,0.26,5,7,GERMANY,0,0
2569,@microsoft.com,8,39.93,4,6,GLOBAL,0,0
2571,@microsoft.com,22,0,15,5,GERMANY,1,0.9313
2573,@meta.com,11,17.61,12,5,INDIA,0,0
2574,@accenture.com,19,4.37,15,6,INDIA,0,0.5558
2578,@microsoft.com,13,30.17,12,3,UK,0,0
2579,@microsoft.com,5,9.15,3,4,India,0,0
2583,@microsoft.com,14,4.2,6,5,UK,0,0
2587,@uber.com,30,8.41,9,6,USA,1,0.9804
2590,@uber.com,9,5.78,0,2,USA,0,0
2591,@uber.com,26,31.91,18,9,USA,1,1
2595,@uber.com,9,8.21,0,5,USA,0,0
2596,@microsoft.com,3,3.04,3,6,INDIA,0,0
2600,@netflix.com,6,10.19,4,2,India,0,0
2608,@accenture.com,13,5.69,9,7,USA,0,0
2611,@netflix.com,3,5.13,2,4,GERMANY,0,0
2612,@uber.com,12,11.53,12,5,UK,0,0
2616,@uber.com,11,0.04,6,5,INDIA,0,0
2618,@uber.com,13,6.37,6,2,GERMANY,0,0
2619,@microsoft.com,18,15.69,12,5,UK,0,0.0036
2620,@meta.com,3,1.81,1,0,GERMANY,0,0
2623,@microsoft.com,9,16.3,4,1,India,0,0
2624,@generic_corp.com,11,1.83,6,2,GERMANY,0,0
2626,@uber.com,17,2.56,6,6,UK,0,0
2631,@meta.com,7,4.29,0,5,INDIA,0,0
2633,@uber.com,12,22.51,6,6,UK,0,0
2634,@meta.com,15,5.57,12,4,USA,0,0.0001
2635,@netflix.com,6,0.36,5,6,INDIA,0,0
2640,@netflix.com,11,12.99,15,1,India,0,0
2642,@accenture.com,26,9.15,3,1,INDIA,0,0
2644,@microsoft.com,11,59.5,6,5,UK,0,0
2646,@meta.com,25,0.24,9,5,GERMANY,0,0.1009
2648,@accenture.com,10,0.97,5,2,GERMANY,0,0
2649,@meta.com,13,24.99,15,4,USA,0,0.0004
2650,@uber.com,4,25.69,3,5,UK,0,0
2656,@netflix.com,19,31.11,9,3,USA,0,0
2657,@microsoft.com,13,5.84,18,8,UK,0,0.3652
2661,@microsoft.com,13,1.48,15,6,UK,0,0.0022
2663,@netflix.com,15,60.59,12,4,USA,0,0.0001
2666,@accenture.com,13,36.5,9,6,UK,0,0
2668,@netflix.com,4,8.34,5,6,GERMANY,0,0
2670,@accenture.com,26,0.03,12,5,USA,1,0.9459
2672,@accenture.com,5,28.55,1,3,USA,0,0
2673,@accenture.com,14,0.85,6,3,USA,0,0
2674,@accenture.com,7,24.46,2,6,India,0,0
2675,@meta.com,5,56.93,2,6,USA,0,0
2680,@uber.com,16,25.53,27,3,USA,1,1
2682,@generic_corp.com,13,9.68,9,6,USA,0,0
2683,@microsoft.com,20,4.1,12,3,GLOBAL,0,0.0061
2684,@accenture.com,17,0.79,6,3,GLOBAL,0,0
2686,@accenture.com,7,5.56,1,5,UK,0,0
2687,@netflix.com,18,10.48,12,4,GLOBAL,0,0.0016
2689,@microsoft.com,6,0.98,4,7,UK,0,0
2690,@meta.com,19,31.01,0,8,GLOBAL,0,0
2699,@generic_corp.com,15,0.36,3,4,USA,0,0
2701,@generic_corp.com,18,12.41,3,6,INDIA,0,0
2707,@microsoft.com,11,20.08,9,5,USA,0,0
2709,@microsoft.com,19,14.91,6,6,GLOBAL,0,0
2710,@uber.com,10,7.84,4,5,INDIA,0,0
2713,@meta.com,7,24.5,1,4,UK,0,0
2718,@uber.com,14,8.83,0,4,UK,0,0
2725,@uber.com,13,4.3,15,8,India,0,0.0106
2729,@accenture.com,9,33.9,0,2,UK,0,0
2730,@microsoft.com,6,11.39,2,3,USA,0,0
2732,@microsoft.com,10,6.36,0,4,GLOBAL,0,0
2736,@netflix.com,13,0,9,11,India,0,0
2741,@accenture.com,3,11.4,2,6,USA,0,0
2742,@meta.com,12,17.75,15,7,USA,0,0.0017
2743,@meta.com,11,15.07,21,6,GLOBAL,0,0.4291
2749,@meta.com,4,34.46,4,8,USA,0,0
2755,@generic_corp.com,18,19.59,24,2,USA,1,0.9996
2756,@accenture.com,15,10.97,18,6,GLOBAL,0,0.4923
2757,@generic_corp.com,6,0,5,5,USA,0,0
2762,@accenture.com,11,9.27,9,8,INDIA,0,0
2767,@meta.com,21,14.9,12,6,USA,0,0.1618
2772,@meta.com,15,0,6,6,GERMANY,0,0
2773,@netflix.com,14,103.35,15,6,INDIA,0,0.0061
2774,@generic_corp.com,13,7.23,9,5,GERMANY,0,0
2775,@meta.com,4,19.1,1,1,USA,0,0
2777,@uber.com,10,15.12,1,4,GLOBAL,0,0
2780,@accenture.com,9,6.69,3,7,GLOBAL,0,0
2782,@netflix.com,11,58.91,6,9,India,0,0
2784,@microsoft.com,12,12.48,12,8,USA,0,0.0001
2785,@uber.com,20,29.9,12,5,India,0,0.0291
2786,@netflix.com,22,5.67,3,2,GERMANY,0,0
2787,@microsoft.com,14,0.23,3,7,USA,0,0
2788,@microsoft.com,28,34,6,5,India,0,0.0474
2792,@meta.com,11,24.11,21,7,USA,0,0.6253
2794,@uber.com,8,19.79,4,6,USA,0,0
2797,@uber.com,7,25.81,2,6,USA,0,0
2801,@generic_corp.com,5,2.62,2,8,GLOBAL,0,0
2802,@meta.com,14,3.7,18,7,India,0,0.4278
2806,@meta.com,7,13.92,1,8,USA,0,0
2807,@uber.com,10,22.87,3,4,India,0,0
2811,@uber.com,17,35.09,24,5,India,1,0.9999
2812,@meta.com,9,0.2,3,5,USA,0,0
2816,@generic_corp.com,12,2.62,9,8,INDIA,0,0
2818,@meta.com,14,7.48,6,6,UK,0,0
2819,@microsoft.com,18,0,18,4,USA,0,0.8256
2823,@microsoft.com,14,5.61,15,4,GERMANY,0,0.0013
2824,@meta.com,14,3,3,6,UK,0,0
2825,@microsoft.com,8,22.53,3,0,USA,0,0
2828,@generic_corp.com,19,2.66,6,6,UK,0,0
2829,@meta.com,15,3.85,9,4,GERMANY,0,0
2831,@generic_corp.com,8,44.95,2,8,USA,0,0
2832,@microsoft.com,6,36.77,2,7,UK,0,0
2833,@microsoft.com,11,1.33,9,2,GLOBAL,0,0
2834,@meta.com,15,6.14,6,5,India,0,0
2835,@accenture.com,3,6.38,4,2,UK,0,0
2836,@uber.com,16,3.57,9,3,UK,0,0
2839,@netflix.com,19,1.57,9,5,INDIA,0,0.0002
2844,@microsoft.com,11,19.54,12,8,GERMANY,0,0
2845,@netflix.com,10,29.68,3,6,UK,0,0
2849,@netflix.com,12,0.68,3,4,UK,0,0
2850,@microsoft.com,8,41.49,5,2,INDIA,0,0
2852,@accenture.com,10,11.47,3,5,GLOBAL,0,0
2853,@accenture.com,11,4.11,9,3,GLOBAL,0,0
2854,@accenture.com,25,17.29,12,4,USA,0,0.7308
2855,@netflix.com,5,78.69,1,6,UK,0,0
2857,@meta.com,15,24.11,15,5,USA,0,0.008
2859,@accenture.com,12,10.03,6,5,UK,0,0
2860,@uber.com,7,3.6,3,6,UK,0,0
2861,@meta.com,9,10.79,3,5,UK,0,0
2862,@uber.com,14,9.22,9,8,India,0,0
2866,@netflix.com,13,8.98,0,4,GERMANY,0,0
2870,@uber.com,11,2.09,3,4,USA,0,0
2871,@accenture.com,19,2.51,6,5,UK,0,0
2874,@accenture.com,10,18.13,1,5,USA,0,0
2875,@meta.com,2,0,8,12,UK,0,0
2877,@microsoft.com,12,4.74,12,4,GLOBAL,0,0
2880,@microsoft.com,15,0.44,12,4,USA,0,0.0001
2881,@uber.com,8,0.76,1,7,GLOBAL,0,0
2882,@accenture.com,11,5.31,15,2,USA,0,0
2883,@microsoft.com,4,15.01,2,5,India,0,0
2884,@meta.com,18,6.65,15,4,USA,0,0.0805
2889,@uber.com,9,0,0,4,India,0,0
2893,@accenture.com,19,1.71,6,4,GLOBAL,0,0
2895,@microsoft.com,15,23.31,0,4,UK,0,0
2896,@meta.com,4,44.67,0,6,GERMANY,0,0
2897,@microsoft.com,21,10.82,6,1,USA,0,0
2900,@meta.com,15,15.32,15,1,UK,0,0.0003
2901,@microsoft.com,14,2.28,15,3,India,0,0.0006
2903,@meta.com,8,19.44,4,5,USA,0,0
2905,@meta.com,21,0.97,6,6,GERMANY,0,0.0001
2907,@generic_corp.com,4,11.14,3,10,GLOBAL,0,0
2912,@accenture.com,21,0.38,9,3,USA,0,0.0003
2916,@uber.com,7,32.33,1,4,India,0,0
2917,@netflix.com,9,6.75,3,6,UK,0,0
2918,@microsoft.com,1,11.83,6,3,INDIA,0,0
2921,@uber.com,17,2.29,12,7,UK,0,0.0061
2923,@microsoft.com,6,9.24,4,6,India,0,0
2925,@meta.com,6,118.26,2,4,USA,0,0
2927,@microsoft.com,2,26.19,3,9,GLOBAL,0,0
2929,@microsoft.com,16,28.14,15,3,GLOBAL,0,0.0047
2931,@microsoft.com,32,0,9,7,UK,1,0.9989
2932,@microsoft.com,11,20.63,6,7,GLOBAL,0,0
2933,@microsoft.com,7,12.75,2,5,USA,0,0
2934,@microsoft.com,9,6.97,3,2,USA,0,0
2935,@uber.com,15,16.43,12,5,UK,0,0.0001
2936,@accenture.com,9,26.81,3,4,USA,0,0
2938,@accenture.com,8,0,5,7,USA,0,0
2943,@meta.com,7,1.03,4,3,UK,0,0
2944,@uber.com,15,20.84,15,4,UK,0,0.0036
2945,@meta.com,9,16.86,3,4,UK,0,0
2953,@microsoft.com,0,3.22,2,5,USA,0,0
2954,@meta.com,7,7.67,4,9,UK,0,0
2956,@netflix.com,11,19.21,12,8,UK,0,0
2957,@microsoft.com,7,23.35,4,4,India,0,0
2959,@microsoft.com,20,4.69,15,6,UK,0,0.7833
2960,@meta.com,8,12.32,1,7,GLOBAL,0,0
2963,@accenture.com,2,5.36,5,7,UK,0,0
2965,@microsoft.com,6,3.01,0,5,USA,0,0
2966,@microsoft.com,12,0.63,9,5,USA,0,0
2972,@accenture.com,8,5.49,4,5,USA,0,0
2976,@netflix.com,16,13.52,15,5,USA,0,0.0228
2979,@accenture.com,10,17.71,4,2,USA,0,0
2980,@accenture.com,9,7.03,4,7,GERMANY,0,0
2982,@accenture.com,14,3.77,12,7,GLOBAL,0,0.0003
2987,@uber.com,10,49.81,1,6,USA,0,0
2990,@uber.com,14,1.18,15,8,USA,0,0.0299
2991,@meta.com,17,27.19,6,4,INDIA,0,0
2993,@microsoft.com,6,12.35,1,3,USA,0,0
2995,@meta.com,1,16.59,2,1,India,0,0
2996,@uber.com,11,6.53,12,3,USA,0,0
2997,@generic_corp.com,8,2.72,4,8,UK,0,0
3003,@netflix.com,8,24.68,0,7,UK,0,0
3006,@meta.com,10,6.16,4,7,India,0,0
3008,@meta.com,3,31.3,1,4,USA,0,0
3013,@netflix.com,2,2.51,3,3,GLOBAL,0,0
3018,@netflix.com,8,3.58,1,8,GLOBAL,0,0
3020,@uber.com,14,40.15,3,4,UK,0,0
3021,@generic_corp.com,21,2.93,12,7,UK,0,0.3008
3022,@microsoft.com,15,26.32,6,6,GLOBAL,0,0
3023,@netflix.com,18,2.39,9,7,USA,0,0.0003
3027,@meta.com,23,3.39,24,5,INDIA,1,1
3030,@uber.com,27,9.06,6,4,India,0,0.0077
3032,@microsoft.com,14,1.32,6,5,INDIA,0,0
3034,@generic_corp.com,12,22.5,12,0,INDIA,0,0
3035,@microsoft.com,7,30.26,2,8,India,0,0
3041,@accenture.com,11,41.9,15,8,UK,0,0.0013
3042,@microsoft.com,9,15.43,3,7,USA,0,0
3045,@accenture.com,3,45.75,2,5,India,0,0
3046,@uber.com,9,43.76,3,5,INDIA,0,0
3048,@uber.com,3,3.06,3,4,USA,0,0
3054,@netflix.com,8,40.19,7,3,India,0,0
3055,@accenture.com,6,13.96,6,7,UK,0,0
3056,@uber.com,5,0,1,5,INDIA,0,0
3059,@uber.com,22,8.83,15,6,UK,1,0.9679
3063,@accenture.com,25,16.07,3,6,USA,0,0.0001
3066,@meta.com,24,26.49,18,3,GERMANY,1,0.9992
3071,@meta.com,17,38.7,6,6,INDIA,0,0
3074,@accenture.com,4,12.84,3,7,USA,0,0
3075,@accenture.com,21,3.35,9,3,USA,0,0.0003
3076,@accenture.com,13,10.28,6,5,INDIA,0,0
3080,@meta.com,17,14.64,3,3,India,0,0
3084,@netflix.com,6,12.14,7,7,USA,0,0
3088,@uber.com,13,0.79,6,3,UK,0,0
3089,@accenture.com,13,1.83,3,3,UK,0,0
3091,@meta.com,8,25.03,4,6,USA,0,0
3092,@generic_corp.com,12,8.58,12,7,INDIA,0,0
3096,@meta.com,10,2.26,3,3,USA,0,0
3097,@microsoft.com,9,6.33,2,3,INDIA,0,0
3098,@microsoft.com,7,3.24,2,8,GERMANY,0,0
3099,@meta.com,3,15.59,4,5,USA,0,0
3101,@netflix.com,11,22.79,18,8,UK,0,0.0644
3104,@uber.com,3,36.26,2,5,UK,0,0
3105,@meta.com,17,6.08,15,2,USA,0,0.0061
3107,@accenture.com,13,1.6,9,5,UK,0,0
3108,@netflix.com,12,9.79,9,3,USA,0,0
3114,@netflix.com,4,5.22,2,3,USA,0,0
3115,@uber.com,4,9.07,3,7,GERMANY,0,0
3118,@microsoft.com,10,5.99,2,3,GERMANY,0,0
3120,@netflix.com,7,13.66,2,5,GLOBAL,0,0
3121,@accenture.com,18,8.29,12,4,GERMANY,0,0.0016
3123,@generic_corp.com,14,8.76,9,6,USA,0,0
3126,@uber.com,11,2.11,12,3,USA,0,0
3127,@microsoft.com,13,4.43,6,3,India,0,0
3129,@netflix.com,7,12.7,5,6,UK,0,0
3133,@microsoft.com,10,28.45,3,3,USA,0,0
3135,@uber.com,21,4.11,6,7,USA,0,0.0001
3136,@netflix.com,24,8.56,12,3,USA,0,0.2974
3138,@meta.com,4,0.74,1,4,India,0,0
3140,@accenture.com,10,10.73,2,6,GLOBAL,0,0
3141,@accenture.com,22,3.85,12,6,UK,0,0.3584
3143,@uber.com,10,34.79,0,4,India,0,0
3146,@accenture.com,8,3.21,2,7,GERMANY,0,0
3150,@accenture.com,12,11.23,12,7,USA,0,0
3153,@uber.com,8,4.89,2,4,USA,0,0
3154,@accenture.com,4,37.42,7,7,India,0,0
3160,@meta.com,5,16.79,6,5,USA,0,0
3161,@uber.com,13,32.63,6,5,USA,0,0
3162,@microsoft.com,11,2.61,9,5,INDIA,0,0
3164,@accenture.com,22,20.21,12,6,UK,0,0.3577
3166,@generic_corp.com,5,0,3,5,USA,0,0
3167,@microsoft.com,10,9.13,3,7,UK,0,0
3169,@uber.com,9,0,2,7,UK,0,0
3171,@uber.com,5,22.42,1,3,GLOBAL,0,0
3174,@accenture.com,29,60.45,3,6,UK,0,0.0059
3176,@accenture.com,2,23.66,2,4,GLOBAL,0,0
3178,@microsoft.com,11,19.33,15,5,USA,0,0.0001
3179,@uber.com,10,4.23,1,7,GLOBAL,0,0
3185,@uber.com,7,1.99,0,5,India,0,0
3186,@netflix.com,6,0,3,1,USA,0,0
3187,@accenture.com,4,65.66,4,4,India,0,0
3188,@meta.com,6,6.02,2,9,USA,0,0
3189,@meta.com,7,18.83,1,6,GLOBAL,0,0
3190,@uber.com,9,8.2,1,5,INDIA,0,0
3192,@netflix.com,11,47.81,3,3,USA,0,0
3193,@uber.com,2,2.3,0,4,USA,0,0
3194,@microsoft.com,15,1.17,3,10,GLOBAL,0,0
3198,@accenture.com,16,39.91,9,4,INDIA,0,0
3201,@generic_corp.com,8,3.69,2,7,USA,0,0
3205,@meta.com,11,2.55,0,3,GLOBAL,0,0
3206,@netflix.com,11,37.52,6,2,USA,0,0
3208,@accenture.com,23,11.29,9,10,India,0,0.422
3210,@netflix.com,14,21.87,21,4,UK,0,0.7852
3211,@meta.com,13,3.4,9,7,USA,0,0
3212,@accenture.com,14,42.8,9,6,UK,0,0
3214,@generic_corp.com,13,3.3,3,4,India,0,0
3215,@uber.com,12,0.19,12,5,USA,0,0
3217,@accenture.com,9,8.4,2,7,GERMANY,0,0
3219,@accenture.com,29,3.57,6,7,India,0,0.4169
3221,@uber.com,11,39.74,3,9,UK,0,0
3228,@microsoft.com,9,3.09,1,6,USA,0,0
3231,@meta.com,13,7.36,18,4,USA,0,0.023
3233,@netflix.com,5,21.88,0,5,USA,0,0
3234,@accenture.com,12,1.2,9,9,USA,0,0
3235,@uber.com,23,4.8,9,8,India,0,0.1288
3236,@microsoft.com,14,4.39,24,7,USA,1,0.9995
3237,@netflix.com,6,12.96,3,4,India,0,0
3241,@meta.com,13,8.6,15,1,USA,0,0
3243,@microsoft.com,7,34.28,2,8,UK,0,0
3245,@accenture.com,14,12.24,9,7,USA,0,0
3248,@accenture.com,16,15.34,12,4,INDIA,0,0.0002
3249,@microsoft.com,3,17.76,1,6,GERMANY,0,0
3252,@netflix.com,14,8.92,9,3,UK,0,0
3253,@uber.com,23,0.36,12,3,USA,0,0.128
3254,@accenture.com,9,7.21,2,5,USA,0,0
3255,@accenture.com,13,27.36,18,6,India,0,0.1039
3256,@microsoft.com,15,6.2,6,4,GERMANY,0,0
3261,@meta.com,3,0.55,3,6,UK,0,0
3262,@microsoft.com,16,35.23,12,2,USA,0,0
3263,@netflix.com,6,22.52,3,6,GERMANY,0,0
3265,@microsoft.com,5,74.83,3,5,USA,0,0
3266,@microsoft.com,2,19.58,3,5,USA,0,0
3267,@microsoft.com,7,22.49,3,4,UK,0,0
3268,@uber.com,13,11.26,9,5,GERMANY,0,0
3274,@uber.com,18,12.46,9,2,USA,0,0
3275,@generic_corp.com,9,16.3,4,4,UK,0,0
3276,@microsoft.com,2,5.2,5,9,USA,0,0
3277,@meta.com,10,21.44,2,9,UK,0,0
3279,@microsoft.com,16,9.92,9,8,UK,0,0.0001
3287,@generic_corp.com,3,21.81,3,3,GERMANY,0,0
3291,@microsoft.com,13,19.79,3,3,INDIA,0,0
3301,@accenture.com,24,33.66,9,7,UK,0,0.1604
3302,@microsoft.com,16,3.09,6,6,USA,0,0
3305,@netflix.com,5,32.27,5,3,USA,0,0
3308,@microsoft.com,17,0.38,9,2,UK,0,0
3312,@accenture.com,15,9.62,6,6,USA,0,0
3314,@uber.com,7,8.34,3,9,GERMANY,0,0
3321,@netflix.com,5,25.6,3,6,GERMANY,0,0
3322,@uber.com,9,20.5,5,7,UK,0,0
3323,@microsoft.com,2,7.69,4,2,USA,0,0
3325,@accenture.com,7,2.53,3,6,INDIA,0,0
3326,@generic_corp.com,2,3.41,2,2,UK,0,0
3327,@accenture.com,19,14.47,3,2,USA,0,0
3329,@microsoft.com,10,15.49,2,8,USA,0,0
3333,@microsoft.com,9,13.93,4,5,GLOBAL,0,0
3334,@uber.com,21,3.84,6,4,USA,0,0
3341,@meta.com,16,9.91,6,2,UK,0,0
3345,@netflix.com,5,12.59,5,6,UK,0,0
3346,@uber.com,6,11.7,0,3,GLOBAL,0,0
3347,@uber.com,6,53.41,4,8,USA,0,0
3349,@microsoft.com,4,2.35,6,5,USA,0,0
3351,@microsoft.com,3,12.89,3,4,USA,0,0
3352,@netflix.com,22,3.68,3,3,INDIA,0,0
3353,@microsoft.com,14,6.24,6,6,India,0,0
3354,@accenture.com,19,16.1,6,4,GLOBAL,0,0
3355,@uber.com,5,1.86,4,4,INDIA,0,0
3357,@netflix.com,20,11.4,9,6,GLOBAL,0,0.0012
3365,@microsoft.com,7,25.79,5,5,GLOBAL,0,0
3368,@microsoft.com,7,10.37,2,3,USA,0,0
3370,@uber.com,11,0.01,6,7,India,0,0
3371,@uber.com,13,6.56,6,8,GERMANY,0,0
3372,@accenture.com,13,0.27,6,8,UK,0,0
3373,@uber.com,11,0.62,3,6,USA,0,0
3375,@uber.com,14,31.81,6,3,GERMANY,0,0
3378,@meta.com,10,10.11,5,3,USA,0,0
3380,@meta.com,10,1.95,2,9,USA,0,0
3381,@accenture.com,5,36.04,2,6,INDIA,0,0
3382,@accenture.com,18,3.94,6,7,USA,0,0
3383,@netflix.com,6,42.86,2,2,USA,0,0
3386,@microsoft.com,3,53.56,4,6,India,0,0
3388,@microsoft.com,9,31.65,6,3,USA,0,0
3389,@uber.com,11,19.88,9,6,UK,0,0
3390,@uber.com,22,2.96,12,2,USA,0,0.0223
3395,@netflix.com,15,6.73,12,2,India,0,0
3399,@microsoft.com,8,0.71,3,8,GERMANY,0,0
3400,@microsoft.com,8,0.61,6,5,USA,0,0
3405,@uber.com,19,0,6,10,USA,0,0.0002
3406,@microsoft.com,16,14.14,3,1,UK,0,0
3411,@uber.com,8,2.84,3,3,GLOBAL,0,0
3416,@generic_corp.com,11,14.83,9,4,USA,0,0
3423,@meta.com,8,0.19,2,3,UK,0,0
3426,@netflix.com,10,9.51,1,11,INDIA,0,0
3428,@generic_corp.com,19,2.54,9,4,GLOBAL,0,0.0001
3430,@netflix.com,22,3.85,6,2,INDIA,0,0
3431,@microsoft.com,12,64.74,15,5,India,0,0.0003
3432,@accenture.com,13,5.98,3,7,USA,0,0
3435,@generic_corp.com,4,16.82,2,3,USA,0,0
3441,@microsoft.com,16,4.5,0,8,India,0,0
3443,@meta.com,7,48.28,5,5,INDIA,0,0
3444,@accenture.com,14,3.21,12,3,GLOBAL,0,0
3452,@generic_corp.com,10,11.85,4,4,UK,0,0
3453,@microsoft.com,17,4.79,6,10,UK,0,0
3455,@microsoft.com,18,0.12,12,6,USA,0,0.008
3458,@microsoft.com,5,39.37,4,6,India,0,0
3462,@netflix.com,21,24.32,18,5,INDIA,1,0.9961
3463,@microsoft.com,9,34.07,3,6,USA,0,0
3464,@microsoft.com,4,48.8,2,4,INDIA,0,0
3465,@microsoft.com,4,5.91,3,7,INDIA,0,0
3472,@generic_corp.com,2,14.19,4,7,UK,0,0
3473,@netflix.com,7,2.76,1,7,India,0,0
3474,@uber.com,6,18.64,2,10,UK,0,0
3476,@accenture.com,5,22.1,4,4,USA,0,0
3478,@meta.com,21,1.21,27,5,UK,1,1
3480,@meta.com,18,6.58,9,4,USA,0,0
3482,@accenture.com,5,6.03,2,4,UK,0,0
3483,@netflix.com,8,0,0,1,USA,0,0
3488,@accenture.com,8,21.84,2,6,GLOBAL,0,0
3489,@microsoft.com,19,19.29,15,4,UK,0,0.2015
3493,@meta.com,20,8.31,3,3,INDIA,0,0
3497,@microsoft.com,15,5.88,6,6,INDIA,0,0
3498,@accenture.com,6,4.45,2,3,USA,0,0
3501,@accenture.com,7,29.02,3,9,USA,0,0
3502,@meta.com,7,7.91,6,3,USA,0,0
3503,@microsoft.com,12,7.99,6,1,GLOBAL,0,0
3504,@generic_corp.com,10,60.21,3,3,USA,0,0
3507,@accenture.com,14,31.38,9,5,USA,0,0
3509,@accenture.com,8,3.85,3,5,INDIA,0,0
3510,@netflix.com,8,32.07,3,4,India,0,0
3512,@netflix.com,12,0.67,3,6,India,0,0
3515,@microsoft.com,4,7.58,0,4,USA,0,0
3516,@netflix.com,5,12.01,4,9,GERMANY,0,0
3519,@uber.com,6,1.7,2,6,INDIA,0,0
3520,@uber.com,9,1.49,0,10,USA,0,0
3521,@uber.com,14,40.67,15,7,India,0,0.0136
3525,@accenture.com,11,11.84,6,2,USA,0,0
3528,@generic_corp.com,13,3.31,12,6,INDIA,0,0
3531,@uber.com,13,11.86,9,4,GLOBAL,0,0
3532,@accenture.com,1,28.68,1,3,UK,0,0
3535,@meta.com,8,2.94,3,8,USA,0,0
3536,@accenture.com,22,27.26,18,9,GERMANY,1,0.9999
3537,@meta.com,5,53.21,3,3,INDIA,0,0
3539,@meta.com,13,10.5,9,8,USA,0,0
3540,@meta.com,6,10.73,4,6,UK,0,0
3541,@uber.com,16,35.83,12,7,India,0,0.0021
3542,@meta.com,11,19.19,6,4,UK,0,0
3543,@accenture.com,10,1.16,3,4,USA,0,0
3544,@microsoft.com,14,2.06,3,5,USA,0,0
3553,@accenture.com,9,0.2,2,9,GERMANY,0,0
3554,@netflix.com,4,35.78,1,4,India,0,0
3556,@generic_corp.com,7,1.5,1,2,USA,0,0
3561,@meta.com,4,11.72,5,5,USA,0,0
3562,@uber.com,10,6.48,6,3,India,0,0
3569,@accenture.com,10,1.86,6,6,GERMANY,0,0
3570,@netflix.com,2,14.13,6,5,UK,0,0
3572,@netflix.com,10,6.27,4,5,USA,0,0
3576,@microsoft.com,4,23.35,3,2,GLOBAL,0,0
3577,@generic_corp.com,20,1.94,6,4,India,0,0
3578,@microsoft.com,1,21.27,3,8,INDIA,0,0
3580,@microsoft.com,12,8.76,9,5,GLOBAL,0,0
3582,@netflix.com,8,2.64,0,7,USA,0,0
3585,@microsoft.com,7,7.01,2,3,INDIA,0,0
3586,@microsoft.com,17,0,0,9,USA,0,0
3588,@uber.com,13,34.91,0,2,UK,0,0
3590,@uber.com,13,18.22,18,3,GERMANY,0,0.0104
3591,@accenture.com,8,23.59,2,6,UK,0,0
3592,@accenture.com,21,35.82,6,2,GERMANY,0,0
3593,@microsoft.com,14,2,12,11,GLOBAL,0,0.0062
3596,@meta.com,21,22.43,9,5,UK,0,0.0016
3601,@microsoft.com,4,3.08,4,6,USA,0,0
3603,@meta.com,10,1.46,3,7,USA,0,0
3609,@uber.com,17,0.61,3,1,UK,0,0
3611,@accenture.com,22,8.87,6,5,UK,0,0.0001
3614,@meta.com,16,1.07,12,6,India,0,0.001
3619,@accenture.com,4,1.82,6,5,USA,0,0
3621,@meta.com,12,3.29,24,7,USA,1,0.9962
3622,@netflix.com,7,3.3,2,7,USA,0,0
3624,@netflix.com,9,12.16,4,3,India,0,0
3626,@generic_corp.com,6,10.42,2,3,USA,0,0
3628,@uber.com,10,17.02,6,8,UK,0,0
3631,@microsoft.com,9,14.63,2,4,GLOBAL,0,0
3632,@uber.com,1,9.86,1,5,USA,0,0
3635,@uber.com,15,14.09,3,7,INDIA,0,0
3636,@uber.com,16,43.94,9,4,India,0,0
3637,@generic_corp.com,7,4.89,3,5,USA,0,0
3638,@meta.com,19,1.57,9,3,UK,0,0
3639,@generic_corp.com,6,8.27,2,5,USA,0,0
3640,@uber.com,7,0.01,3,2,GERMANY,0,0
3643,@meta.com,24,40.1,18,15,USA,1,1
3644,@microsoft.com,11,30.6,0,2,UK,0,0
3647,@generic_corp.com,19,46.01,18,2,INDIA,0,0.7327
3655,@meta.com,2,25.63,1,8,USA,0,0
3657,@accenture.com,4,1.84,1,6,USA,0,0
3658,@accenture.com,9,9.22,6,10,INDIA,0,0
3660,@uber.com,12,0.14,6,4,INDIA,0,0
3662,@netflix.com,5,15.64,0,5,USA,0,0
3664,@uber.com,8,1.56,2,4,GLOBAL,0,0
3665,@microsoft.com,30,31.38,15,7,USA,1,1
3668,@uber.com,5,12.07,1,4,USA,0,0
3669,@meta.com,15,31.81,9,4,UK,0,0
3671,@microsoft.com,15,3.19,15,7,India,0,0.0385
3673,@uber.com,17,5.95,9,9,USA,0,0.0006
3675,@netflix.com,4,1.39,3,10,GLOBAL,0,0
3682,@accenture.com,6,5,2,2,GLOBAL,0,0
3692,@microsoft.com,9,37.52,3,2,GLOBAL,0,0
3695,@generic_corp.com,8,43.01,2,7,India,0,0
3697,@uber.com,10,33.8,4,8,GERMANY,0,0
3699,@meta.com,8,3.32,2,3,USA,0,0
3700,@meta.com,14,1.23,3,5,India,0,0
3702,@generic_corp.com,9,31.05,4,4,GLOBAL,0,0
3705,@meta.com,8,3.65,3,4,USA,0,0
3706,@accenture.com,6,4.82,3,6,UK,0,0
3711,@meta.com,5,25.18,5,7,UK,0,0
3717,@microsoft.com,8,11.26,3,5,INDIA,0,0
3718,@generic_corp.com,11,16.64,9,6,India,0,0
3719,@accenture.com,11,30.71,9,5,India,0,0
3721,@netflix.com,5,7.82,5,3,India,0,0
3722,@meta.com,1,0.57,2,2,INDIA,0,0
3723,@meta.com,21,1.77,6,5,UK,0,0
3731,@meta.com,20,11.99,21,9,India,1,1
3734,@generic_corp.com,12,24.25,15,3,GLOBAL,0,0.0001
3735,@netflix.com,5,2.06,1,6,USA,0,0
3736,@meta.com,15,2.62,3,4,USA,0,0
3739,@generic_corp.com,8,6.29,1,3,USA,0,0
3745,@microsoft.com,8,27.3,2,4,INDIA,0,0
3746,@meta.com,13,23.62,6,5,UK,0,0
3747,@microsoft.com,6,12.31,5,4,USA,0,0
3749,@accenture.com,11,29.17,6,5,INDIA,0,0
3750,@microsoft.com,23,6.4,0,2,UK,0,0
3752,@uber.com,10,4.46,3,7,UK,0,0
3755,@netflix.com,16,33.83,9,10,USA,0,0.0004
3758,@netflix.com,4,74.32,5,3,India,0,0
3759,@uber.com,10,10.46,3,1,GLOBAL,0,0
3763,@microsoft.com,21,1.15,9,4,USA,0,0.0007
3766,@generic_corp.com,15,1.97,0,3,UK,0,0
3770,@uber.com,11,18.57,9,2,India,0,0
3773,@accenture.com,4,12.86,1,6,USA,0,0
3782,@accenture.com,12,4.25,12,5,India,0,0
3784,@meta.com,4,8.2,4,7,GLOBAL,0,0
3785,@accenture.com,8,18.49,2,4,GERMANY,0,0
3787,@generic_corp.com,4,0,4,6,USA,0,0
3789,@generic_corp.com,6,39.73,5,6,India,0,0
3791,@uber.com,9,16.4,2,3,USA,0,0
3793,@microsoft.com,8,0,2,8,USA,0,0
3796,@microsoft.com,10,3.3,6,8,USA,0,0
3798,@microsoft.com,14,10.05,6,5,USA,0,0
3801,@meta.com,19,0,3,7,USA,0,0
3802,@netflix.com,13,3.43,12,1,GLOBAL,0,0
3803,@netflix.com,26,4.1,3,2,USA,0,0
3804,@generic_corp.com,14,0.89,6,8,USA,0,0
3806,@generic_corp.com,18,0.19,9,4,INDIA,0,0
3807,@meta.com,7,16.84,0,10,GERMANY,0,0
3810,@uber.com,3,21.58,4,2,USA,0,0
3812,@microsoft.com,10,18.46,7,4,GERMANY,0,0
3813,@uber.com,10,0.18,2,2,INDIA,0,0
3815,@microsoft.com,8,14.3,4,6,GLOBAL,0,0
3816,@meta.com,6,1.91,3,6,USA,0,0
3821,@netflix.com,7,7.57,7,5,INDIA,0,0
3823,@microsoft.com,13,34.54,9,3,India,0,0
3826,@accenture.com,5,10.41,0,2,INDIA,0,0
3827,@uber.com,7,29.66,6,5,UK,0,0
3832,@uber.com,16,9.48,9,6,USA,0,0
3836,@netflix.com,7,9.3,1,9,UK,0,0
3839,@meta.com,9,16.46,3,2,USA,0,0
3842,@meta.com,20,12.27,15,6,USA,0,0.783
3843,@netflix.com,3,53.47,4,4,INDIA,0,0
3844,@generic_corp.com,9,39.14,2,7,USA,0,0
3845,@microsoft.com,17,3.51,3,8,India,0,0
3847,@meta.com,19,14.73,3,6,USA,0,0
3849,@microsoft.com,11,12.43,6,6,INDIA,0,0
3851,@uber.com,15,1.48,12,5,India,0,0.0001
3854,@netflix.com,7,0,3,6,GERMANY,0,0
3861,@accenture.com,4,0,3,3,GLOBAL,0,0
3863,@generic_corp.com,6,3.9,4,8,GLOBAL,0,0
3864,@microsoft.com,12,0.55,9,4,GLOBAL,0,0
3866,@microsoft.com,20,14.86,9,3,USA,0,0.0001
3868,@meta.com,11,1.18,3,7,UK,0,0
3871,@netflix.com,13,14.99,0,7,UK,0,0
3872,@netflix.com,23,2.88,3,9,INDIA,0,0.0001
3873,@netflix.com,28,75.81,12,4,India,1,0.9848
3875,@meta.com,11,2.41,9,9,USA,0,0
3879,@microsoft.com,9,8.67,2,4,India,0,0
3882,@accenture.com,9,6.17,1,3,USA,0,0
3886,@netflix.com,6,24.42,1,8,GLOBAL,0,0
3889,@accenture.com,14,6.58,12,4,USA,0,0
3890,@accenture.com,7,8.93,0,4,USA,0,0
3892,@uber.com,6,3.72,4,5,USA,0,0
3893,@meta.com,19,18.15,15,3,UK,0,0.1019
3894,@uber.com,24,15.74,9,1,India,0,0.0016
3896,@accenture.com,13,6.08,6,3,UK,0,0
3902,@meta.com,6,11.8,4,4,USA,0,0
3907,@generic_corp.com,10,27.14,2,0,UK,0,0
3913,@uber.com,15,17.54,24,5,GLOBAL,1,0.9992
3914,@generic_corp.com,10,3.33,3,3,UK,0,0
3916,@uber.com,5,2.68,4,5,India,0,0
3917,@meta.com,11,7.45,0,6,INDIA,0,0
3918,@accenture.com,12,32.42,3,7,USA,0,0
3922,@uber.com,13,28.24,6,3,GLOBAL,0,0
3923,@accenture.com,13,2.73,9,2,USA,0,0
3926,@netflix.com,13,13.91,3,4,UK,0,0
3927,@accenture.com,15,0,9,1,USA,0,0
3929,@meta.com,30,15.27,18,4,INDIA,1,1
3931,@microsoft.com,10,23.38,2,3,USA,0,0
3932,@uber.com,25,33.97,9,7,UK,0,0.3555
3935,@uber.com,9,46.74,7,7,USA,0,0
3937,@meta.com,4,38.61,1,6,USA,0,0
3938,@microsoft.com,17,42.12,3,5,GERMANY,0,0
3939,@generic_corp.com,14,10.4,6,3,GLOBAL,0,0
3942,@microsoft.com,7,1.54,1,7,UK,0,0
3944,@uber.com,6,18.7,4,5,UK,0,0
3945,@meta.com,15,2.16,9,3,GERMANY,0,0
3950,@netflix.com,4,42.8,1,5,USA,0,0
3951,@accenture.com,6,1.17,2,5,UK,0,0
3952,@uber.com,10,18.58,2,5,UK,0,0
3953,@uber.com,5,7.1,6,3,GLOBAL,0,0
3955,@netflix.com,13,13.84,12,4,USA,0,0
3956,@uber.com,7,10.27,4,7,India,0,0
3957,@uber.com,16,0.06,9,7,GLOBAL,0,0
3958,@accenture.com,13,14.02,9,5,GERMANY,0,0
3960,@accenture.com,9,6.06,2,11,GLOBAL,0,0
3964,@generic_corp.com,5,30.46,3,3,India,0,0
3965,@accenture.com,4,3.86,1,3,USA,0,0
3966,@uber.com,9,14.51,0,3,USA,0,0
3967,@uber.com,16,29.59,12,5,India,0,0.0004
3968,@microsoft.com,21,1.98,9,6,UK,0,0.0036
3969,@netflix.com,8,4.04,1,0,GERMANY,0,0
3973,@meta.com,14,10.09,9,6,USA,0,0
3974,@meta.com,11,6.2,9,8,UK,0,0
3977,@accenture.com,16,37.28,12,5,GERMANY,0,0.0004
3979,@uber.com,13,5.34,15,8,India,0,0.0106
3980,@generic_corp.com,12,3.14,12,6,UK,0,0
3983,@uber.com,14,19.16,3,3,USA,0,0
3984,@accenture.com,13,31.27,12,4,USA,0,0
3986,@generic_corp.com,5,10.06,2,4,GERMANY,0,0
3989,@uber.com,14,15.69,6,10,UK,0,0
3990,@accenture.com,22,23.22,12,2,USA,0,0.0223
3992,@accenture.com,13,38.56,12,1,UK,0,0
3993,@microsoft.com,7,25.47,4,5,INDIA,0,0
3996,@accenture.com,4,9.45,1,4,USA,0,0
4000,@accenture.com,16,19.03,6,2,USA,0,0
4001,@uber.com,6,2.28,4,6,India,0,0
4002,@meta.com,10,5.87,6,4,USA,0,0
4004,@microsoft.com,14,0.05,21,7,India,1,0.9758
4005,@microsoft.com,5,28.19,3,9,USA,0,0
4006,@accenture.com,17,6.92,3,5,USA,0,0
4007,@netflix.com,11,19.28,3,5,USA,0,0
4009,@uber.com,7,11.91,4,3,GLOBAL,0,0
4015,@microsoft.com,27,2.62,3,1,GERMANY,0,0
4017,@meta.com,20,16.91,3,10,USA,0,0
4020,@meta.com,18,7.03,9,3,UK,0,0
4023,@uber.com,4,19.33,4,4,UK,0,0
4027,@netflix.com,7,14.02,3,4,USA,0,0
4028,@microsoft.com,8,14.61,1,9,INDIA,0,0
4029,@uber.com,12,3,9,5,UK,0,0
4030,@microsoft.com,10,0,2,8,GLOBAL,0,0
4033,@meta.com,3,8.57,2,7,GLOBAL,0,0
4042,@generic_corp.com,17,15.52,6,2,UK,0,0
4045,@meta.com,7,2.94,2,4,India,0,0
4046,@uber.com,8,14.56,1,10,USA,0,0
4055,@uber.com,11,13.6,9,6,INDIA,0,0
4056,@generic_corp.com,19,7.62,12,5,UK,0,0.0103
4057,@microsoft.com,5,14.54,3,5,USA,0,0
4060,@generic_corp.com,6,4.56,1,3,USA,0,0
4063,@microsoft.com,11,13.82,12,4,GERMANY,0,0
4064,@microsoft.com,2,59.28,3,5,GERMANY,0,0
4065,@microsoft.com,13,8.18,15,6,UK,0,0.0022
4068,@generic_corp.com,20,10.79,3,4,USA,0,0
4070,@uber.com,20,61.82,9,4,GERMANY,0,0.0002
4071,@uber.com,17,1.6,18,4,India,0,0.6209
4072,@microsoft.com,12,25.43,3,5,India,0,0
4075,@microsoft.com,6,28.82,2,10,USA,0,0
4076,@accenture.com,6,0.12,0,8,USA,0,0
4077,@netflix.com,20,4.06,3,6,USA,0,0
4080,@netflix.com,8,0.41,1,5,UK,0,0
4081,@meta.com,11,14.76,3,3,UK,0,0
4082,@netflix.com,12,12.26,6,5,USA,0,0
4084,@microsoft.com,16,9.29,9,4,UK,0,0
4085,@uber.com,15,69.22,18,7,GERMANY,0,0.6809
4086,@uber.com,5,2.75,9,5,INDIA,0,0
4089,@microsoft.com,10,16.35,2,7,UK,0,0
4092,@generic_corp.com,21,15.78,3,8,India,0,0
4094,@accenture.com,17,55.94,9,7,INDIA,0,0.0001
4096,@uber.com,19,8.32,9,9,USA,0,0.0047
4097,@generic_corp.com,4,6.44,5,2,GERMANY,0,0
4102,@meta.com,12,31.28,3,8,USA,0,0
4103,@netflix.com,14,4.98,3,7,India,0,0
4107,@uber.com,22,4.41,9,4,GLOBAL,0,0.0021
4109,@microsoft.com,10,10.72,1,5,UK,0,0
4110,@microsoft.com,1,14.18,3,9,UK,0,0
4111,@microsoft.com,9,49.09,5,9,USA,0,0
4113,@uber.com,10,0,7,12,USA,0,0
4116,@accenture.com,11,0.84,9,2,UK,0,0
4117,@meta.com,4,36.52,1,6,UK,0,0
4125,@meta.com,17,1.41,6,4,USA,0,0
4126,@microsoft.com,15,3.81,3,3,USA,0,0
4127,@uber.com,16,13.71,3,2,UK,0,0
4129,@generic_corp.com,3,38.39,0,5,India,0,0
4130,@accenture.com,15,15.8,12,4,USA,0,0.0001
4131,@accenture.com,27,20.3,6,6,UK,0,0.037
4132,@accenture.com,8,18.67,6,5,GERMANY,0,0
4133,@netflix.com,20,17.42,12,6,UK,0,0.0626
4136,@microsoft.com,7,3.75,3,2,GERMANY,0,0
4137,@meta.com,5,6.41,0,4,GLOBAL,0,0
4138,@meta.com,4,0.75,5,6,USA,0,0
4142,@netflix.com,33,4.43,3,5,GLOBAL,0,0.1571
4143,@microsoft.com,7,73.61,2,6,UK,0,0
4147,@netflix.com,8,0.62,2,7,UK,0,0
4148,@uber.com,8,16.6,4,6,USA,0,0
4149,@meta.com,5,22.71,2,11,GLOBAL,0,0
4151,@microsoft.com,12,0.04,9,3,UK,0,0
4153,@uber.com,10,16.51,5,8,USA,0,0
4156,@microsoft.com,23,17.5,12,5,UK,0,0.4199
4157,@netflix.com,12,25.23,21,7,India,0,0.8281
4159,@accenture.com,17,4.22,0,6,UK,0,0
4167,@netflix.com,13,15.82,9,8,GERMANY,0,0
4169,@meta.com,8,4.94,5,5,GERMANY,0,0
4171,@uber.com,5,44.09,4,7,USA,0,0
4177,@uber.com,9,9.46,3,3,USA,0,0
4178,@netflix.com,17,27.57,12,5,INDIA,0,0.0012
4179,@accenture.com,12,4,6,5,USA,0,0
4180,@uber.com,11,0.73,3,6,GERMANY,0,0
4189,@accenture.com,25,38.42,9,9,GLOBAL,0,0.7316
4190,@meta.com,15,78.19,15,6,USA,0,0.0174
4192,@netflix.com,7,46.69,2,2,India,0,0
4193,@generic_corp.com,20,9.06,12,2,INDIA,0,0.0027
4197,@netflix.com,14,22.9,0,4,GERMANY,0,0
4198,@accenture.com,17,1.99,12,8,UK,0,0.0136
4201,@microsoft.com,5,2.1,1,10,USA,0,0
4204,@accenture.com,6,16.58,3,3,INDIA,0,0
4205,@uber.com,9,35.85,3,5,USA,0,0
4206,@accenture.com,11,31.18,18,5,GLOBAL,0,0.0062
4207,@accenture.com,9,0,6,4,UK,0,0
4208,@meta.com,6,13.41,3,3,UK,0,0
4210,@microsoft.com,21,0.83,15,4,INDIA,0,0.6787
4212,@uber.com,11,12.75,15,4,India,0,0.0001
4214,@uber.com,6,6.69,6,2,UK,0,0
4219,@uber.com,21,6.55,9,7,INDIA,0,0.0079
4220,@meta.com,8,6.02,3,4,GLOBAL,0,0
4226,@netflix.com,19,23.7,9,4,GLOBAL,0,0.0001
4232,@microsoft.com,12,5.27,6,4,USA,0,0
4238,@generic_corp.com,0,96.32,4,4,India,0,0
4239,@microsoft.com,11,23.35,12,7,USA,0,0
4240,@microsoft.com,4,35.05,3,6,GLOBAL,0,0
4244,@uber.com,7,5.64,2,3,UK,0,0
4245,@uber.com,6,0.94,7,5,GLOBAL,0,0
4249,@accenture.com,15,41.06,9,7,GERMANY,0,0
4250,@microsoft.com,8,16.08,1,4,USA,0,0
4253,@microsoft.com,5,12.61,1,8,GERMANY,0,0
4257,@uber.com,9,14.67,4,6,USA,0,0
4260,@netflix.com,4,21.72,5,10,GLOBAL,0,0
4265,@meta.com,9,11.21,1,11,UK,0,0
4268,@microsoft.com,10,64.83,4,6,GERMANY,0,0
4269,@microsoft.com,22,29.43,6,4,India,0,0
4270,@uber.com,9,8.75,2,6,UK,0,0
4273,@uber.com,12,1.44,21,3,USA,0,0.1652
4275,@accenture.com,20,59.44,3,5,GLOBAL,0,0
4276,@accenture.com,8,38.45,3,9,GERMANY,0,0
4277,@accenture.com,10,16.28,1,8,INDIA,0,0
4280,@meta.com,18,5.66,6,7,UK,0,0
4283,@accenture.com,19,24.4,12,7,UK,0,0.0489
4284,@netflix.com,8,30.32,0,6,GLOBAL,0,0
4288,@accenture.com,8,48.02,3,6,INDIA,0,0
4289,@netflix.com,2,25.02,4,3,India,0,0
4292,@accenture.com,7,58.47,3,1,INDIA,0,0
4295,@generic_corp.com,15,15.03,12,4,GLOBAL,0,0.0001
4297,@microsoft.com,5,12.21,2,3,UK,0,0
4300,@accenture.com,3,6.74,4,5,GLOBAL,0,0
4303,@microsoft.com,6,8.22,6,2,UK,0,0
4311,@uber.com,12,39.91,12,6,UK,0,0
4312,@uber.com,6,7.86,1,5,UK,0,0
4313,@uber.com,7,0,0,6,USA,0,0
4316,@uber.com,7,17.71,5,6,India,0,0
4319,@accenture.com,29,28.63,12,4,INDIA,1,0.9947
4320,@meta.com,13,21.52,9,1,UK,0,0
4323,@meta.com,6,10.55,1,6,INDIA,0,0
4324,@microsoft.com,9,19.71,3,4,India,0,0
4325,@meta.com,6,2.47,5,5,India,0,0
4326,@meta.com,6,11.25,4,4,INDIA,0,0
4327,@accenture.com,6,1.14,3,3,UK,0,0
4330,@uber.com,11,5.55,15,5,USA,0,0.0001
4331,@microsoft.com,14,6.04,9,7,GLOBAL,0,0
4332,@meta.com,18,22.05,3,6,GERMANY,0,0
4335,@netflix.com,13,11.43,9,4,USA,0,0
4336,@meta.com,19,24.46,6,1,UK,0,0
4337,@netflix.com,19,5.82,0,5,GLOBAL,0,0
4338,@meta.com,6,78.48,1,9,INDIA,0,0
4339,@microsoft.com,12,5.26,12,4,USA,0,0
4340,@uber.com,11,13,3,4,GLOBAL,0,0
4341,@netflix.com,19,15,6,5,USA,0,0
4342,@microsoft.com,12,11.59,12,5,INDIA,0,0
4343,@microsoft.com,18,29.37,6,6,INDIA,0,0
4346,@uber.com,13,10.59,9,6,India,0,0
4353,@netflix.com,5,8.91,2,3,GLOBAL,0,0
4357,@uber.com,20,4.04,15,4,GERMANY,0,0.4223
4359,@accenture.com,6,9.98,1,6,UK,0,0
4360,@uber.com,2,5.58,2,7,USA,0,0
4361,@meta.com,1,28.4,4,7,USA,0,0
4363,@uber.com,7,4.51,3,5,USA,0,0
4365,@netflix.com,4,0.41,2,3,India,0,0
4366,@microsoft.com,13,3.73,6,6,UK,0,0
4370,@uber.com,17,3.59,9,6,GERMANY,0,0.0001
4372,@microsoft.com,17,11.15,15,12,UK,1,0.9477
4374,@uber.com,18,4.85,12,1,UK,0,0.0001
4375,@accenture.com,9,11.44,3,5,India,0,0
4376,@meta.com,10,1.12,3,6,UK,0,0
4377,@meta.com,2,17.69,6,8,UK,0,0
4380,@uber.com,7,6.27,8,11,INDIA,0,0
4386,@accenture.com,14,0.11,0,5,UK,0,0
4388,@microsoft.com,12,26.23,15,5,GLOBAL,0,0.0003
4390,@uber.com,12,18.33,12,4,UK,0,0
4392,@netflix.com,7,21.64,2,2,UK,0,0
4393,@netflix.com,15,22.97,6,5,INDIA,0,0
4395,@netflix.com,11,10.31,15,5,INDIA,0,0.0001
4397,@accenture.com,26,45.28,3,1,UK,0,0
4398,@accenture.com,21,62.52,6,1,GERMANY,0,0
4400,@microsoft.com,6,2.28,1,3,UK,0,0
4405,@meta.com,9,29.64,1,6,India,0,0
4406,@accenture.com,9,21.63,2,5,INDIA,0,0
4407,@accenture.com,26,6.28,9,5,UK,0,0.2445
4415,@meta.com,6,4.79,0,3,GLOBAL,0,0
4416,@microsoft.com,21,16.18,6,6,UK,0,0.0001
4418,@uber.com,8,12.02,4,5,USA,0,0
4421,@meta.com,13,3.28,9,3,UK,0,0
4422,@microsoft.com,13,2.6,9,0,INDIA,0,0
4423,@meta.com,10,8.78,2,3,UK,0,0
4425,@accenture.com,14,27.4,15,3,UK,0,0.0006
4426,@microsoft.com,12,3.68,6,6,GLOBAL,0,0
4427,@microsoft.com,11,21.11,12,5,UK,0,0
4428,@microsoft.com,10,17.77,4,4,UK,0,0
4429,@accenture.com,17,15.1,6,7,India,0,0
4430,@microsoft.com,14,6.22,12,4,UK,0,0
4431,@microsoft.com,17,5.74,9,5,UK,0,0
4433,@meta.com,10,4.81,2,4,India,0,0
4435,@uber.com,26,50.37,15,3,USA,1,0.9947
4438,@microsoft.com,6,17.41,6,4,India,0,0
4439,@netflix.com,9,11.5,3,9,USA,0,0
4440,@netflix.com,15,9.25,6,2,GLOBAL,0,0
4446,@microsoft.com,3,4.73,0,3,India,0,0
4447,@accenture.com,13,13.65,9,5,GLOBAL,0,0
4448,@uber.com,8,29.95,1,7,USA,0,0
4449,@microsoft.com,3,57.95,3,8,GERMANY,0,0
4452,@uber.com,19,27.54,9,2,GERMANY,0,0
4453,@uber.com,9,3.13,2,1,UK,0,0
4455,@netflix.com,3,0.99,2,6,USA,0,0
4458,@uber.com,2,0.98,2,5,GERMANY,0,0
4459,@uber.com,14,28.3,0,1,UK,0,0
4460,@microsoft.com,11,1.97,3,5,INDIA,0,0
4463,@microsoft.com,3,2,4,3,USA,0,0
4464,@microsoft.com,9,16.81,1,8,USA,0,0
4466,@uber.com,17,4.28,12,3,UK,0,0.0003
4468,@uber.com,11,1.69,9,2,USA,0,0
4469,@accenture.com,26,0,12,3,GERMANY,0,0.7796
4472,@meta.com,28,28.57,3,3,GLOBAL,0,0.0002
4473,@microsoft.com,4,5.41,2,5,India,0,0
4474,@uber.com,9,18.12,2,2,GLOBAL,0,0
4475,@accenture.com,8,22.72,5,10,USA,0,0
4476,@accenture.com,17,34.75,12,4,India,0,0.0006
4477,@generic_corp.com,7,4.6,2,8,GLOBAL,0,0
4482,@microsoft.com,24,21.78,6,3,INDIA,0,0.0001
4484,@netflix.com,5,0.75,4,9,INDIA,0,0
4485,@microsoft.com,8,7.02,3,5,UK,0,0
4486,@microsoft.com,6,3.4,1,6,UK,0,0
4492,@microsoft.com,7,38.11,0,6,GLOBAL,0,0
4493,@netflix.com,15,32.95,12,6,UK,0,0.0003
4494,@netflix.com,11,13.9,21,3,GLOBAL,0,0.064
4495,@uber.com,6,6.64,3,3,UK,0,0
4497,@accenture.com,4,16.35,3,4,GERMANY,0,0
4498,@netflix.com,5,12.47,4,7,India,0,0
4500,@meta.com,4,2.17,5,10,USA,0,0
4502,@accenture.com,4,54.13,5,6,UK,0,0
4505,@netflix.com,6,23.83,3,1,GERMANY,0,0
4506,@microsoft.com,11,42.46,0,8,USA,0,0
4507,@generic_corp.com,13,37.42,9,4,USA,0,0
4509,@accenture.com,4,4.52,1,3,UK,0,0
4513,@generic_corp.com,7,6.76,2,6,USA,0,0
4514,@accenture.com,18,6.32,9,7,INDIA,0,0.0003
4515,@accenture.com,18,6.44,9,4,UK,0,0
4516,@netflix.com,5,0.96,1,6,INDIA,0,0
4527,@generic_corp.com,3,2.65,2,5,UK,0,0
4528,@meta.com,12,1.1,6,5,GLOBAL,0,0
4529,@generic_corp.com,17,15.33,6,3,GLOBAL,0,0
4532,@meta.com,4,37.26,2,6,USA,0,0
4539,@uber.com,12,28.5,21,3,USA,0,0.1645
4542,@accenture.com,6,3.24,2,3,USA,0,0
4545,@accenture.com,13,1.86,9,6,USA,0,0
4550,@microsoft.com,9,13.59,1,3,USA,0,0
4551,@accenture.com,10,3.78,4,6,India,0,0
4553,@microsoft.com,17,28.43,9,5,USA,0,0
4556,@microsoft.com,15,22.4,12,6,GLOBAL,0,0.0003
4562,@accenture.com,13,16.35,24,6,GERMANY,1,0.9971
4566,@uber.com,8,15.13,3,4,GERMANY,0,0
4567,@microsoft.com,14,14.59,9,3,USA,0,0
4568,@uber.com,21,3.86,9,5,USA,0,0.0016
4569,@meta.com,10,16.53,2,4,USA,0,0
4570,@accenture.com,8,2.12,3,7,USA,0,0
4573,@accenture.com,18,26.3,18,4,India,0,0.8249
4575,@netflix.com,12,2.83,12,5,India,0,0
4579,@meta.com,8,2.51,6,2,UK,0,0
4582,@accenture.com,6,0,0,5,GERMANY,0,0
4584,@accenture.com,10,13.09,7,6,INDIA,0,0
4588,@meta.com,13,2.06,12,3,UK,0,0
4591,@generic_corp.com,0,0.08,2,5,UK,0,0
4593,@microsoft.com,9,2.6,2,7,GERMANY,0,0
4594,@microsoft.com,6,0.34,4,6,INDIA,0,0
4596,@microsoft.com,9,13.86,5,2,GERMANY,0,0
4598,@microsoft.com,11,14.44,15,2,UK,0,0
4600,@uber.com,22,9.77,9,5,GERMANY,0,0.0046
4602,@microsoft.com,6,1.31,3,2,USA,0,0
4607,@accenture.com,4,29.84,3,4,UK,0,0
4609,@netflix.com,11,23.49,9,3,India,0,0
4610,@generic_corp.com,16,12.66,3,4,GLOBAL,0,0
4611,@microsoft.com,8,30.51,6,7,India,0,0
4614,@meta.com,12,26.31,3,6,USA,0,0
4617,@microsoft.com,3,3.48,2,3,UK,0,0
4618,@accenture.com,7,3.24,1,2,India,0,0
4619,@meta.com,9,25.02,2,7,GLOBAL,0,0
4621,@uber.com,8,0,2,5,UK,0,0
4624,@accenture.com,8,33.69,5,5,INDIA,0,0
4628,@accenture.com,14,23.47,15,6,USA,0,0.0062
4629,@meta.com,4,31.05,5,7,GERMANY,0,0
4630,@microsoft.com,8,2.38,5,8,UK,0,0
4631,@meta.com,15,14.84,12,3,India,0,0
4637,@netflix.com,7,30.15,4,4,INDIA,0,0
4642,@netflix.com,16,9.9,3,2,UK,0,0
4645,@meta.com,16,38.94,3,7,USA,0,0
4649,@microsoft.com,12,32.14,15,6,USA,0,0.0007
4651,@meta.com,14,9.94,3,7,UK,0,0
4653,@accenture.com,11,20.41,9,3,INDIA,0,0
4659,@microsoft.com,7,1.52,3,3,GERMANY,0,0
4660,@netflix.com,8,24.65,4,3,GLOBAL,0,0
4665,@microsoft.com,10,9.07,2,3,UK,0,0
4667,@accenture.com,14,5.24,12,7,USA,0,0.0003
4673,@uber.com,6,7.07,3,5,USA,0,0
4675,@microsoft.com,6,9.61,3,4,UK,0,0
4679,@accenture.com,14,31.95,9,3,INDIA,0,0
4681,@meta.com,13,4.37,3,8,UK,0,0
4683,@meta.com,12,8.79,12,3,USA,0,0
4685,@uber.com,6,97.52,4,7,UK,0,0
4686,@microsoft.com,11,0.42,0,5,India,0,0
4687,@netflix.com,19,18.53,9,5,USA,0,0.0002
4691,@accenture.com,25,8.61,3,3,GLOBAL,0,0
4693,@meta.com,29,0,6,2,USA,0,0.013
4697,@generic_corp.com,16,14.43,6,3,USA,0,0
4698,@uber.com,8,14.91,5,6,USA,0,0
4699,@netflix.com,9,31.23,4,7,UK,0,0
4701,@microsoft.com,14,32,15,6,INDIA,0,0.0062
4702,@uber.com,11,3.54,15,6,GERMANY,0,0.0003
4704,@accenture.com,11,0.51,15,8,USA,0,0.0013
4705,@netflix.com,12,24.41,12,1,India,0,0
4706,@netflix.com,6,22.53,1,6,USA,0,0
4707,@meta.com,7,11.62,2,4,UK,0,0
4710,@generic_corp.com,23,3.37,12,4,GERMANY,0,0.246
4712,@uber.com,32,5.43,12,2,India,1,0.9989
4713,@uber.com,18,12.93,6,2,INDIA,0,0
4714,@microsoft.com,16,23.16,3,6,USA,0,0
4722,@accenture.com,10,19.38,4,7,USA,0,0
4723,@netflix.com,11,22.89,6,5,GLOBAL,0,0
4726,@netflix.com,8,0.68,3,6,UK,0,0
4730,@microsoft.com,30,0,3,9,USA,0,0.1592
4732,@generic_corp.com,18,51.55,21,6,India,1,0.9992
4737,@uber.com,12,11.75,6,6,USA,0,0
4738,@meta.com,3,0.89,5,7,India,0,0
4739,@meta.com,12,5.53,6,1,UK,0,0
4740,@microsoft.com,12,20.96,24,4,UK,1,0.9595
4741,@netflix.com,19,5.91,3,6,UK,0,0
4742,@accenture.com,4,8.49,2,9,India,0,0
4743,@meta.com,3,35.32,0,3,GLOBAL,0,0
4747,@uber.com,12,4.18,15,5,INDIA,0,0.0003
4750,@netflix.com,13,2.96,12,7,USA,0,0.0001
4751,@netflix.com,13,4.44,12,3,USA,0,0
4752,@netflix.com,16,16.18,9,8,GLOBAL,0,0.0001
4754,@uber.com,9,6.25,2,6,GERMANY,0,0
4760,@accenture.com,11,12.57,9,3,UK,0,0
4762,@meta.com,10,17.42,1,5,India,0,0
4767,@microsoft.com,4,14.33,0,4,India,0,0
4772,@netflix.com,12,11.86,9,9,UK,0,0
4774,@meta.com,17,0.17,9,4,GERMANY,0,0
4775,@uber.com,15,16.04,9,6,GLOBAL,0,0
4776,@netflix.com,14,21.62,6,3,INDIA,0,0
4777,@accenture.com,7,1.86,4,1,USA,0,0
4778,@microsoft.com,11,0,0,5,UK,0,0
4779,@uber.com,22,28.45,9,2,INDIA,0,0.0004
4780,@netflix.com,8,17.43,1,5,GLOBAL,0,0
4784,@accenture.com,35,5.55,15,2,UK,1,1
4785,@accenture.com,6,0,0,3,UK,0,0
4787,@microsoft.com,11,0.91,3,9,GERMANY,0,0
4793,@microsoft.com,3,10.77,1,5,UK,0,0
4794,@meta.com,17,21.15,12,11,USA,0,0.131
4796,@uber.com,5,6.74,3,7,GLOBAL,0,0
4800,@microsoft.com,5,10.3,4,4,USA,0,0
4802,@netflix.com,11,0.11,3,1,USA,0,0
4803,@accenture.com,14,2.78,12,8,India,0,0.0006
4806,@generic_corp.com,5,0,1,3,USA,0,0
4811,@uber.com,19,22.23,3,7,USA,0,0
4814,@microsoft.com,12,20.08,12,5,USA,0,0
4816,@microsoft.com,17,0.63,15,8,USA,0,0.4261
4818,@accenture.com,4,3.57,2,9,UK,0,0
4819,@accenture.com,14,18.31,6,2,India,0,0
4823,@accenture.com,6,39.17,3,4,USA,0,0
4829,@accenture.com,2,7.83,3,5,UK,0,0
4832,@accenture.com,7,4.74,6,7,UK,0,0
4833,@accenture.com,19,11.5,9,3,USA,0,0
4837,@netflix.com,3,2.26,0,6,USA,0,0
4839,@netflix.com,3,0.1,4,3,USA,0,0
4840,@uber.com,4,4.55,2,8,India,0,0
4846,@uber.com,3,1.09,0,2,USA,0,0
4847,@generic_corp.com,14,0,15,6,USA,0,0.0062
4848,@microsoft.com,7,43.54,3,1,GLOBAL,0,0
4849,@uber.com,18,0,6,4,USA,0,0
4853,@microsoft.com,9,0,5,6,USA,0,0
4854,@netflix.com,17,17.74,12,5,INDIA,0,0.0012
4855,@uber.com,10,5.16,3,10,USA,0,0
4858,@microsoft.com,16,6.27,3,4,GLOBAL,0,0
4860,@accenture.com,18,7.82,0,5,GERMANY,0,0
4861,@accenture.com,9,41.07,2,6,India,0,0
4862,@microsoft.com,3,25.71,4,2,USA,0,0
4868,@uber.com,24,10.85,3,4,USA,0,0
4869,@uber.com,20,11.48,24,4,USA,1,1
4874,@accenture.com,10,7.44,1,4,USA,0,0
4878,@accenture.com,13,23.86,15,2,India,0,0.0001
4879,@microsoft.com,8,12.61,3,5,UK,0,0
4882,@meta.com,7,5,1,2,USA,0,0
4883,@generic_corp.com,12,6.79,12,6,USA,0,0
4885,@netflix.com,1,15.44,4,3,USA,0,0
4886,@netflix.com,8,26.13,6,5,UK,0,0
4887,@netflix.com,3,6.39,3,6,GERMANY,0,0
4888,@microsoft.com,5,5.58,2,6,INDIA,0,0
4889,@microsoft.com,21,13.21,12,6,GLOBAL,0,0.1619
4891,@meta.com,16,0.61,9,6,USA,0,0
4893,@uber.com,7,2.59,3,4,UK,0,0
4895,@meta.com,11,22.58,9,2,USA,0,0
4896,@accenture.com,7,11.75,5,5,UK,0,0
4898,@accenture.com,20,2.67,12,4,India,0,0.0134
4900,@accenture.com,10,0.93,3,5,USA,0,0
4903,@netflix.com,12,1.42,6,6,USA,0,0
4905,@accenture.com,16,6.05,15,4,UK,0,0.0104
4909,@microsoft.com,7,19.93,0,7,GERMANY,0,0
4914,@generic_corp.com,13,16.06,15,3,UK,0,0.0002
4915,@generic_corp.com,18,59.44,6,4,INDIA,0,0
4917,@uber.com,8,4.3,4,7,GERMANY,0,0
4919,@uber.com,12,6.83,12,6,USA,0,0
4920,@accenture.com,11,3.34,0,4,UK,0,0
4921,@netflix.com,6,14.85,4,6,GLOBAL,0,0
4923,@meta.com,19,22.21,12,9,USA,0,0.2027
4927,@microsoft.com,9,15.77,2,4,India,0,0
4928,@uber.com,14,23.31,12,5,UK,0,0.0001
4929,@uber.com,6,1.34,1,5,USA,0,0
4931,@netflix.com,16,3.7,15,8,UK,0,0.2044
4933,@microsoft.com,5,47.23,4,7,USA,0,0
4941,@meta.com,21,33.53,3,4,USA,0,0
4942,@netflix.com,11,0.76,3,8,UK,0,0
4947,@uber.com,24,25.3,9,6,GERMANY,0,0.0792
4948,@microsoft.com,17,0.57,15,2,India,0,0.0061
4952,@accenture.com,6,6.97,6,2,GERMANY,0,0
4953,@generic_corp.com,13,0.03,6,2,India,0,0
4956,@accenture.com,9,14.23,4,2,India,0,0
4957,@netflix.com,13,10.37,9,5,GLOBAL,0,0
4961,@microsoft.com,28,40.67,15,2,GERMANY,1,0.9986
4964,@microsoft.com,5,5.83,4,6,GERMANY,0,0
4966,@meta.com,15,7.75,12,7,India,0,0.0007
4969,@microsoft.com,13,12.12,12,5,INDIA,0,0
4971,@generic_corp.com,10,3.61,6,5,USA,0,0
4974,@uber.com,9,4.08,5,5,USA,0,0
4976,@netflix.com,13,4.93,6,6,USA,0,0
4981,@accenture.com,13,6.05,15,6,USA,0,0.0022
4982,@accenture.com,10,15.27,2,4,GERMANY,0,0
4985,@accenture.com,10,9.96,4,4,GERMANY,0,0
4986,@netflix.com,7,29.51,4,5,UK,0,0
4990,@accenture.com,14,14.15,18,6,USA,0,0.2512
4993,@meta.com,11,0,3,5,UK,0,0
5001,@microsoft.com,6,12.58,0,9,GERMANY,0,0
5002,@accenture.com,16,5.57,3,7,USA,0,0
5003,@meta.com,6,10.86,4,3,INDIA,0,0
5009,@uber.com,9,18.61,4,5,INDIA,0,0
5013,@uber.com,2,43.53,4,5,UK,0,0
5015,@microsoft.com,12,1.26,6,7,GERMANY,0,0
5017,@netflix.com,12,1.91,6,3,GERMANY,0,0
5018,@netflix.com,12,3.3,15,3,India,0,0.0001
5023,@uber.com,12,19.63,9,6,GLOBAL,0,0
5024,@accenture.com,13,16.95,9,5,UK,0,0
5025,@uber.com,14,47.01,6,1,UK,0,0
5026,@accenture.com,3,50.73,2,1,USA,0,0
5029,@meta.com,20,7.32,12,3,GERMANY,0,0.006
5031,@uber.com,5,1.65,5,8,GLOBAL,0,0
5037,@generic_corp.com,7,3.9,8,4,GLOBAL,0,0
5038,@meta.com,12,0,3,2,USA,0,0
5039,@uber.com,8,35.45,3,5,India,0,0
5040,@microsoft.com,19,6.25,3,2,GLOBAL,0,0
5041,@accenture.com,6,23.69,2,4,India,0,0
5044,@microsoft.com,21,5.49,12,3,USA,0,0.0173
5048,@microsoft.com,30,3.33,9,1,GERMANY,0,0.4795
5049,@accenture.com,13,17.34,9,1,INDIA,0,0
5051,@netflix.com,2,71.46,2,5,INDIA,0,0
5052,@uber.com,6,25.04,1,3,USA,0,0
5053,@accenture.com,14,27.04,3,4,INDIA,0,0
5054,@microsoft.com,10,19.45,2,6,UK,0,0
5055,@meta.com,12,6.48,3,8,GERMANY,0,0
5057,@accenture.com,19,9.4,6,2,India,0,0
5059,@netflix.com,14,3.24,12,5,India,0,0.0001
5063,@meta.com,5,13.95,2,5,GLOBAL,0,0
5065,@accenture.com,11,51.22,24,2,USA,0,0.6223
5068,@generic_corp.com,17,7.14,21,7,GLOBAL,1,0.999
5069,@uber.com,3,10.88,3,7,India,0,0
5070,@accenture.com,13,11.82,9,4,UK,0,0
5072,@uber.com,11,4.3,9,10,USA,0,0
5073,@microsoft.com,9,5.34,3,6,GERMANY,0,0
5074,@microsoft.com,6,49.6,1,3,GLOBAL,0,0
5075,@uber.com,6,6.68,3,7,INDIA,0,0
5076,@microsoft.com,17,7.03,3,8,UK,0,0
5079,@meta.com,19,15.46,15,8,USA,0,0.8607
5081,@uber.com,9,1,4,3,UK,0,0
5083,@microsoft.com,8,9.42,4,5,USA,0,0
5084,@meta.com,2,27.07,3,6,USA,0,0
5088,@microsoft.com,5,10.75,5,1,India,0,0
5089,@accenture.com,3,14.6,10,6,GERMANY,0,0
5091,@meta.com,8,20.27,2,2,India,0,0
5094,@netflix.com,14,6.85,6,7,UK,0,0
5101,@microsoft.com,8,3.71,3,8,GLOBAL,0,0
5106,@uber.com,4,22.87,1,3,USA,0,0
5107,@generic_corp.com,5,26.6,2,7,UK,0,0
5109,@netflix.com,4,14.12,3,9,GERMANY,0,0
5110,@microsoft.com,5,7.5,4,7,USA,0,0
5111,@microsoft.com,7,1.41,3,6,India,0,0
5115,@microsoft.com,19,7.81,6,6,INDIA,0,0
5117,@netflix.com,19,10.96,6,8,USA,0,0
5120,@uber.com,16,0.95,9,8,UK,0,0.0001
5123,@uber.com,3,34.71,4,4,GERMANY,0,0
5124,@netflix.com,13,13.23,9,5,USA,0,0
5125,@meta.com,5,29.75,4,1,INDIA,0,0
5126,@uber.com,9,124.67,2,2,USA,0,0
5127,@uber.com,10,2.95,0,8,GERMANY,0,0
5128,@netflix.com,16,16.16,3,13,GLOBAL,0,0
5133,@uber.com,4,19.62,1,8,INDIA,0,0
5134,@microsoft.com,9,6.58,7,9,INDIA,0,0
5135,@microsoft.com,13,4.43,3,4,INDIA,0,0
5137,@uber.com,15,0.52,9,10,GERMANY,0,0.0002
5139,@uber.com,14,48.49,9,3,USA,0,0
5140,@microsoft.com,9,14.74,3,2,USA,0,0
5144,@accenture.com,17,0,3,6,UK,0,0
5145,@netflix.com,21,22.58,9,6,USA,0,0.0036
5146,@microsoft.com,4,25.05,0,6,USA,0,0
5149,@uber.com,24,29.49,12,4,USA,0,0.484
5150,@meta.com,7,14.69,3,2,UK,0,0
5153,@uber.com,14,50.94,12,8,USA,0,0.0006
5158,@accenture.com,9,28.24,0,4,USA,0,0
5159,@generic_corp.com,8,5.38,4,6,GLOBAL,0,0
5160,@microsoft.com,13,0.29,3,5,USA,0,0
5165,@microsoft.com,8,0.59,5,7,USA,0,0
5175,@accenture.com,16,0,27,0,India,1,0.9997
5177,@microsoft.com,12,49.21,12,5,GLOBAL,0,0
5178,@accenture.com,13,12.18,15,5,UK,0,0.001
5182,@uber.com,7,0.19,2,3,India,0,0
5183,@uber.com,10,13.83,1,6,UK,0,0
5186,@microsoft.com,4,4.4,4,4,UK,0,0
5188,@microsoft.com,6,21.52,5,8,USA,0,0
5189,@uber.com,10,2.82,4,6,UK,0,0
5190,@uber.com,18,1.02,18,8,USA,1,0.9914
5191,@meta.com,8,10.19,5,5,UK,0,0
5192,@accenture.com,1,0,4,4,GERMANY,0,0
5194,@meta.com,4,24.16,5,6,USA,0,0
5195,@microsoft.com,8,10.42,2,4,USA,0,0
5200,@microsoft.com,12,1.5,12,4,UK,0,0
5201,@accenture.com,13,3.37,9,5,USA,0,0
5204,@generic_corp.com,4,0.07,2,5,GLOBAL,0,0
5207,@microsoft.com,5,59.33,0,6,INDIA,0,0
5212,@microsoft.com,11,7.76,9,2,GLOBAL,0,0
5215,@microsoft.com,9,5.63,3,3,UK,0,0
5216,@accenture.com,11,21.18,9,6,GLOBAL,0,0
5219,@uber.com,7,7.83,1,3,India,0,0
5222,@microsoft.com,12,17.43,9,2,INDIA,0,0
5223,@netflix.com,11,6.89,0,5,USA,0,0
5224,@accenture.com,10,4.06,3,4,USA,0,0
5225,@microsoft.com,13,17.76,21,5,USA,0,0.7381
5226,@meta.com,5,8.21,2,4,UK,0,0
5228,@microsoft.com,21,11.94,6,10,USA,0,0.0016
5231,@uber.com,13,0,3,7,GLOBAL,0,0
5232,@microsoft.com,19,15.52,9,7,UK,0,0.001
5234,@netflix.com,9,0.26,3,8,GERMANY,0,0
5238,@meta.com,8,12.87,5,5,UK,0,0
5239,@uber.com,15,2.03,15,10,India,0,0.3056
5241,@uber.com,14,31.75,0,2,India,0,0
5243,@meta.com,3,8.54,5,5,India,0,0
5246,@netflix.com,10,21.44,2,6,USA,0,0
5249,@microsoft.com,8,20.87,4,4,USA,0,0
5250,@generic_corp.com,13,6.01,9,5,USA,0,0
5256,@uber.com,9,10.07,2,9,USA,0,0
5262,@netflix.com,10,0,2,6,India,0,0
5265,@uber.com,16,8.85,6,6,GERMANY,0,0
5267,@microsoft.com,10,21.52,3,8,USA,0,0
5269,@accenture.com,14,69.34,6,5,USA,0,0
5270,@netflix.com,9,0.17,1,8,India,0,0
5271,@microsoft.com,6,17.69,1,5,UK,0,0
5272,@generic_corp.com,8,1.91,3,6,India,0,0
5275,@microsoft.com,14,6.46,6,4,USA,0,0
5276,@microsoft.com,10,57.99,3,6,UK,0,0
5282,@meta.com,14,28.63,9,3,GERMANY,0,0
5285,@microsoft.com,2,3.73,4,5,USA,0,0
5286,@microsoft.com,9,0.35,8,1,USA,0,0
5287,@accenture.com,17,1.13,18,8,USA,1,0.9756
5288,@microsoft.com,12,11.46,12,6,USA,0,0
5290,@accenture.com,9,9.79,0,5,USA,0,0
5293,@microsoft.com,10,4.05,6,7,USA,0,0
5294,@netflix.com,18,13.1,6,7,UK,0,0
5300,@microsoft.com,11,6.2,9,6,India,0,0
5302,@netflix.com,16,37.78,18,5,GLOBAL,0,0.5562
5303,@meta.com,14,18.08,6,8,UK,0,0
5304,@microsoft.com,12,6.58,6,8,GLOBAL,0,0
5305,@accenture.com,8,0,3,5,USA,0,0
5308,@microsoft.com,17,23.49,6,4,USA,0,0
5309,@accenture.com,6,22.15,5,5,USA,0,0
5310,@meta.com,15,0.19,9,3,GERMANY,0,0
5312,@netflix.com,33,6.78,6,3,GLOBAL,0,0.6702
5314,@accenture.com,5,3.91,1,5,USA,0,0
5315,@generic_corp.com,17,5.85,6,6,USA,0,0
5317,@uber.com,8,13.36,2,6,USA,0,0
5321,@microsoft.com,25,21.91,12,5,USA,0,0.8578
5322,@netflix.com,11,26.82,15,4,USA,0,0.0001
5323,@uber.com,10,11.08,4,6,UK,0,0
5325,@accenture.com,19,42.99,12,5,GLOBAL,0,0.0102
5326,@generic_corp.com,10,49.15,1,9,USA,0,0
5330,@accenture.com,15,0.04,15,4,USA,0,0.0036
5334,@microsoft.com,6,7.13,4,4,GLOBAL,0,0
5337,@microsoft.com,7,25.87,5,4,USA,0,0
5338,@netflix.com,16,6.14,6,5,USA,0,0
5343,@accenture.com,6,2.02,2,7,USA,0,0
5344,@accenture.com,9,34.62,2,3,USA,0,0
5345,@microsoft.com,20,4.52,15,1,USA,0,0.0623
5347,@meta.com,12,22.29,21,6,GLOBAL,0,0.6843
5348,@microsoft.com,29,21.63,9,2,INDIA,0,0.4142
5349,@accenture.com,5,34.01,2,3,USA,0,0
5350,@microsoft.com,15,0.51,12,6,GERMANY,0,0.0003
5351,@meta.com,13,31.13,3,2,GLOBAL,0,0
5352,@microsoft.com,7,23.57,1,3,GERMANY,0,0
5354,@generic_corp.com,6,2.61,0,10,India,0,0
5356,@microsoft.com,12,3.23,15,1,GLOBAL,0,0
5358,@microsoft.com,7,18.51,1,3,GERMANY,0,0
5359,@microsoft.com,24,13.6,15,6,USA,1,0.996
5362,@microsoft.com,12,0.93,9,3,USA,0,0
5363,@meta.com,13,4.5,12,4,USA,0,0
5366,@uber.com,4,39.35,2,7,USA,0,0
5378,@accenture.com,7,14.22,4,3,India,0,0
5383,@microsoft.com,21,17.63,3,5,India,0,0
5384,@microsoft.com,9,8.24,3,8,INDIA,0,0
5385,@accenture.com,16,11.98,12,8,USA,0,0.0047
5386,@microsoft.com,8,22.11,2,5,India,0,0
5387,@generic_corp.com,11,4.65,15,10,UK,0,0.0063
5393,@microsoft.com,7,20.93,3,4,INDIA,0,0
5395,@netflix.com,10,8.24,1,3,GLOBAL,0,0
5396,@accenture.com,9,0,1,4,UK,0,0
5406,@uber.com,15,6.51,15,9,INDIA,0,0.1651
5407,@netflix.com,16,25.89,6,2,India,0,0
5410,@microsoft.com,22,16.17,18,5,USA,1,0.9986
5413,@uber.com,8,16.89,2,2,UK,0,0
5414,@microsoft.com,10,0,3,3,USA,0,0
5422,@generic_corp.com,19,9.99,12,5,USA,0,0.0103
5423,@microsoft.com,18,35.28,9,1,GERMANY,0,0
5424,@uber.com,9,4.46,5,5,UK,0,0
5430,@meta.com,10,8.19,4,7,India,0,0
5431,@uber.com,14,30.23,12,8,India,0,0.0006
5434,@netflix.com,4,21.34,6,0,INDIA,0,0
5438,@meta.com,15,7.57,6,5,India,0,0
5441,@accenture.com,14,20.98,6,7,USA,0,0
5442,@accenture.com,10,2.18,6,4,GLOBAL,0,0
5446,@generic_corp.com,7,2.39,4,4,India,0,0
5448,@meta.com,5,0,1,4,UK,0,0
5450,@meta.com,11,14.04,6,4,UK,0,0
5452,@microsoft.com,10,0.54,3,3,INDIA,0,0
5453,@accenture.com,8,1.42,1,5,UK,0,0
5454,@accenture.com,19,22.7,9,9,GERMANY,0,0.0047
5455,@accenture.com,10,10.05,1,6,USA,0,0
5457,@uber.com,10,14.23,5,7,GERMANY,0,0
5465,@uber.com,12,0.51,15,1,USA,0,0
5469,@netflix.com,16,15,9,7,UK,0,0
5470,@accenture.com,5,4.15,7,5,India,0,0
5471,@netflix.com,29,16.81,9,3,USA,0,0.6115
5475,@uber.com,11,1.65,9,7,USA,0,0
5479,@microsoft.com,24,14.34,6,9,USA,0,0.0173
5480,@microsoft.com,9,6.78,5,7,INDIA,0,0
5483,@microsoft.com,12,15.87,9,6,GERMANY,0,0
5484,@microsoft.com,7,5.94,3,6,USA,0,0
5486,@meta.com,13,21.34,18,7,UK,0,0.2051
5489,@meta.com,21,21.5,9,3,India,0,0.0003
5490,@microsoft.com,20,29.89,12,4,USA,0,0.0133
5492,@uber.com,17,1.81,12,4,USA,0,0.0006
5493,@microsoft.com,8,46.46,3,4,GERMANY,0,0
5494,@meta.com,20,2.02,15,11,GERMANY,1,0.9949
5495,@meta.com,16,10.04,15,2,USA,0,0.0021
5496,@microsoft.com,10,2.74,4,10,USA,0,0
5501,@microsoft.com,9,4.08,1,2,USA,0,0
5507,@meta.com,6,3.11,1,3,UK,0,0
5509,@microsoft.com,15,20.66,3,4,USA,0,0
5510,@netflix.com,5,20.21,3,4,GLOBAL,0,0
5514,@microsoft.com,23,12.89,9,5,USA,0,0.0132
5515,@microsoft.com,4,2.54,2,4,GLOBAL,0,0
5518,@netflix.com,11,6.1,0,3,INDIA,0,0
5521,@accenture.com,34,2.99,9,3,GLOBAL,1,0.9969
5522,@microsoft.com,25,3.27,9,6,GERMANY,0,0.1996
5523,@netflix.com,9,0.25,3,8,UK,0,0
5524,@microsoft.com,5,12.94,1,4,USA,0,0
5525,@accenture.com,12,12.38,15,8,GLOBAL,0,0.0037
5527,@meta.com,12,0,12,5,GLOBAL,0,0
5528,@netflix.com,11,10.12,12,3,GLOBAL,0,0
5529,@microsoft.com,23,22.8,9,3,USA,0,0.0027
5535,@microsoft.com,23,6.11,18,6,India,1,0.9998
5536,@microsoft.com,16,12.8,6,6,UK,0,0
5538,@microsoft.com,13,0.76,6,7,UK,0,0
5546,@accenture.com,29,3.81,6,4,India,0,0.061
5548,@microsoft.com,6,17.78,5,7,UK,0,0
5549,@uber.com,4,16.04,2,2,GERMANY,0,0
5550,@meta.com,12,4.35,15,4,USA,0,0.0002
5551,@netflix.com,10,3.3,0,4,USA,0,0
5554,@netflix.com,12,7.14,12,12,USA,0,0.0017
5556,@microsoft.com,9,5.87,3,3,India,0,0
5557,@uber.com,7,21.16,3,5,India,0,0
5558,@uber.com,6,1.08,3,5,UK,0,0
5559,@netflix.com,6,25.03,3,9,USA,0,0
5561,@uber.com,11,4.62,9,7,India,0,0
5563,@accenture.com,12,3.28,9,5,UK,0,0
5566,@netflix.com,8,3.95,4,2,GERMANY,0,0
5570,@accenture.com,13,20.62,3,6,GERMANY,0,0
5572,@uber.com,8,29.79,3,3,USA,0,0
5574,@meta.com,22,16.07,9,3,UK,0,0.0009
5575,@meta.com,9,5.92,2,3,UK,0,0
5579,@generic_corp.com,11,3.42,15,5,UK,0,0.0001
5580,@microsoft.com,21,20.71,3,7,GERMANY,0,0
5581,@netflix.com,19,0.39,15,3,USA,0,0.1022
5583,@meta.com,15,11.41,18,5,UK,0,0.3036
5584,@meta.com,12,0,9,5,GLOBAL,0,0
5585,@uber.com,7,30.97,4,6,GERMANY,0,0
5586,@generic_corp.com,6,33.01,6,3,UK,0,0
5589,@uber.com,13,1.24,15,6,USA,0,0.0022
5590,@uber.com,8,0,2,6,GERMANY,0,0
5591,@microsoft.com,29,23.58,6,8,UK,0,0.613
5596,@microsoft.com,5,9.8,1,2,UK,0,0
5597,@meta.com,10,7.79,3,5,USA,0,0
5602,@meta.com,18,4.55,3,2,INDIA,0,0
5603,@netflix.com,4,33.36,6,3,INDIA,0,0
5605,@meta.com,11,5.95,3,4,GLOBAL,0,0
5606,@netflix.com,9,11.72,1,5,GLOBAL,0,0
5607,@accenture.com,13,0,9,4,USA,0,0
5609,@generic_corp.com,8,1.22,3,5,India,0,0
5617,@accenture.com,18,8.45,6,2,UK,0,0
5618,@accenture.com,9,5.06,1,1,GERMANY,0,0
5620,@accenture.com,14,6.4,12,5,UK,0,0.0001
5621,@accenture.com,10,1.11,3,5,INDIA,0,0
5622,@meta.com,6,29.32,4,7,USA,0,0
5624,@uber.com,7,5.44,2,7,USA,0,0
5625,@netflix.com,12,5.96,15,2,USA,0,0
5626,@uber.com,15,12.65,12,6,USA,0,0.0003
5629,@microsoft.com,15,0.44,12,5,USA,0,0.0001
5633,@accenture.com,11,22.05,3,0,INDIA,0,0
5634,@accenture.com,12,4.35,6,7,UK,0,0
5636,@generic_corp.com,10,11.77,2,3,GERMANY,0,0
5638,@uber.com,14,9.55,9,7,USA,0,0
5639,@meta.com,8,34.81,4,5,GLOBAL,0,0
5640,@accenture.com,9,4.15,3,7,UK,0,0
5641,@netflix.com,16,13.84,3,6,UK,0,0
5643,@accenture.com,12,31.05,3,2,UK,0,0
5645,@uber.com,6,1.3,2,6,UK,0,0
5646,@meta.com,7,73.92,4,4,INDIA,0,0
5647,@uber.com,21,12.91,3,2,GERMANY,0,0
5649,@accenture.com,25,7.87,6,8,INDIA,0,0.0223
5652,@uber.com,35,64.15,6,2,GERMANY,1,0.883
5654,@accenture.com,8,2,0,8,GLOBAL,0,0
5657,@accenture.com,18,19.5,12,3,USA,0,0.0007
5660,@uber.com,8,4.63,1,6,GERMANY,0,0
5662,@microsoft.com,18,14.83,6,7,USA,0,0
5664,@accenture.com,16,12.52,12,2,GLOBAL,0,0
5665,@accenture.com,12,34.06,18,4,GLOBAL,0,0.008
5666,@uber.com,12,5.14,6,5,USA,0,0
5668,@accenture.com,9,0.64,3,2,GERMANY,0,0
5669,@uber.com,31,26.96,9,5,India,1,0.9848
5670,@uber.com,7,3.46,3,4,USA,0,0
5672,@accenture.com,20,11.14,15,3,USA,0,0.2471
5673,@uber.com,12,11.92,0,2,USA,0,0
5676,@netflix.com,5,13.85,3,8,GERMANY,0,0
5678,@generic_corp.com,8,15.05,3,5,India,0,0
5679,@uber.com,22,3.19,0,9,INDIA,0,0
5680,@microsoft.com,6,10.78,4,5,GERMANY,0,0
5683,@netflix.com,42,7.94,15,5,UK,1,1
5685,@meta.com,8,14.37,2,7,USA,0,0
5690,@generic_corp.com,14,1.51,6,4,UK,0,0
5696,@accenture.com,15,5.64,12,1,USA,0,0
5703,@uber.com,5,32.88,1,2,GLOBAL,0,0
5704,@microsoft.com,14,11.54,21,8,USA,1,0.989
5707,@meta.com,18,20.54,9,5,GERMANY,0,0.0001
5709,@accenture.com,11,14.75,6,8,India,0,0
5710,@microsoft.com,11,11.15,6,3,USA,0,0
5714,@meta.com,11,1,18,7,USA,0,0.0301
5717,@microsoft.com,19,19.2,12,8,USA,0,0.1026
5720,@netflix.com,2,53.61,2,4,UK,0,0
5727,@netflix.com,26,12.49,3,3,USA,0,0
5728,@accenture.com,13,8.15,9,5,USA,0,0
5729,@meta.com,6,21.46,5,8,USA,0,0
5733,@uber.com,19,5.93,18,6,INDIA,1,0.9854
5734,@netflix.com,6,6.51,1,7,USA,0,0
5740,@microsoft.com,2,15.24,2,3,INDIA,0,0
5741,@uber.com,5,1.55,4,2,UK,0,0
5750,@accenture.com,4,0,4,3,USA,0,0
5753,@uber.com,8,15.82,3,1,INDIA,0,0
5755,@accenture.com,14,29.58,9,6,UK,0,0
5756,@accenture.com,20,5.23,6,2,UK,0,0
5758,@meta.com,22,20.71,9,8,USA,0,0.0486
5763,@meta.com,8,1.95,1,5,GLOBAL,0,0
5767,@accenture.com,18,29.2,0,6,GERMANY,0,0
5769,@uber.com,16,1.62,0,5,INDIA,0,0
5774,@accenture.com,13,13.83,15,6,UK,0,0.0021
5776,@accenture.com,15,8.19,3,12,USA,0,0
5783,@microsoft.com,21,36.48,3,3,USA,0,0
5787,@accenture.com,13,7.26,3,4,GLOBAL,0,0
5788,@netflix.com,27,41.73,6,11,UK,0,0.6755
5792,@generic_corp.com,8,8.83,4,5,UK,0,0
5798,@meta.com,10,0,4,2,USA,0,0
5800,@microsoft.com,15,23.54,3,2,USA,0,0
5803,@netflix.com,12,4.19,15,4,USA,0,0.0002
5805,@accenture.com,8,7.3,4,5,GLOBAL,0,0
5808,@generic_corp.com,10,14.5,4,3,GLOBAL,0,0
5810,@accenture.com,7,17.65,2,5,GERMANY,0,0
5812,@accenture.com,19,0,6,1,GERMANY,0,0
5815,@meta.com,17,0.47,9,7,USA,0,0.0001
5816,@netflix.com,10,10.3,1,7,UK,0,0
5817,@netflix.com,14,16.1,12,8,UK,0,0.0006
5818,@accenture.com,8,23.34,4,7,India,0,0
5819,@netflix.com,12,0,9,12,GLOBAL,0,0
5827,@uber.com,6,15.78,4,8,USA,0,0
5831,@meta.com,13,0,24,3,GLOBAL,1,0.9686
5832,@meta.com,12,1.92,12,6,GERMANY,0,0
5833,@microsoft.com,5,0,2,0,UK,0,0
5841,@generic_corp.com,4,58.89,3,5,GLOBAL,0,0
5842,@generic_corp.com,19,46.31,6,5,GERMANY,0,0
5847,@netflix.com,19,3.46,6,3,USA,0,0
5849,@meta.com,20,2.77,12,4,GERMANY,0,0.0134
5853,@meta.com,11,12.37,3,5,UK,0,0
5855,@microsoft.com,20,8.08,6,6,India,0,0
5858,@netflix.com,6,1.93,5,1,USA,0,0
5859,@netflix.com,20,8.43,9,5,USA,0,0.0006
5860,@netflix.com,11,18.64,9,7,INDIA,0,0
5861,@microsoft.com,13,7.01,3,3,USA,0,0
5862,@accenture.com,29,6.64,6,7,USA,0,0.4167
5866,@microsoft.com,4,29.14,5,3,UK,0,0
5869,@microsoft.com,10,7.39,6,5,India,0,0
5870,@accenture.com,18,0,9,7,India,0,0.0003
5876,@microsoft.com,5,3.19,2,8,USA,0,0
5877,@microsoft.com,10,37.94,1,2,USA,0,0
5878,@uber.com,13,26.59,3,7,UK,0,0
5880,@accenture.com,20,11.38,6,1,GERMANY,0,0
5883,@accenture.com,16,8.98,9,9,UK,0,0.0002
5886,@netflix.com,11,0.03,18,6,GLOBAL,0,0.0138
5888,@uber.com,13,8.43,15,4,UK,0,0.0004
5890,@uber.com,16,7.81,3,5,GLOBAL,0,0
5893,@microsoft.com,11,17.21,12,7,USA,0,0
5900,@netflix.com,8,29.47,2,8,GERMANY,0,0
5905,@netflix.com,16,4.26,9,3,USA,0,0
5907,@generic_corp.com,4,5.61,6,9,India,0,0
5909,@meta.com,17,19.34,9,4,USA,0,0
5911,@netflix.com,4,10.76,5,6,USA,0,0
5912,@microsoft.com,2,11.52,2,5,UK,0,0
5916,@netflix.com,20,27.89,6,4,USA,0,0
5919,@meta.com,8,38.29,1,2,GERMANY,0,0
5921,@generic_corp.com,6,16.72,3,7,USA,0,0
5922,@meta.com,8,18.75,6,5,USA,0,0
5923,@microsoft.com,12,3.82,12,6,USA,0,0
5924,@netflix.com,24,0.44,6,4,GLOBAL,0,0.0003
5929,@meta.com,5,4.15,2,7,India,0,0
5930,@netflix.com,11,24.13,9,3,GERMANY,0,0
5933,@generic_corp.com,6,0.19,1,2,GLOBAL,0,0
5937,@netflix.com,1,4.3,6,4,USA,0,0
5938,@microsoft.com,7,2.74,2,8,USA,0,0
5939,@meta.com,5,39.14,3,4,UK,0,0
5940,@accenture.com,11,0.27,12,3,GERMANY,0,0
5943,@accenture.com,7,25.96,4,5,GLOBAL,0,0
5945,@meta.com,11,51.36,6,6,USA,0,0
5946,@netflix.com,14,17.8,0,10,UK,0,0
5947,@microsoft.com,12,4.04,12,6,India,0,0
5948,@meta.com,8,2.74,2,3,India,0,0
5949,@accenture.com,10,21.12,3,3,USA,0,0
5950,@accenture.com,18,34.67,6,5,GLOBAL,0,0
5954,@uber.com,7,16.29,1,6,UK,0,0
5956,@meta.com,7,1.85,0,4,USA,0,0
5958,@microsoft.com,17,9.19,0,4,UK,0,0
5960,@meta.com,6,8.11,5,5,GLOBAL,0,0
5964,@meta.com,11,1.13,9,5,GLOBAL,0,0
5967,@generic_corp.com,7,0.6,3,4,USA,0,0
5968,@uber.com,10,11.3,2,1,India,0,0
5969,@generic_corp.com,5,18.71,2,5,UK,0,0
5972,@netflix.com,9,24.39,2,3,UK,0,0
5974,@uber.com,14,4.1,6,8,GERMANY,0,0
5981,@generic_corp.com,16,19.46,6,2,GLOBAL,0,0
5983,@uber.com,5,2.24,2,2,UK,0,0
5984,@accenture.com,5,11.83,4,10,UK,0,0
5985,@microsoft.com,10,16.32,9,7,GLOBAL,0,0
5987,@uber.com,11,14.68,0,9,India,0,0
5988,@microsoft.com,9,6.81,5,3,USA,0,0
5989,@meta.com,5,31.53,5,3,GERMANY,0,0
5990,@meta.com,11,4.12,6,5,INDIA,0,0
5991,@generic_corp.com,4,4.96,4,2,UK,0,0
5992,@microsoft.com,21,22.29,12,6,GERMANY,0,0.1616
5994,@microsoft.com,15,65.59,3,7,USA,0,0
5996,@netflix.com,5,24.71,6,4,UK,0,0
5999,@accenture.com,10,8.54,3,5,GERMANY,0,0
6000,@microsoft.com,15,12.9,9,6,USA,0,0
6003,@accenture.com,6,0.53,2,6,USA,0,0
6005,@accenture.com,9,17.6,3,8,INDIA,0,0
6007,@meta.com,8,16.99,0,4,GLOBAL,0,0
6008,@accenture.com,28,3.88,18,6,GERMANY,1,1
6012,@uber.com,9,39.77,2,5,GLOBAL,0,0
6014,@microsoft.com,14,22.79,6,1,INDIA,0,0
6019,@microsoft.com,18,3.66,3,3,USA,0,0
6020,@accenture.com,10,14.33,2,5,INDIA,0,0
6021,@uber.com,6,39.78,4,3,GLOBAL,0,0
6023,@generic_corp.com,10,11.9,3,6,GLOBAL,0,0
6024,@uber.com,3,5.56,2,5,GLOBAL,0,0
6025,@netflix.com,6,15.18,3,5,USA,0,0
6029,@uber.com,8,4.91,1,5,USA,0,0
6033,@microsoft.com,11,2.91,9,4,USA,0,0
6034,@microsoft.com,3,5.49,3,8,INDIA,0,0
6037,@microsoft.com,7,11.08,1,5,GERMANY,0,0
6038,@generic_corp.com,12,0,6,7,INDIA,0,0
6039,@uber.com,8,4.3,3,3,USA,0,0
6040,@netflix.com,14,43.92,9,6,USA,0,0
6041,@meta.com,10,9.44,4,6,USA,0,0
6042,@microsoft.com,6,15.21,2,5,USA,0,0
6044,@uber.com,12,7.64,9,4,UK,0,0
6045,@microsoft.com,11,11.72,6,6,INDIA,0,0
6046,@microsoft.com,6,5.62,1,3,UK,0,0
6052,@accenture.com,21,19.07,9,3,USA,0,0.0003
6056,@uber.com,9,67.28,2,3,INDIA,0,0
6059,@microsoft.com,29,10.73,3,3,INDIA,0,0.0005
6061,@netflix.com,8,33.26,1,6,INDIA,0,0
6062,@netflix.com,1,4.07,1,3,INDIA,0,0
6065,@meta.com,9,1.6,4,3,USA,0,0
6069,@netflix.com,10,12.64,6,3,UK,0,0
6071,@microsoft.com,9,10.42,3,6,USA,0,0
6072,@meta.com,6,2.63,0,1,INDIA,0,0
6075,@generic_corp.com,15,17.59,15,7,INDIA,0,0.0384
6077,@microsoft.com,11,19.4,9,6,GERMANY,0,0
6083,@accenture.com,7,3.26,1,5,UK,0,0
6087,@meta.com,8,4.83,4,7,USA,0,0
6089,@microsoft.com,19,2.75,18,9,USA,1,0.9987
6093,@accenture.com,6,44.22,1,3,UK,0,0
6097,@accenture.com,22,10.37,3,3,GERMANY,0,0
6102,@microsoft.com,5,7.61,1,4,India,0,0
6103,@microsoft.com,15,12.17,6,3,UK,0,0
6109,@meta.com,9,8.37,2,4,USA,0,0
6110,@generic_corp.com,7,28.3,3,4,UK,0,0
6111,@generic_corp.com,8,0.11,4,4,USA,0,0
6112,@accenture.com,15,17.33,12,4,GERMANY,0,0.0001
6113,@microsoft.com,3,3.73,3,5,GERMANY,0,0
6114,@uber.com,9,32.11,4,8,UK,0,0
6116,@microsoft.com,12,11.57,15,3,USA,0,0.0001
6119,@meta.com,6,11.08,0,6,GERMANY,0,0
6122,@netflix.com,22,6.51,9,3,USA,0,0.0009
6125,@netflix.com,6,22.77,2,5,GERMANY,0,0
6126,@microsoft.com,4,32.98,4,6,GERMANY,0,0
6130,@accenture.com,24,9.85,3,7,USA,0,0.0001
6131,@microsoft.com,7,14.82,4,1,GERMANY,0,0
6135,@generic_corp.com,14,2.2,9,5,India,0,0
6137,@microsoft.com,4,27.19,8,1,GERMANY,0,0
6139,@uber.com,10,16.85,5,4,GERMANY,0,0
6140,@netflix.com,10,5.47,5,2,GERMANY,0,0
6141,@microsoft.com,4,3.32,2,3,USA,0,0
6143,@microsoft.com,10,3.26,4,5,USA,0,0
6144,@meta.com,8,4.25,3,5,UK,0,0
6146,@accenture.com,16,25.21,3,7,GLOBAL,0,0
6147,@microsoft.com,15,11.43,18,4,INDIA,0,0.1639
6148,@netflix.com,10,5.28,2,2,UK,0,0
6149,@microsoft.com,19,6.35,9,6,USA,0,0.0004
6153,@netflix.com,12,20.02,15,6,UK,0,0.0007
6154,@meta.com,9,14.26,4,5,USA,0,0
6155,@uber.com,1,0,3,9,India,0,0
6158,@meta.com,19,23.85,12,2,USA,0,0.0009
6161,@microsoft.com,13,0,6,5,INDIA,0,0
6170,@meta.com,15,1.1,9,7,GERMANY,0,0
6172,@microsoft.com,14,26.88,6,3,India,0,0
6176,@accenture.com,9,4.39,4,1,GERMANY,0,0
6177,@netflix.com,18,22.04,3,7,UK,0,0
6180,@netflix.com,13,29.84,9,7,GERMANY,0,0
6182,@accenture.com,6,3.76,5,6,India,0,0
6184,@netflix.com,15,22.6,15,4,INDIA,0,0.0036
6185,@meta.com,16,12.35,3,2,India,0,0
6186,@netflix.com,8,24.58,5,7,GLOBAL,0,0
6187,@uber.com,8,14.87,6,4,INDIA,0,0
6189,@netflix.com,8,17.36,3,2,INDIA,0,0
6192,@uber.com,10,1.5,4,2,UK,0,0
6193,@meta.com,17,2.02,12,6,USA,0,0.0028
6194,@netflix.com,8,0,5,7,GERMANY,0,0
6196,@meta.com,3,3.64,4,8,GERMANY,0,0
6197,@meta.com,5,1.46,3,10,USA,0,0
6203,@microsoft.com,5,0,3,4,UK,0,0
6204,@uber.com,7,12.45,5,2,UK,0,0
6205,@generic_corp.com,1,0,5,8,GERMANY,0,0
6207,@accenture.com,4,0,3,4,GERMANY,0,0
6209,@accenture.com,6,33.85,2,6,USA,0,0
6211,@netflix.com,21,22.2,6,3,USA,0,0
6214,@meta.com,10,17.41,5,2,GLOBAL,0,0
6216,@microsoft.com,7,2.87,0,4,UK,0,0
6218,@meta.com,5,89.89,3,2,USA,0,0
6227,@microsoft.com,20,6.96,6,4,UK,0,0
6228,@netflix.com,2,10.88,2,4,USA,0,0
6230,@microsoft.com,16,0,12,5,UK,0,0.0004
6231,@uber.com,21,1.93,15,5,India,0,0.8244
6233,@uber.com,8,0,2,6,GLOBAL,0,0
6237,@uber.com,4,0.54,5,1,GERMANY,0,0
6238,@uber.com,10,0,6,5,USA,0,0
6241,@generic_corp.com,6,16.22,4,8,UK,0,0
6244,@netflix.com,15,10.17,3,6,USA,0,0
6245,@uber.com,7,0.51,3,6,India,0,0
6246,@microsoft.com,9,30.99,6,6,India,0,0
6247,@meta.com,9,2.63,6,4,India,0,0
6248,@accenture.com,12,0.9,9,5,GLOBAL,0,0
6252,@generic_corp.com,7,15.66,6,5,INDIA,0,0
6253,@uber.com,19,18.34,9,8,USA,0,0.0021
6255,@accenture.com,5,6.05,2,6,India,0,0
6260,@accenture.com,6,18.47,4,6,UK,0,0
6262,@accenture.com,10,5.14,5,6,USA,0,0
6263,@microsoft.com,3,3.85,4,5,GLOBAL,0,0
6265,@generic_corp.com,6,13.89,5,3,India,0,0
6269,@accenture.com,12,3.03,9,5,USA,0,0
6274,@meta.com,11,3.62,3,10,USA,0,0
6279,@netflix.com,12,6.82,0,8,UK,0,0
6284,@netflix.com,9,16.02,8,1,USA,0,0
6286,@uber.com,10,0,3,8,INDIA,0,0
6290,@uber.com,11,2.21,12,8,GERMANY,0,0
6295,@meta.com,8,3.27,6,4,USA,0,0
6298,@microsoft.com,8,52.19,3,4,USA,0,0
6301,@meta.com,21,13.71,3,5,GLOBAL,0,0
6303,@meta.com,1,23.41,4,5,USA,0,0
6304,@netflix.com,21,45.98,0,7,GLOBAL,0,0
6309,@netflix.com,22,1.18,6,5,UK,0,0.0001
6310,@netflix.com,7,25.81,1,1,USA,0,0
6312,@microsoft.com,5,35.64,1,7,UK,0,0
6313,@netflix.com,7,36.9,4,3,India,0,0
6314,@generic_corp.com,10,6.4,1,13,INDIA,0,0
6318,@generic_corp.com,13,0.08,3,5,UK,0,0
6320,@microsoft.com,6,0.3,5,6,GERMANY,0,0
6326,@microsoft.com,8,47.44,5,6,UK,0,0
6335,@generic_corp.com,14,3.23,9,5,USA,0,0
6336,@netflix.com,22,36.82,6,5,India,0,0.0001
6338,@microsoft.com,15,11.29,6,6,GERMANY,0,0
6339,@netflix.com,8,21.13,1,4,USA,0,0
6341,@accenture.com,6,0.45,2,4,UK,0,0
6342,@netflix.com,18,3.39,6,4,USA,0,0
6345,@generic_corp.com,19,17.43,6,5,UK,0,0
6350,@uber.com,14,87.71,12,9,INDIA,0,0.0012
6351,@meta.com,9,2.57,2,5,USA,0,0
6358,@generic_corp.com,12,22.2,6,5,USA,0,0
6359,@accenture.com,13,0,9,5,UK,0,0
6361,@microsoft.com,5,11.8,2,6,USA,0,0
6364,@uber.com,13,26.66,6,3,GERMANY,0,0
6367,@microsoft.com,4,0.29,5,7,INDIA,0,0
6369,@meta.com,26,0.62,12,5,UK,1,0.9459
6374,@meta.com,13,7.6,3,7,INDIA,0,0
6376,@meta.com,9,78.88,4,7,USA,0,0
6377,@microsoft.com,4,0.77,0,1,UK,0,0
6379,@accenture.com,12,9.82,12,6,India,0,0
6385,@microsoft.com,21,22.7,9,5,USA,0,0.0016
6388,@generic_corp.com,11,9.29,6,5,USA,0,0
6389,@microsoft.com,7,17.44,4,5,INDIA,0,0
6390,@accenture.com,11,5.26,3,6,USA,0,0
6392,@microsoft.com,14,28.45,3,5,UK,0,0
6393,@accenture.com,12,12.59,6,2,USA,0,0
6394,@microsoft.com,8,0.84,4,1,GERMANY,0,0
6395,@uber.com,18,13.13,3,2,USA,0,0
6400,@accenture.com,9,12.13,1,6,INDIA,0,0
6402,@generic_corp.com,16,1.85,0,4,INDIA,0,0
6403,@generic_corp.com,8,10.1,3,3,USA,0,0
6406,@netflix.com,5,9.27,2,5,UK,0,0
6407,@generic_corp.com,10,15.32,4,5,USA,0,0
6411,@uber.com,5,20.17,1,7,INDIA,0,0
6413,@meta.com,13,33.96,6,5,INDIA,0,0
6423,@generic_corp.com,8,0,4,5,USA,0,0
6426,@microsoft.com,20,18.14,15,5,USA,0,0.6185
6429,@uber.com,18,8.23,15,1,India,0,0.0079
6430,@uber.com,18,26.98,18,6,GERMANY,1,0.9588
6431,@microsoft.com,3,0.53,2,6,GLOBAL,0,0
6433,@uber.com,11,12.02,12,2,UK,0,0
6435,@microsoft.com,16,7,6,4,INDIA,0,0
6436,@meta.com,14,11.81,0,2,USA,0,0
6438,@accenture.com,7,7.32,2,3,USA,0,0
6440,@accenture.com,12,19.12,12,8,USA,0,0.0001
6444,@generic_corp.com,5,12.39,3,1,USA,0,0
6448,@microsoft.com,12,4.56,3,7,INDIA,0,0
6455,@uber.com,7,29.53,4,3,India,0,0
6459,@generic_corp.com,7,18.91,3,10,GLOBAL,0,0
6460,@generic_corp.com,12,26.98,6,2,USA,0,0
6461,@accenture.com,2,14.93,4,10,GLOBAL,0,0
6467,@meta.com,16,0.42,12,6,UK,0,0.001
6468,@accenture.com,11,17.38,9,2,GERMANY,0,0
6469,@accenture.com,21,0.78,12,4,UK,0,0.0377
6471,@uber.com,3,10,2,7,UK,0,0
6474,@uber.com,19,11.42,15,2,UK,0,0.0486
6478,@uber.com,15,12.52,6,5,UK,0,0
6479,@meta.com,6,6.69,6,3,USA,0,0
6481,@accenture.com,17,1.68,15,6,USA,0,0.1305
6484,@uber.com,11,22.01,9,5,UK,0,0
6485,@uber.com,9,1.96,3,6,INDIA,0,0
6488,@uber.com,18,11.07,9,4,India,0,0
6489,@microsoft.com,16,10.42,3,7,UK,0,0
6490,@netflix.com,12,1.76,3,9,GLOBAL,0,0
6492,@meta.com,8,11.33,4,6,USA,0,0
6493,@microsoft.com,18,16.9,9,5,GERMANY,0,0.0001
6497,@microsoft.com,19,13.23,9,4,UK,0,0.0001
6498,@netflix.com,5,1.38,3,3,USA,0,0
6499,@microsoft.com,7,12.48,2,2,UK,0,0
6500,@microsoft.com,12,7.07,3,5,GLOBAL,0,0
6512,@netflix.com,7,8.48,3,6,UK,0,0
6513,@accenture.com,10,9.53,3,7,GERMANY,0,0
6514,@uber.com,8,0.73,5,9,UK,0,0
6516,@meta.com,23,6.32,3,7,USA,0,0
6517,@accenture.com,20,19.56,9,5,GLOBAL,0,0.0006
6518,@meta.com,12,7.94,6,7,USA,0,0
6520,@microsoft.com,10,13.36,4,5,India,0,0
6521,@accenture.com,7,3.29,5,6,UK,0,0
6522,@microsoft.com,11,5.22,3,3,USA,0,0
6523,@microsoft.com,13,13.21,9,4,India,0,0
6527,@microsoft.com,8,1.15,8,6,UK,0,0
6533,@uber.com,11,16.04,6,10,USA,0,0
6534,@meta.com,20,2.33,6,3,INDIA,0,0
6538,@accenture.com,12,2.02,15,8,INDIA,0,0.0037
6542,@microsoft.com,15,6.08,12,4,GERMANY,0,0.0001
6543,@accenture.com,12,0,12,6,India,0,0
6544,@accenture.com,7,6.27,3,5,UK,0,0
6545,@microsoft.com,10,21.82,1,4,GLOBAL,0,0
6553,@netflix.com,15,35.56,18,2,UK,0,0.038
6554,@microsoft.com,8,14.53,1,4,GLOBAL,0,0
6555,@accenture.com,22,24.81,12,10,USA,1,0.9316
6556,@uber.com,18,7.77,9,6,USA,0,0.0001
6558,@meta.com,10,22.36,3,7,UK,0,0
6560,@microsoft.com,10,13.64,1,3,UK,0,0
6565,@netflix.com,5,3.41,3,3,INDIA,0,0
6567,@uber.com,12,18,9,7,GERMANY,0,0
6568,@uber.com,13,1.68,15,4,UK,0,0.0004
6569,@accenture.com,11,0.31,15,5,USA,0,0.0001
6570,@generic_corp.com,13,39.99,9,5,USA,0,0
6571,@generic_corp.com,13,30.93,6,4,GERMANY,0,0
6573,@accenture.com,9,1.59,2,8,UK,0,0
6574,@microsoft.com,10,17.01,4,1,GLOBAL,0,0
6575,@microsoft.com,5,32.2,1,4,USA,0,0
6577,@uber.com,13,2.09,18,1,USA,0,0.0021
6579,@netflix.com,18,8.45,6,4,GERMANY,0,0
6583,@accenture.com,12,50.14,6,7,USA,0,0
6584,@uber.com,15,1.34,6,2,UK,0,0
6589,@netflix.com,34,14.18,6,5,USA,1,0.9667
6590,@microsoft.com,12,7.88,12,5,USA,0,0
6594,@generic_corp.com,24,52.04,6,5,USA,0,0.0007
6598,@uber.com,20,0.98,15,4,UK,0,0.4224
6599,@uber.com,3,2.41,2,6,USA,0,0
6600,@uber.com,19,24.76,6,8,GERMANY,0,0
6604,@uber.com,5,9.09,3,3,INDIA,0,0
6606,@microsoft.com,9,31.65,2,8,GERMANY,0,0
6607,@accenture.com,8,0,1,7,USA,0,0
6608,@netflix.com,24,13.14,12,3,USA,0,0.2973
6612,@uber.com,13,2.85,3,4,India,0,0
6613,@accenture.com,20,11.04,6,5,GLOBAL,0,0
6616,@accenture.com,17,2.86,9,6,GLOBAL,0,0.0001
6617,@accenture.com,5,1.9,6,1,India,0,0
6619,@microsoft.com,12,1.78,3,2,UK,0,0
6622,@netflix.com,11,0.96,3,10,UK,0,0
6623,@accenture.com,13,9.54,12,6,USA,0,0
6624,@meta.com,7,3.03,2,6,USA,0,0
6626,@accenture.com,8,6.54,1,8,INDIA,0,0
6631,@meta.com,15,3.09,6,7,USA,0,0
6632,@microsoft.com,12,0,3,6,USA,0,0
6637,@microsoft.com,6,31.12,1,4,GERMANY,0,0
6638,@accenture.com,16,10.61,6,3,GERMANY,0,0
6641,@microsoft.com,4,34.33,3,4,INDIA,0,0
6642,@accenture.com,16,13.27,15,5,USA,0,0.0228
6645,@microsoft.com,9,2.01,1,4,INDIA,0,0
6648,@meta.com,9,5.18,2,4,UK,0,0
6649,@microsoft.com,17,16.61,12,8,UK,0,0.0135
6650,@microsoft.com,32,1.47,9,6,GERMANY,1,0.9976
6651,@meta.com,14,40.64,3,6,USA,0,0
6652,@uber.com,18,1.99,12,4,USA,0,0.0016
6657,@uber.com,15,7.23,9,4,UK,0,0
6658,@accenture.com,16,57.02,3,3,India,0,0
6659,@generic_corp.com,12,25.49,6,6,INDIA,0,0
6660,@microsoft.com,5,9.97,4,4,USA,0,0
6663,@accenture.com,14,15.69,15,2,INDIA,0,0.0003
6664,@microsoft.com,15,2.19,9,2,USA,0,0
6665,@microsoft.com,13,3.03,6,7,USA,0,0
6666,@meta.com,15,11.67,3,5,India,0,0
6667,@uber.com,16,10.51,12,3,USA,0,0.0001
6668,@accenture.com,7,7.9,2,7,India,0,0
6670,@meta.com,15,2.83,0,7,GERMANY,0,0
6671,@accenture.com,17,4.42,3,6,GLOBAL,0,0
6673,@microsoft.com,14,0,12,4,USA,0,0
6675,@generic_corp.com,8,3.54,2,7,UK,0,0
6677,@microsoft.com,12,2.38,9,4,USA,0,0
6679,@uber.com,17,2.62,9,11,USA,0,0.0028
6683,@netflix.com,5,10.33,2,2,India,0,0
6686,@meta.com,7,30.28,2,9,USA,0,0
6688,@netflix.com,12,0.52,3,5,UK,0,0
6690,@microsoft.com,8,3.06,5,5,USA,0,0
6693,@uber.com,29,40.78,6,6,INDIA,0,0.242
6694,@microsoft.com,7,3.06,4,6,UK,0,0
6695,@meta.com,2,0,2,4,USA,0,0
6703,@microsoft.com,5,0,5,9,USA,0,0
6705,@netflix.com,7,6.63,6,7,INDIA,0,0
6707,@netflix.com,6,3.01,5,6,USA,0,0
6709,@uber.com,8,1.05,4,8,UK,0,0
6710,@netflix.com,0,6.65,5,3,GLOBAL,0,0
6712,@generic_corp.com,5,13.35,6,2,USA,0,0
6714,@netflix.com,4,0,3,6,UK,0,0
6715,@uber.com,10,5.94,4,3,India,0,0
6723,@meta.com,20,4.34,18,6,INDIA,1,0.9949
6726,@microsoft.com,11,3.09,6,6,UK,0,0
6730,@netflix.com,2,33.87,2,7,USA,0,0
6731,@accenture.com,15,71.68,12,4,USA,0,0.0001
6733,@uber.com,12,54.01,15,2,UK,0,0
6735,@uber.com,10,11.29,1,4,USA,0,0
6736,@uber.com,9,30.61,3,5,UK,0,0
6737,@microsoft.com,17,50.94,6,6,UK,0,0
6741,@netflix.com,15,5.27,6,10,INDIA,0,0
6742,@microsoft.com,7,12.25,3,5,USA,0,0
6743,@accenture.com,5,0,5,6,GLOBAL,0,0
6746,@uber.com,14,6.57,9,4,USA,0,0
6747,@uber.com,8,0,2,6,UK,0,0
6748,@generic_corp.com,9,0,4,6,INDIA,0,0
6750,@uber.com,4,37.75,3,7,USA,0,0
6752,@meta.com,7,0,4,3,INDIA,0,0
6754,@meta.com,16,29.33,6,3,USA,0,0
6755,@netflix.com,7,25.1,5,9,UK,0,0
6757,@microsoft.com,14,7.15,3,6,UK,0,0
6761,@meta.com,10,0,2,7,USA,0,0
6762,@netflix.com,17,6.07,15,2,USA,0,0.0061
6763,@netflix.com,18,24.69,18,4,USA,0,0.8249
6765,@accenture.com,14,21.12,9,3,UK,0,0
6766,@meta.com,8,11.75,3,5,USA,0,0
6770,@netflix.com,24,10.85,3,6,UK,0,0
6771,@microsoft.com,14,19.91,6,5,GERMANY,0,0
6772,@uber.com,13,3.18,0,4,UK,0,0
6774,@uber.com,9,5.45,3,7,UK,0,0
6777,@microsoft.com,15,9.66,9,2,USA,0,0
6779,@accenture.com,16,0,0,4,USA,0,0
6781,@uber.com,11,7.88,15,6,INDIA,0,0.0003
6783,@microsoft.com,11,38.09,6,4,UK,0,0
6786,@netflix.com,14,6.82,3,5,GLOBAL,0,0
6788,@accenture.com,7,1.3,2,3,USA,0,0
6792,@uber.com,22,0,0,5,USA,0,0
6793,@generic_corp.com,18,27.25,12,2,India,0,0.0003
6794,@netflix.com,13,11.54,12,4,India,0,0
6796,@meta.com,6,5.28,3,8,GERMANY,0,0
6798,@generic_corp.com,9,0.83,0,1,INDIA,0,0
6799,@generic_corp.com,7,8.44,6,5,India,0,0
6804,@accenture.com,10,0.41,2,5,USA,0,0
6809,@microsoft.com,3,44.77,2,4,USA,0,0
6813,@accenture.com,6,3.45,2,3,USA,0,0
6818,@microsoft.com,16,0.18,3,5,USA,0,0
6819,@netflix.com,11,2.46,12,4,GERMANY,0,0
6821,@accenture.com,3,1.12,1,5,INDIA,0,0
6823,@uber.com,6,1.79,7,6,GERMANY,0,0
6824,@meta.com,17,41.25,12,9,USA,0,0.0295
6827,@microsoft.com,6,10.02,5,2,UK,0,0
6833,@accenture.com,15,32.19,6,2,India,0,0
6835,@meta.com,15,26.22,15,7,USA,0,0.0383
6836,@microsoft.com,2,0,4,6,USA,0,0
6837,@netflix.com,5,13.88,5,2,GERMANY,0,0
6839,@microsoft.com,7,1.9,2,3,UK,0,0
6840,@microsoft.com,7,15.41,2,7,USA,0,0
6845,@accenture.com,12,74.38,9,8,GERMANY,0,0
6848,@meta.com,6,34.8,0,4,GLOBAL,0,0
6852,@generic_corp.com,15,1.46,6,10,GERMANY,0,0
6853,@accenture.com,17,12.71,15,5,UK,0,0.0631
6854,@accenture.com,3,0,2,6,USA,0,0
6856,@meta.com,11,1.88,9,3,USA,0,0
6860,@microsoft.com,10,1.06,1,6,GLOBAL,0,0
6865,@uber.com,4,45.34,3,6,India,0,0
6867,@meta.com,7,0,5,2,UK,0,0
6869,@accenture.com,3,0,3,10,UK,0,0
6870,@microsoft.com,10,5.07,1,7,USA,0,0
6873,@microsoft.com,20,3.01,6,4,INDIA,0,0
6874,@accenture.com,14,0.48,18,6,INDIA,0,0.2517
6877,@accenture.com,6,2.05,4,2,UK,0,0
6878,@uber.com,24,2.37,0,3,USA,0,0
6882,@microsoft.com,13,3.83,6,4,USA,0,0
6887,@microsoft.com,6,18.67,2,3,UK,0,0
6888,@netflix.com,10,0,1,8,GLOBAL,0,0
6889,@accenture.com,13,20.28,6,4,GLOBAL,0,0
6891,@uber.com,9,32.01,4,5,GLOBAL,0,0
6892,@microsoft.com,20,0.15,15,7,GLOBAL,1,0.8894
6897,@netflix.com,19,4,6,4,UK,0,0
6899,@generic_corp.com,10,2.42,3,4,USA,0,0
6901,@microsoft.com,9,3.49,5,7,UK,0,0
6906,@microsoft.com,10,0.57,7,9,USA,0,0
6908,@meta.com,18,5.77,9,1,GLOBAL,0,0
6912,@netflix.com,14,9.23,12,5,GERMANY,0,0.0001
6913,@uber.com,9,17.51,4,2,USA,0,0
6918,@uber.com,15,38.86,12,5,India,0,0.0001
6920,@microsoft.com,22,31.94,12,7,GLOBAL,0,0.5528
6922,@generic_corp.com,6,56.34,4,4,INDIA,0,0
6924,@microsoft.com,7,0.26,2,5,GERMANY,0,0
6926,@uber.com,27,16.48,15,2,GERMANY,1,0.996
6927,@meta.com,14,0,6,7,India,0,0
6928,@uber.com,8,13.97,3,3,India,0,0
6929,@microsoft.com,8,28.05,1,5,INDIA,0,0
6930,@netflix.com,32,23.81,12,10,GLOBAL,1,1
6936,@meta.com,11,1.7,12,4,USA,0,0
6937,@uber.com,10,2.9,2,9,UK,0,0
6944,@accenture.com,9,4.26,3,4,USA,0,0
6945,@generic_corp.com,6,13.37,3,3,GERMANY,0,0
6949,@uber.com,1,7.99,2,11,USA,0,0
6950,@accenture.com,8,15.88,4,5,UK,0,0
6953,@meta.com,28,3.36,9,5,UK,0,0.7298
6954,@microsoft.com,12,47.6,6,1,India,0,0
6956,@microsoft.com,6,27.48,3,3,USA,0,0
6959,@meta.com,8,8.32,5,6,UK,0,0
6960,@accenture.com,6,1.97,1,2,USA,0,0
6962,@netflix.com,12,9.17,18,3,GLOBAL,0,0.0036
6964,@meta.com,7,1.96,2,9,INDIA,0,0
6966,@netflix.com,12,14.72,6,2,GLOBAL,0,0
6967,@netflix.com,18,10.4,3,3,GLOBAL,0,0
6969,@netflix.com,7,45.26,2,3,UK,0,0
6970,@accenture.com,14,25.46,9,4,INDIA,0,0
6971,@meta.com,10,0.73,2,6,GLOBAL,0,0
6973,@accenture.com,10,1.38,3,6,INDIA,0,0
6974,@accenture.com,8,8.53,4,5,INDIA,0,0
6976,@generic_corp.com,17,0.49,12,4,UK,0,0.0006
6980,@microsoft.com,8,38.92,3,4,GERMANY,0,0
6981,@microsoft.com,9,7.99,4,4,GLOBAL,0,0
6983,@generic_corp.com,6,7.34,4,7,India,0,0
6987,@microsoft.com,11,15.89,12,3,India,0,0
6988,@netflix.com,28,7.33,9,5,INDIA,0,0.7297
6989,@uber.com,10,29.46,4,8,INDIA,0,0
6990,@accenture.com,25,2.58,0,6,USA,0,0
6996,@uber.com,6,0,6,5,GERMANY,0,0
6998,@meta.com,9,36.08,3,8,GLOBAL,0,0
7001,@microsoft.com,11,3.55,9,4,USA,0,0
7003,@accenture.com,7,40.67,6,5,USA,0,0
7004,@microsoft.com,4,28.98,4,5,INDIA,0,0
7006,@generic_corp.com,7,0,2,9,UK,0,0
7009,@microsoft.com,13,67.54,0,3,USA,0,0
7011,@accenture.com,24,44.85,9,4,India,0,0.017
7012,@accenture.com,9,45.06,2,5,GLOBAL,0,0
7013,@generic_corp.com,8,9.62,4,2,GLOBAL,0,0
7016,@meta.com,13,42.99,3,6,GERMANY,0,0
7022,@accenture.com,5,3.14,1,10,USA,0,0
7023,@accenture.com,11,25.24,12,6,USA,0,0
7027,@accenture.com,2,1.3,2,6,USA,0,0
7029,@uber.com,1,4.62,2,4,USA,0,0
7031,@microsoft.com,5,8.32,1,6,UK,0,0
7033,@meta.com,9,4.42,3,7,UK,0,0
7035,@microsoft.com,4,0,5,6,India,0,0
7037,@uber.com,15,0,9,4,USA,0,0
7038,@accenture.com,11,19.69,6,4,USA,0,0
7040,@accenture.com,19,2.82,9,5,India,0,0.0002
7041,@microsoft.com,3,26.2,2,4,INDIA,0,0
7045,@uber.com,17,11.65,18,5,INDIA,0,0.7843
7046,@meta.com,8,2.66,4,5,India,0,0
7049,@accenture.com,8,15.94,0,8,USA,0,0
7050,@netflix.com,7,17.08,4,2,USA,0,0
7052,@generic_corp.com,2,15.79,3,6,UK,0,0
7055,@accenture.com,14,22.62,12,3,India,0,0
7059,@accenture.com,5,38.72,2,3,UK,0,0
7060,@accenture.com,14,10.1,21,7,GLOBAL,1,0.9758
7064,@microsoft.com,11,13.47,9,1,UK,0,0
7066,@meta.com,8,21.22,3,4,India,0,0
7071,@netflix.com,16,0,0,4,USA,0,0
7079,@microsoft.com,16,0,12,1,USA,0,0
7082,@generic_corp.com,14,3.23,6,4,USA,0,0
7087,@meta.com,2,12.71,3,6,GLOBAL,0,0
7089,@uber.com,4,27.2,4,5,India,0,0
7092,@meta.com,11,22.7,6,8,GLOBAL,0,0
7094,@microsoft.com,4,0,6,3,INDIA,0,0
7096,@meta.com,16,0,0,4,INDIA,0,0
7098,@accenture.com,8,4.66,4,5,USA,0,0
7100,@accenture.com,10,23.21,0,3,UK,0,0
7102,@uber.com,4,47.02,0,4,INDIA,0,0
7104,@netflix.com,10,8.36,3,4,UK,0,0
7110,@netflix.com,11,2.23,12,4,UK,0,0
7111,@generic_corp.com,9,9.05,1,9,India,0,0
7113,@netflix.com,16,5.81,6,6,USA,0,0
7116,@uber.com,8,6.91,2,3,USA,0,0
7117,@uber.com,13,19.24,18,4,GLOBAL,0,0.0229
7120,@uber.com,4,43.06,5,7,USA,0,0
7125,@accenture.com,11,0.98,12,3,UK,0,0
7126,@meta.com,22,29.33,6,6,UK,0,0.0002
7132,@meta.com,18,6.24,9,9,GLOBAL,0,0.0016
7138,@netflix.com,18,16.09,3,6,INDIA,0,0
7139,@microsoft.com,11,16.76,3,5,UK,0,0
7140,@accenture.com,10,8.83,3,5,India,0,0
7144,@accenture.com,17,0.88,12,7,USA,0,0.0061
7145,@meta.com,8,10.23,3,3,GERMANY,0,0
7149,@microsoft.com,12,2.92,15,5,India,0,0.0003
7150,@netflix.com,7,9.49,2,6,India,0,0
7151,@microsoft.com,11,18.37,6,5,INDIA,0,0
7157,@meta.com,18,10.38,3,7,GERMANY,0,0
7158,@uber.com,10,32.82,3,5,INDIA,0,0
7160,@accenture.com,6,12.28,2,6,USA,0,0
7172,@microsoft.com,4,16.11,5,3,India,0,0
7174,@accenture.com,15,3.65,9,4,India,0,0
7177,@microsoft.com,18,1.37,15,3,INDIA,0,0.0379
7181,@microsoft.com,22,6.76,0,14,UK,0,0
7184,@generic_corp.com,6,14.07,1,8,USA,0,0
7186,@accenture.com,9,3.4,6,6,India,0,0
7187,@meta.com,23,1.28,21,4,USA,1,1
7191,@uber.com,19,3.13,9,4,GERMANY,0,0.0001
7192,@microsoft.com,12,2.28,6,4,UK,0,0
7193,@meta.com,9,23.25,2,7,UK,0,0
7194,@netflix.com,8,18.69,1,5,India,0,0
7195,@uber.com,23,0.88,9,11,UK,0,0.6193
7198,@accenture.com,7,7.34,3,8,USA,0,0
7201,@uber.com,8,4.12,1,1,India,0,0
7203,@netflix.com,17,31.94,12,3,USA,0,0.0003
7204,@uber.com,11,5.75,12,6,INDIA,0,0
7206,@netflix.com,9,32.99,6,12,UK,0,0
7215,@meta.com,10,20.78,6,5,UK,0,0
7216,@accenture.com,8,19.67,2,4,UK,0,0
7221,@meta.com,15,51.11,18,3,USA,0,0.0805
7222,@uber.com,17,6.39,6,5,USA,0,0
7226,@microsoft.com,13,23.28,9,2,UK,0,0
7229,@meta.com,6,12.34,4,2,INDIA,0,0
7231,@microsoft.com,16,9.17,12,8,UK,0,0.0047
7232,@netflix.com,6,2.75,2,3,USA,0,0
7233,@microsoft.com,10,4.13,2,3,UK,0,0
7236,@accenture.com,10,20.46,1,12,GERMANY,0,0
7237,@microsoft.com,12,15.26,12,7,UK,0,0
7238,@uber.com,12,37.45,9,6,INDIA,0,0
7239,@accenture.com,13,4.62,15,2,USA,0,0.0001
7240,@netflix.com,10,25.81,6,3,USA,0,0
7241,@netflix.com,10,3.08,3,2,GLOBAL,0,0
7244,@meta.com,15,13.04,6,8,UK,0,0
7245,@meta.com,9,22.63,2,8,GLOBAL,0,0
7246,@microsoft.com,9,25.97,1,7,UK,0,0
7248,@meta.com,7,0.91,4,6,India,0,0
7249,@uber.com,15,0.55,6,8,UK,0,0
7257,@microsoft.com,8,0,3,4,USA,0,0
7258,@uber.com,3,2,1,2,GERMANY,0,0
7259,@accenture.com,15,54.27,12,5,UK,0,0.0001
7262,@accenture.com,12,11.21,12,5,USA,0,0
7264,@generic_corp.com,14,1.92,6,7,India,0,0
7265,@accenture.com,12,13.37,15,7,GLOBAL,0,0.0017
7270,@microsoft.com,21,13.11,15,5,USA,0,0.8241
7272,@netflix.com,14,20.23,9,8,GERMANY,0,0
7275,@microsoft.com,13,1.62,3,1,USA,0,0
7276,@uber.com,14,4.06,9,2,UK,0,0
7279,@accenture.com,11,0,0,4,GERMANY,0,0
7281,@accenture.com,7,0.37,4,5,GLOBAL,0,0
7282,@microsoft.com,21,8.2,9,1,USA,0,0.0001
7283,@meta.com,21,23.28,12,4,USA,0,0.0375
7284,@uber.com,15,12.79,3,7,INDIA,0,0
7286,@microsoft.com,17,5.77,6,6,USA,0,0
7287,@accenture.com,5,2.27,3,2,INDIA,0,0
7289,@generic_corp.com,15,19.52,12,2,GERMANY,0,0
7293,@generic_corp.com,9,11.19,1,8,GLOBAL,0,0
7295,@accenture.com,8,14.41,1,4,USA,0,0
7296,@netflix.com,19,10.9,6,3,India,0,0
7299,@uber.com,15,47.57,0,8,India,0,0
7301,@meta.com,3,11.34,3,6,UK,0,0
7304,@meta.com,9,1.98,4,12,GLOBAL,0,0
7310,@accenture.com,9,25.92,3,4,USA,0,0
7313,@uber.com,18,0.45,12,6,GLOBAL,0,0.008
7316,@netflix.com,14,7.62,6,4,India,0,0
7317,@uber.com,4,23.91,7,9,UK,0,0
7318,@microsoft.com,9,0,6,7,USA,0,0
7319,@microsoft.com,10,5.76,2,1,GLOBAL,0,0
7321,@microsoft.com,5,1.66,5,8,India,0,0
7327,@generic_corp.com,6,34.3,3,7,USA,0,0
7332,@uber.com,6,9.18,7,5,GLOBAL,0,0
7336,@meta.com,20,16.53,6,5,GERMANY,0,0
7342,@microsoft.com,25,47.39,18,4,INDIA,1,0.9999
7343,@uber.com,7,5.27,3,7,GLOBAL,0,0
7344,@accenture.com,6,9.65,2,6,UK,0,0
7349,@microsoft.com,16,3.26,6,5,UK,0,0
7350,@uber.com,6,17.2,6,9,INDIA,0,0
7354,@microsoft.com,16,15.24,3,4,USA,0,0
7355,@netflix.com,16,3.27,9,5,INDIA,0,0
7356,@generic_corp.com,9,14.52,3,9,USA,0,0
7359,@netflix.com,26,11.13,6,2,UK,0,0.0005
7360,@uber.com,19,54.34,6,2,UK,0,0
7366,@microsoft.com,7,11.29,1,5,GERMANY,0,0
7370,@accenture.com,16,12.49,0,7,USA,0,0
7371,@uber.com,11,18,15,6,INDIA,0,0.0003
7373,@netflix.com,12,22.78,18,6,GERMANY,0,0.0386
7374,@netflix.com,8,15.07,4,6,USA,0,0
7377,@meta.com,11,28.05,0,5,UK,0,0
7378,@accenture.com,6,2.53,3,4,GERMANY,0,0
7379,@generic_corp.com,15,6.23,15,1,India,0,0.0003
7380,@netflix.com,11,33.03,0,5,UK,0,0
7381,@microsoft.com,4,1.72,6,7,India,0,0
7386,@microsoft.com,34,0,9,6,GLOBAL,1,0.9997
7387,@microsoft.com,19,16.99,6,6,USA,0,0
7388,@meta.com,6,23.47,3,3,India,0,0
7390,@microsoft.com,11,23.13,3,4,GERMANY,0,0
7393,@meta.com,10,2.48,4,8,USA,0,0
7394,@uber.com,10,18.55,3,5,UK,0,0
7400,@accenture.com,8,3.98,4,3,India,0,0
7401,@uber.com,11,20.68,6,5,GERMANY,0,0
7402,@netflix.com,16,24.7,9,7,USA,0,0
7404,@accenture.com,7,5.53,2,1,USA,0,0
7406,@netflix.com,12,2.94,0,10,INDIA,0,0
7410,@netflix.com,5,16.06,2,8,UK,0,0
7413,@accenture.com,9,96.87,4,2,USA,0,0
7418,@netflix.com,17,8.82,9,4,USA,0,0
7419,@meta.com,19,35.91,3,4,INDIA,0,0
7427,@netflix.com,18,4.01,3,3,USA,0,0
7428,@meta.com,6,9.32,2,11,UK,0,0
7430,@microsoft.com,10,3.26,4,5,USA,0,0
7431,@uber.com,5,3.42,4,7,USA,0,0
7432,@netflix.com,12,3,9,3,GERMANY,0,0
7433,@netflix.com,13,14.03,6,9,USA,0,0
7435,@meta.com,11,13.29,3,7,GLOBAL,0,0
7436,@microsoft.com,11,26.18,9,4,INDIA,0,0
7437,@microsoft.com,16,22.89,12,4,GERMANY,0,0.0002
7443,@uber.com,10,36.17,6,8,UK,0,0
7445,@microsoft.com,4,58.15,1,3,India,0,0
7447,@generic_corp.com,5,40.79,1,3,India,0,0
7450,@microsoft.com,4,1.7,1,10,USA,0,0
7451,@accenture.com,11,0,9,8,USA,0,0
7455,@netflix.com,8,1.22,3,3,GERMANY,0,0
7457,@microsoft.com,9,5.19,4,3,UK,0,0
7462,@uber.com,5,6.1,6,6,USA,0,0
7463,@netflix.com,16,1.87,6,7,UK,0,0
7465,@accenture.com,9,9.02,0,6,India,0,0
7469,@netflix.com,28,15.27,12,5,GERMANY,1,0.9932
7470,@meta.com,15,3.62,6,6,India,0,0
7471,@uber.com,14,44.4,15,7,India,0,0.0136
7472,@accenture.com,5,5.45,3,5,UK,0,0
7473,@microsoft.com,19,11.44,6,4,USA,0,0
7474,@generic_corp.com,26,12.7,12,2,UK,0,0.6134
7475,@uber.com,15,3.61,18,1,India,0,0.0175
7476,@netflix.com,2,5.16,2,5,India,0,0
7481,@microsoft.com,12,19.85,9,3,GLOBAL,0,0
7483,@microsoft.com,14,1.95,18,3,GLOBAL,0,0.0297
7487,@generic_corp.com,17,13.92,9,8,USA,0,0.0003
7490,@uber.com,10,12.24,1,8,USA,0,0
7491,@microsoft.com,10,21.78,5,7,USA,0,0
7495,@generic_corp.com,10,0,2,6,INDIA,0,0
7500,@meta.com,4,9.76,4,5,USA,0,0
7506,@accenture.com,15,1.57,12,9,UK,0,0.0037
7507,@meta.com,5,7.15,1,4,India,0,0
7508,@netflix.com,8,12.14,4,5,USA,0,0
7509,@accenture.com,4,1.71,3,6,USA,0,0
7510,@uber.com,5,0.6,3,4,UK,0,0
7512,@meta.com,12,1.83,3,4,India,0,0
7513,@accenture.com,15,4.34,6,7,GLOBAL,0,0
7514,@meta.com,21,10.32,12,9,INDIA,0,0.68
7517,@accenture.com,34,49.23,9,6,INDIA,1,0.9997
7518,@uber.com,12,20.99,6,5,UK,0,0
7523,@meta.com,19,32.43,9,10,GERMANY,0,0.0103
7528,@accenture.com,8,31.76,1,4,UK,0,0
7530,@accenture.com,5,3.8,1,4,USA,0,0
7531,@microsoft.com,14,58.01,9,4,USA,0,0
7532,@netflix.com,18,20.99,0,5,USA,0,0
7533,@netflix.com,13,14.39,18,5,India,0,0.0496
7537,@uber.com,3,70.91,1,1,GLOBAL,0,0
7538,@netflix.com,19,13.65,6,1,INDIA,0,0
7540,@microsoft.com,19,25.52,9,8,India,0,0.0021
7542,@accenture.com,8,15.94,1,6,USA,0,0
7543,@generic_corp.com,6,2.6,1,6,USA,0,0
7547,@microsoft.com,14,13.76,30,5,GERMANY,1,1
7553,@microsoft.com,8,3.66,3,7,UK,0,0
7555,@meta.com,19,10.04,3,4,USA,0,0
7556,@uber.com,6,38.12,3,3,India,0,0
7559,@meta.com,8,47.56,2,6,USA,0,0
7560,@generic_corp.com,12,1.07,3,5,USA,0,0
7564,@microsoft.com,16,14.78,15,5,UK,0,0.0228
7567,@uber.com,14,52.49,12,3,India,0,0
7568,@microsoft.com,16,0.44,9,5,GLOBAL,0,0
7571,@microsoft.com,24,28.55,9,6,UK,0,0.0792
7574,@netflix.com,10,16.79,1,3,India,0,0
7576,@uber.com,15,12.94,6,5,USA,0,0
7577,@netflix.com,4,0,6,3,USA,0,0
7580,@microsoft.com,11,4.79,3,6,USA,0,0
7581,@netflix.com,9,18.19,4,7,USA,0,0
7582,@netflix.com,25,4.15,6,3,GERMANY,0,0.0004
7583,@meta.com,19,9.12,6,6,INDIA,0,0
7585,@uber.com,19,16.67,12,6,INDIA,0,0.0226
7590,@meta.com,5,12.05,2,4,UK,0,0
7594,@accenture.com,4,14.04,5,6,India,0,0
7595,@meta.com,7,37.18,0,6,INDIA,0,0
7599,@netflix.com,9,34.82,3,6,UK,0,0
7600,@microsoft.com,5,25.16,1,6,GERMANY,0,0
7602,@microsoft.com,21,12.45,12,4,UK,0,0.0376
7604,@accenture.com,20,2.13,9,2,GERMANY,0,0.0001
7609,@netflix.com,10,6.48,3,5,USA,0,0
7611,@accenture.com,15,21.51,3,8,UK,0,0
7612,@meta.com,8,12.18,4,0,USA,0,0
7616,@uber.com,8,9.11,3,3,GLOBAL,0,0
7620,@uber.com,12,22.29,9,6,USA,0,0
7625,@accenture.com,15,34.51,18,6,USA,0,0.4912
7627,@accenture.com,6,5.69,1,7,India,0,0
7628,@uber.com,9,37.66,2,4,GERMANY,0,0
7629,@microsoft.com,4,2.02,2,8,INDIA,0,0
7630,@uber.com,5,16,1,9,USA,0,0
7633,@uber.com,12,26.91,24,9,UK,1,0.9992
7635,@microsoft.com,11,2.46,3,8,USA,0,0
7637,@netflix.com,9,0.86,2,9,GLOBAL,0,0
7638,@microsoft.com,7,0.23,2,5,GLOBAL,0,0
7641,@meta.com,10,13.08,1,3,INDIA,0,0
7642,@meta.com,10,16.42,2,4,GERMANY,0,0
7644,@netflix.com,11,0.97,0,4,GERMANY,0,0
7647,@netflix.com,7,4.6,2,4,USA,0,0
7648,@netflix.com,15,3.48,6,3,GERMANY,0,0
7649,@uber.com,15,8.76,12,5,USA,0,0.0001
7650,@accenture.com,10,0,3,3,GLOBAL,0,0
7652,@accenture.com,7,8.42,1,3,UK,0,0
7661,@microsoft.com,12,1.04,6,7,USA,0,0
7664,@meta.com,3,20.56,3,6,USA,0,0
7665,@netflix.com,12,5.51,3,3,UK,0,0
7666,@meta.com,12,1.41,6,9,INDIA,0,0
7668,@meta.com,6,38.36,3,2,USA,0,0
7672,@accenture.com,16,28.83,18,7,GERMANY,0,0.8613
7676,@accenture.com,10,31.37,3,4,USA,0,0
7677,@microsoft.com,18,84.21,15,6,UK,0,0.2993
7679,@microsoft.com,22,1.28,9,8,INDIA,0,0.0487
7681,@uber.com,3,2.17,3,6,India,0,0
7683,@accenture.com,19,8.28,6,5,GERMANY,0,0
7685,@uber.com,6,8.58,4,10,USA,0,0
7691,@meta.com,6,40.94,4,6,GLOBAL,0,0
7693,@uber.com,18,14.92,12,2,UK,0,0.0003
7694,@accenture.com,30,0.26,6,6,UK,0,0.4816
7695,@microsoft.com,4,12.65,1,7,India,0,0
7696,@meta.com,18,16.68,12,6,UK,0,0.0079
7697,@uber.com,21,13.28,3,9,USA,0,0
7699,@accenture.com,13,26.7,6,5,USA,0,0
7701,@microsoft.com,16,17.8,6,2,UK,0,0
7702,@meta.com,14,9.27,9,8,India,0,0
7706,@accenture.com,11,10.42,9,3,USA,0,0
7707,@netflix.com,11,7.12,9,3,GLOBAL,0,0
7709,@uber.com,7,4.8,9,3,UK,0,0
7710,@netflix.com,11,6.06,6,4,GERMANY,0,0
7713,@uber.com,7,0.03,3,3,UK,0,0
7714,@accenture.com,24,37.11,3,2,GERMANY,0,0
7715,@accenture.com,18,2.06,6,4,USA,0,0
7721,@meta.com,12,3.31,9,6,UK,0,0
7723,@accenture.com,5,5.81,4,4,UK,0,0
7725,@microsoft.com,14,24.88,6,4,GERMANY,0,0
7729,@generic_corp.com,15,4.24,6,8,UK,0,0
7730,@accenture.com,9,12.14,2,4,USA,0,0
7733,@netflix.com,8,36.33,6,3,GLOBAL,0,0
7736,@microsoft.com,7,6.79,7,5,GLOBAL,0,0
7737,@netflix.com,24,36.76,9,3,INDIA,0,0.0077
7740,@netflix.com,10,19.7,3,7,INDIA,0,0
7743,@microsoft.com,7,11.08,3,6,UK,0,0
7744,@accenture.com,10,36.88,7,8,INDIA,0,0
7747,@uber.com,5,34.86,3,5,INDIA,0,0
7752,@microsoft.com,8,7.13,4,9,USA,0,0
7757,@accenture.com,10,12.37,4,9,UK,0,0
7758,@microsoft.com,7,38.49,1,4,GLOBAL,0,0
7765,@meta.com,6,3.59,5,6,UK,0,0
7766,@netflix.com,8,40.95,1,5,INDIA,0,0
7767,@generic_corp.com,8,12.05,2,4,INDIA,0,0
7769,@netflix.com,9,5.32,0,4,India,0,0
7772,@accenture.com,11,18.84,9,7,INDIA,0,0
7773,@microsoft.com,17,1.57,6,8,USA,0,0
7777,@meta.com,15,6.05,3,3,INDIA,0,0
7785,@uber.com,7,61.68,3,2,USA,0,0
7786,@accenture.com,6,0,3,3,USA,0,0
7787,@netflix.com,14,10.56,0,6,USA,0,0
7788,@accenture.com,11,4.12,6,6,UK,0,0
7789,@accenture.com,9,9.18,1,6,USA,0,0
7790,@microsoft.com,15,11.21,9,4,GERMANY,0,0
7791,@accenture.com,10,16.1,4,9,INDIA,0,0
7797,@generic_corp.com,5,4.05,3,6,USA,0,0
7806,@meta.com,15,13.67,21,6,USA,1,0.9812
7807,@meta.com,5,5.52,4,4,GERMANY,0,0
7811,@meta.com,12,11.44,12,6,USA,0,0
7814,@meta.com,5,1.26,0,5,USA,0,0
7818,@netflix.com,7,5.79,4,7,UK,0,0
7819,@accenture.com,2,7.89,7,3,INDIA,0,0
7820,@uber.com,11,7.02,15,3,GERMANY,0,0
7823,@generic_corp.com,17,7.32,6,5,USA,0,0
7824,@generic_corp.com,8,16.18,7,9,UK,0,0
7826,@accenture.com,10,42.87,3,4,India,0,0
7829,@uber.com,10,53.58,5,9,India,0,0
7831,@netflix.com,14,11.54,6,9,UK,0,0
7834,@netflix.com,3,45.84,2,4,USA,0,0
7835,@netflix.com,12,7.03,6,7,India,0,0
7838,@microsoft.com,14,12.08,12,4,UK,0,0
7840,@generic_corp.com,9,23.03,1,5,India,0,0
7841,@netflix.com,11,7.21,9,5,UK,0,0
7845,@netflix.com,4,64.83,4,4,USA,0,0
7849,@microsoft.com,7,0,3,8,GLOBAL,0,0
7852,@netflix.com,7,18.87,0,4,USA,0,0
7853,@netflix.com,8,0.69,2,4,GLOBAL,0,0
7854,@meta.com,15,0,6,3,UK,0,0
7857,@microsoft.com,9,5.13,2,1,USA,0,0
7859,@netflix.com,11,1.93,6,6,USA,0,0
7860,@microsoft.com,21,46.84,12,6,India,0,0.161
7862,@netflix.com,18,9.16,9,4,GLOBAL,0,0
7863,@generic_corp.com,13,7.7,9,4,USA,0,0
7869,@microsoft.com,10,4.58,1,4,INDIA,0,0
7870,@generic_corp.com,10,6.89,3,2,India,0,0
7873,@microsoft.com,8,15.43,1,7,UK,0,0
7875,@accenture.com,11,43.89,12,10,USA,0,0.0001
7879,@meta.com,4,28.16,4,5,USA,0,0
7881,@meta.com,8,54.41,1,6,USA,0,0
7885,@netflix.com,25,8.13,3,2,India,0,0
7886,@netflix.com,9,13.68,4,5,USA,0,0
7892,@netflix.com,11,1.62,6,5,GERMANY,0,0
7893,@netflix.com,12,14.65,12,4,GERMANY,0,0
7896,@netflix.com,28,7.5,0,5,GLOBAL,0,0
7897,@accenture.com,4,4.32,0,2,USA,0,0
7904,@microsoft.com,7,41.54,6,1,UK,0,0
7908,@accenture.com,5,2.89,5,6,India,0,0
7909,@accenture.com,6,0,1,0,UK,0,0
7912,@generic_corp.com,30,8.2,6,6,UK,0,0.4812
7918,@netflix.com,5,6.08,3,7,GERMANY,0,0
7919,@microsoft.com,6,24.41,3,7,UK,0,0
7921,@netflix.com,11,37.98,3,5,USA,0,0
7924,@microsoft.com,6,18.13,7,4,GERMANY,0,0
7925,@microsoft.com,9,0,1,6,GLOBAL,0,0
7928,@microsoft.com,8,31.25,3,1,UK,0,0
7929,@uber.com,2,65.81,2,11,GLOBAL,0,0
7930,@microsoft.com,24,0.51,0,3,INDIA,0,0
7935,@netflix.com,9,0,2,3,USA,0,0
7938,@meta.com,21,0.21,12,7,USA,0,0.3009
7941,@accenture.com,9,21.16,1,5,UK,0,0
7942,@accenture.com,4,6.42,2,4,GERMANY,0,0
7943,@uber.com,8,6.61,3,8,USA,0,0
7945,@microsoft.com,16,16.21,15,6,UK,0,0.0493
7946,@meta.com,6,0.9,4,7,USA,0,0
7949,@netflix.com,10,9.17,1,7,USA,0,0
7951,@meta.com,14,0,6,6,INDIA,0,0
7955,@accenture.com,4,0.52,3,3,UK,0,0
7958,@uber.com,14,48.42,6,7,UK,0,0
7959,@uber.com,20,8.24,3,8,UK,0,0
7960,@generic_corp.com,30,19.2,3,5,GLOBAL,0,0.0077
7963,@generic_corp.com,13,44.64,6,4,GERMANY,0,0
7964,@microsoft.com,10,4.38,5,5,India,0,0
7967,@accenture.com,17,0,12,2,GERMANY,0,0.0001
7969,@uber.com,12,50.8,12,7,INDIA,0,0
7972,@microsoft.com,9,9.64,1,5,UK,0,0
7977,@meta.com,11,26.06,3,6,USA,0,0
7978,@accenture.com,1,3.35,0,2,GERMANY,0,0
7979,@meta.com,23,16.07,9,4,UK,0,0.006
7983,@netflix.com,18,3.93,12,4,UK,0,0.0016
7984,@accenture.com,18,16.98,9,7,USA,0,0.0003
7985,@accenture.com,5,36.38,3,6,USA,0,0
7991,@netflix.com,8,35.66,2,11,USA,0,0
7995,@netflix.com,7,32.05,3,5,USA,0,0
7996,@microsoft.com,14,3.94,3,11,UK,0,0
7997,@uber.com,19,11.35,6,10,USA,0,0.0002
7998,@netflix.com,9,6.05,2,5,GERMANY,0,0
8000,@microsoft.com,18,6.36,0,1,INDIA,0,0
8003,@accenture.com,29,6.07,3,5,GERMANY,0,0.0027
8004,@meta.com,13,27.46,9,4,GLOBAL,0,0
8012,@accenture.com,9,1.57,3,7,USA,0,0
8016,@accenture.com,19,6.06,24,5,USA,1,1
8020,@meta.com,8,0.48,2,4,INDIA,0,0
8021,@microsoft.com,10,15.3,3,2,India,0,0
8022,@accenture.com,17,9.22,9,3,GLOBAL,0,0
8023,@generic_corp.com,7,2.35,2,0,GLOBAL,0,0
8024,@meta.com,5,4.19,0,5,USA,0,0
8025,@microsoft.com,12,3.39,12,5,UK,0,0
8031,@uber.com,9,8.6,6,11,USA,0,0
8033,@microsoft.com,34,14.18,15,7,India,1,1
8034,@microsoft.com,3,3.72,4,4,UK,0,0
8036,@accenture.com,8,0.41,3,3,UK,0,0
8040,@uber.com,6,13.04,0,2,UK,0,0
8041,@meta.com,13,14.14,9,5,GERMANY,0,0
8043,@microsoft.com,10,41.68,5,5,GLOBAL,0,0
8045,@netflix.com,14,3.82,3,8,India,0,0
8047,@uber.com,7,19.15,7,5,UK,0,0
8051,@accenture.com,10,47.68,2,5,UK,0,0
8053,@netflix.com,6,4.1,2,4,UK,0,0
8057,@accenture.com,8,8.18,1,7,USA,0,0
8059,@netflix.com,9,8.93,1,4,INDIA,0,0
8060,@netflix.com,24,10.9,6,3,USA,0,0.0001
8061,@netflix.com,14,11.76,9,9,USA,0,0
8063,@uber.com,11,0.06,9,4,UK,0,0
8064,@meta.com,7,9.57,2,5,India,0,0
8066,@microsoft.com,5,12.2,3,10,INDIA,0,0
8073,@microsoft.com,16,0,9,3,India,0,0
8077,@microsoft.com,14,13.84,3,3,India,0,0
8078,@microsoft.com,11,69.9,6,3,UK,0,0
8079,@microsoft.com,15,0,3,6,USA,0,0
8080,@meta.com,14,0.49,0,4,INDIA,0,0
8082,@meta.com,7,15.78,3,5,USA,0,0
8085,@microsoft.com,4,9.57,2,8,GLOBAL,0,0
8087,@uber.com,7,2.35,4,2,GLOBAL,0,0
8088,@microsoft.com,19,0.82,12,7,USA,0,0.0491
8092,@netflix.com,25,5.9,6,5,USA,0,0.0021
8093,@uber.com,17,9.78,18,4,USA,0,0.6206
8096,@microsoft.com,7,51.09,4,1,UK,0,0
8097,@accenture.com,6,19.05,5,4,GERMANY,0,0
8100,@netflix.com,6,8.84,4,5,USA,0,0
8103,@generic_corp.com,25,5.2,0,3,USA,0,0
8104,@microsoft.com,2,0.4,4,3,India,0,0
8109,@netflix.com,8,0,5,1,USA,0,0
8111,@uber.com,12,12.48,6,3,India,0,0
8112,@netflix.com,5,20.95,5,2,UK,0,0
8116,@netflix.com,5,17.22,6,6,UK,0,0
8117,@accenture.com,6,0,2,9,GLOBAL,0,0
8119,@uber.com,8,12.71,1,5,UK,0,0
8120,@microsoft.com,16,13.34,9,5,GLOBAL,0,0
8121,@netflix.com,27,6.37,6,7,GERMANY,0,0.0789
8124,@accenture.com,12,21.26,6,8,UK,0,0
8130,@netflix.com,12,1.99,6,5,UK,0,0
8133,@uber.com,11,4.32,15,4,UK,0,0.0001
8136,@meta.com,15,0,6,5,INDIA,0,0
8137,@accenture.com,19,6.15,6,3,INDIA,0,0
8138,@microsoft.com,11,6.56,6,2,USA,0,0
8139,@uber.com,10,0.04,1,5,USA,0,0
8141,@netflix.com,2,36.6,6,5,UK,0,0
8143,@meta.com,6,10.66,2,7,INDIA,0,0
8145,@netflix.com,12,18.96,12,6,India,0,0
8146,@uber.com,19,20,9,4,GLOBAL,0,0.0001
8147,@meta.com,9,7.15,2,2,GERMANY,0,0
8150,@microsoft.com,15,3.15,9,5,GERMANY,0,0
8151,@meta.com,12,0.31,6,6,UK,0,0
8153,@generic_corp.com,14,16.38,6,3,India,0,0
8154,@netflix.com,2,12.83,2,9,UK,0,0
8156,@accenture.com,22,7.49,3,7,USA,0,0
8160,@microsoft.com,6,8.83,1,6,USA,0,0
8161,@uber.com,2,42.97,0,7,GLOBAL,0,0
8163,@microsoft.com,17,6.58,6,4,UK,0,0
8164,@uber.com,26,9.19,9,4,India,0,0.127
8165,@uber.com,10,28.03,2,4,UK,0,0
8167,@accenture.com,17,0.74,6,3,GLOBAL,0,0
8172,@netflix.com,6,1,4,4,USA,0,0
8174,@meta.com,17,0,12,5,India,0,0.0012
8178,@meta.com,8,6.69,3,3,USA,0,0
8183,@meta.com,5,12.37,4,9,UK,0,0
8184,@meta.com,12,29.37,15,3,India,0,0.0001
8186,@netflix.com,25,23.86,3,6,GLOBAL,0,0.0001
8187,@microsoft.com,15,33.49,15,3,UK,0,0.0016
8190,@microsoft.com,8,26.82,5,4,INDIA,0,0
8191,@microsoft.com,11,15.47,3,2,USA,0,0
8195,@accenture.com,12,10.45,18,8,INDIA,0,0.166
8198,@meta.com,8,3.6,4,9,GLOBAL,0,0
8199,@netflix.com,10,4.4,4,4,INDIA,0,0
8200,@netflix.com,9,17.07,4,3,USA,0,0
8205,@netflix.com,10,8.35,5,2,UK,0,0
8210,@meta.com,16,21.59,3,5,INDIA,0,0
8216,@microsoft.com,4,34.79,3,5,USA,0,0
8217,@microsoft.com,15,30.28,3,5,GERMANY,0,0
8218,@uber.com,11,4.19,3,5,USA,0,0
8219,@netflix.com,22,2.26,12,6,USA,0,0.3585
8220,@netflix.com,21,23.49,18,2,USA,1,0.9583
8221,@netflix.com,8,11.85,2,9,USA,0,0
8225,@netflix.com,17,3.82,6,2,GERMANY,0,0
8226,@generic_corp.com,19,14.2,9,5,UK,0,0.0002
8227,@accenture.com,25,4.77,18,0,USA,1,0.9969
8229,@netflix.com,5,9.1,0,8,GLOBAL,0,0
8237,@microsoft.com,7,2.94,2,6,UK,0,0
8238,@accenture.com,11,31.96,9,4,UK,0,0
8239,@uber.com,12,17.92,15,5,GLOBAL,0,0.0003
8241,@accenture.com,15,0.03,0,6,India,0,0
8242,@netflix.com,12,61.81,9,6,GLOBAL,0,0
8247,@uber.com,9,11.65,1,1,UK,0,0
8248,@accenture.com,8,15.64,3,7,USA,0,0
8250,@accenture.com,10,3.6,5,5,India,0,0
8251,@accenture.com,5,13.06,3,2,GERMANY,0,0
8252,@netflix.com,4,4.49,3,2,USA,0,0
8254,@netflix.com,21,10.56,12,1,UK,0,0.0035
8256,@microsoft.com,4,0.42,2,5,GLOBAL,0,0
8259,@uber.com,11,34.99,6,4,USA,0,0
8263,@uber.com,14,0,3,3,INDIA,0,0
8265,@accenture.com,22,35.11,3,2,India,0,0
8272,@generic_corp.com,5,2.24,2,9,USA,0,0
8273,@microsoft.com,15,15.1,12,5,INDIA,0,0.0001
8276,@accenture.com,8,4,3,1,USA,0,0
8279,@meta.com,17,20.56,9,4,INDIA,0,0
8280,@microsoft.com,21,22.3,6,9,INDIA,0,0.0007
8281,@microsoft.com,5,6.85,5,4,GERMANY,0,0
8284,@microsoft.com,13,63.71,6,6,UK,0,0
8289,@netflix.com,12,15.54,18,4,USA,0,0.0081
8290,@accenture.com,6,6.4,3,10,GERMANY,0,0
8291,@uber.com,9,16.03,4,4,UK,0,0
8296,@generic_corp.com,17,26.12,9,3,INDIA,0,0
8300,@microsoft.com,14,17.59,9,4,USA,0,0
8304,@netflix.com,7,3.15,3,3,GLOBAL,0,0
8306,@netflix.com,30,11.03,3,3,UK,0,0.0016
8307,@accenture.com,14,14.57,3,7,India,0,0
8309,@meta.com,25,8.29,0,3,UK,0,0
8311,@generic_corp.com,9,11.08,3,4,UK,0,0
8318,@uber.com,12,2.37,9,3,INDIA,0,0
8320,@netflix.com,23,7.36,6,5,UK,0,0.0002
8324,@uber.com,14,10.9,6,8,UK,0,0
8328,@meta.com,12,0,21,3,GLOBAL,0,0.1652
8330,@microsoft.com,10,41.53,4,12,UK,0,0
8332,@accenture.com,11,25.81,3,7,GERMANY,0,0
8333,@netflix.com,11,19.96,15,5,GLOBAL,0,0.0001
8339,@uber.com,11,6.7,12,5,GERMANY,0,0
8341,@netflix.com,13,20.79,18,4,India,0,0.0229
8343,@uber.com,23,8.15,12,4,GERMANY,0,0.2459
8349,@uber.com,3,12.43,4,2,GERMANY,0,0
8350,@netflix.com,9,5.16,4,4,USA,0,0
8356,@meta.com,7,0,3,6,UK,0,0
8358,@netflix.com,24,12.19,3,6,GERMANY,0,0
8360,@accenture.com,17,1.7,3,5,UK,0,0
8361,@uber.com,37,1.01,3,5,USA,1,0.9284
8364,@accenture.com,5,3.09,1,5,UK,0,0
8368,@microsoft.com,16,13.58,15,7,UK,0,0.1034
8370,@netflix.com,5,5.44,1,6,USA,0,0
8371,@uber.com,4,7.81,1,6,UK,0,0
8372,@microsoft.com,26,23.29,9,8,UK,0,0.7802
8374,@microsoft.com,8,19.82,5,5,UK,0,0
8379,@microsoft.com,8,0.01,2,4,UK,0,0
8384,@microsoft.com,19,2.44,15,4,USA,0,0.202
8385,@uber.com,13,8.58,21,3,USA,0,0.3633
8388,@generic_corp.com,26,0.63,0,5,GERMANY,0,0
8391,@microsoft.com,12,9.81,6,6,USA,0,0
8393,@accenture.com,13,29.81,9,3,INDIA,0,0
8398,@netflix.com,8,18.43,3,7,UK,0,0
8399,@uber.com,20,15.91,3,3,GERMANY,0,0
8402,@uber.com,13,54.55,6,3,GLOBAL,0,0
8403,@microsoft.com,8,64.38,3,4,GLOBAL,0,0
8407,@uber.com,17,17.06,6,8,UK,0,0
8408,@generic_corp.com,3,11.81,4,4,UK,0,0
8410,@microsoft.com,14,43.95,12,0,INDIA,0,0
8414,@accenture.com,16,2.5,15,9,GLOBAL,0,0.3637
8420,@uber.com,14,2.08,9,4,INDIA,0,0
8422,@uber.com,13,10.55,6,1,UK,0,0
8429,@uber.com,20,5.66,6,3,USA,0,0
8430,@uber.com,7,2.04,3,3,GLOBAL,0,0
8436,@netflix.com,10,28.63,3,2,India,0,0
8441,@microsoft.com,6,0,3,5,GERMANY,0,0
8444,@microsoft.com,17,20.31,9,4,GERMANY,0,0
8446,@uber.com,9,2.7,2,3,India,0,0
8447,@microsoft.com,16,8.99,6,8,USA,0,0
8449,@uber.com,10,7.41,5,5,India,0,0
8454,@microsoft.com,27,4.71,9,2,UK,0,0.0784
8455,@accenture.com,4,22.46,5,5,UK,0,0
8457,@microsoft.com,7,0,3,5,GLOBAL,0,0
8463,@netflix.com,10,31.42,2,6,USA,0,0
8467,@accenture.com,12,7.22,6,4,UK,0,0
8468,@uber.com,12,15.95,3,5,UK,0,0
8469,@microsoft.com,23,12.84,6,7,India,0,0.0012
8471,@accenture.com,11,10.39,15,5,INDIA,0,0.0001
8473,@accenture.com,8,9.07,1,1,USA,0,0
8477,@uber.com,4,18.18,3,8,INDIA,0,0
8479,@accenture.com,10,6.58,1,4,UK,0,0
8486,@uber.com,18,7.02,18,3,INDIA,0,0.68
8488,@generic_corp.com,14,5.89,9,9,GLOBAL,0,0
8489,@microsoft.com,8,42.37,3,4,GERMANY,0,0
8490,@accenture.com,9,45.21,2,8,USA,0,0
8494,@microsoft.com,11,6.04,12,2,UK,0,0
8495,@accenture.com,8,27.21,4,9,India,0,0
8498,@accenture.com,18,22.35,12,3,INDIA,0,0.0007
8500,@uber.com,10,0,2,4,UK,0,0
8502,@accenture.com,18,55.47,12,7,USA,0,0.0174
8505,@microsoft.com,11,49.02,12,3,USA,0,0
8506,@netflix.com,22,0.03,6,8,UK,0,0.0009
8509,@microsoft.com,27,102.41,6,5,USA,0,0.0167
8510,@netflix.com,12,0.21,18,6,USA,0,0.0388
8511,@accenture.com,5,12.14,1,5,India,0,0
8515,@microsoft.com,6,4.46,3,7,UK,0,0
8516,@accenture.com,12,5.15,9,3,GERMANY,0,0
8519,@meta.com,29,2.8,12,4,USA,1,0.9947
8523,@microsoft.com,12,9.67,9,6,UK,0,0
8524,@uber.com,18,18.18,3,3,GERMANY,0,0
8526,@microsoft.com,10,0,5,10,USA,0,0
8527,@microsoft.com,21,20.09,9,7,India,0,0.0079
8529,@microsoft.com,11,1.92,12,3,GERMANY,0,0
8535,@accenture.com,9,3.04,2,1,USA,0,0
8536,@uber.com,4,9.71,2,4,GERMANY,0,0
8537,@meta.com,12,14.82,6,4,GERMANY,0,0
8543,@microsoft.com,7,1.65,1,7,INDIA,0,0
8547,@meta.com,8,59.03,3,6,GERMANY,0,0
8549,@accenture.com,12,26.19,6,10,GERMANY,0,0
8550,@uber.com,6,10.46,1,4,INDIA,0,0
8551,@netflix.com,6,24.08,1,8,India,0,0
8553,@uber.com,11,28.08,3,5,USA,0,0
8555,@microsoft.com,12,67.84,12,2,GLOBAL,0,0
8560,@accenture.com,11,5.14,12,2,UK,0,0
8561,@meta.com,14,12.36,12,4,USA,0,0
8562,@uber.com,8,10.54,2,4,GLOBAL,0,0
8564,@uber.com,7,21.61,4,9,UK,0,0
8566,@netflix.com,12,26.77,9,6,GLOBAL,0,0
8567,@netflix.com,13,3.62,3,4,INDIA,0,0
8569,@accenture.com,11,17.82,3,4,USA,0,0
8574,@meta.com,7,25.69,4,4,UK,0,0
8577,@microsoft.com,10,43.65,1,5,USA,0,0
8578,@uber.com,10,0,1,8,GLOBAL,0,0
8579,@netflix.com,16,0,9,5,USA,0,0
8580,@uber.com,8,0,3,7,India,0,0
8581,@uber.com,7,24.43,3,8,USA,0,0
8586,@uber.com,21,9.89,3,12,USA,0,0.0001
8588,@meta.com,17,16.6,15,4,GLOBAL,0,0.0294
8592,@accenture.com,12,0,9,5,GERMANY,0,0
8593,@uber.com,7,34.9,7,4,USA,0,0
8594,@netflix.com,8,2.63,3,4,UK,0,0
8601,@uber.com,17,17.46,3,1,UK,0,0
8603,@microsoft.com,5,6.55,2,1,GERMANY,0,0
8604,@netflix.com,17,11.42,6,2,GLOBAL,0,0
8606,@uber.com,15,15.43,15,4,India,0,0.0036
8608,@microsoft.com,16,7.73,0,7,GERMANY,0,0
8613,@netflix.com,12,39.97,9,4,USA,0,0
8618,@meta.com,18,45.47,27,7,USA,1,1
8619,@generic_corp.com,15,14.18,21,4,USA,1,0.9136
8621,@accenture.com,7,5.62,3,9,USA,0,0
8622,@microsoft.com,11,5.76,9,2,USA,0,0
8624,@uber.com,16,22.16,15,7,INDIA,0,0.1033
8626,@uber.com,11,3.27,3,8,GERMANY,0,0
8627,@netflix.com,12,13.6,9,6,GERMANY,0,0
8629,@netflix.com,16,0.34,9,7,GLOBAL,0,0
8630,@meta.com,17,4.91,15,2,GERMANY,0,0.0061
8632,@microsoft.com,2,21.85,6,4,USA,0,0
8635,@uber.com,11,12.25,9,1,GLOBAL,0,0
8638,@microsoft.com,8,2.66,3,8,UK,0,0
8646,@uber.com,3,34.48,2,5,UK,0,0
8650,@microsoft.com,15,0.01,6,3,USA,0,0
8654,@accenture.com,17,0,6,3,USA,0,0
8655,@meta.com,13,10.18,6,7,UK,0,0
8656,@meta.com,15,6.86,6,4,UK,0,0
8657,@uber.com,14,9.09,3,7,UK,0,0
8658,@uber.com,11,33.3,15,4,USA,0,0.0001
8660,@microsoft.com,7,48.63,1,8,UK,0,0
8662,@microsoft.com,14,33.95,9,8,USA,0,0
8663,@meta.com,31,3.52,6,1,UK,0,0.047
8667,@microsoft.com,15,10.21,12,4,UK,0,0.0001
8668,@uber.com,10,29.59,3,6,USA,0,0
8669,@accenture.com,13,0.8,3,4,INDIA,0,0
8671,@meta.com,6,67.32,2,6,USA,0,0
8672,@microsoft.com,14,11.24,9,7,USA,0,0
8673,@netflix.com,11,5.42,12,5,GERMANY,0,0
8676,@microsoft.com,15,1.67,21,7,USA,1,0.9915
8677,@meta.com,8,3.62,5,9,USA,0,0
8678,@generic_corp.com,12,16.6,6,2,USA,0,0
8681,@netflix.com,12,57.62,15,7,UK,0,0.0016
8683,@microsoft.com,14,3.94,15,5,USA,0,0.0028
8686,@meta.com,5,16.72,3,6,GLOBAL,0,0
8687,@meta.com,14,4.24,12,7,USA,0,0.0003
8690,@accenture.com,7,9.17,5,5,USA,0,0
8692,@netflix.com,5,13.05,4,3,INDIA,0,0
8694,@microsoft.com,23,7.22,6,5,India,0,0.0002
8695,@netflix.com,13,20.91,15,4,UK,0,0.0004
8696,@uber.com,10,0.24,1,8,UK,0,0
8698,@uber.com,11,54.3,9,8,INDIA,0,0
8702,@meta.com,27,0,12,3,GLOBAL,1,0.9108
8703,@microsoft.com,15,36.59,9,3,India,0,0
8707,@microsoft.com,8,1.93,0,5,GLOBAL,0,0
8708,@meta.com,21,0,9,6,GLOBAL,0,0.0036
8710,@accenture.com,20,6.03,6,6,India,0,0
8716,@generic_corp.com,9,23.4,1,7,UK,0,0
8718,@netflix.com,8,13.49,1,5,USA,0,0
8721,@microsoft.com,6,0.56,4,2,INDIA,0,0
8722,@netflix.com,15,0,18,3,GERMANY,0,0.0812
8724,@meta.com,15,8.28,6,7,GERMANY,0,0
8725,@netflix.com,7,11,5,5,USA,0,0
8729,@netflix.com,4,9.09,6,2,USA,0,0
8734,@accenture.com,27,8.55,18,7,UK,1,1
8736,@microsoft.com,11,24.42,6,3,GLOBAL,0,0
8737,@netflix.com,12,6.68,6,6,USA,0,0
8739,@uber.com,14,4.78,24,4,India,1,0.995
8741,@microsoft.com,6,40.88,2,2,USA,0,0
8743,@meta.com,6,17.79,3,5,GLOBAL,0,0
8746,@microsoft.com,12,29.16,6,4,GERMANY,0,0
8748,@meta.com,5,26.09,5,11,USA,0,0
8750,@uber.com,15,2.39,3,7,USA,0,0
8752,@uber.com,2,2.28,3,8,GERMANY,0,0
8756,@meta.com,6,1.52,4,7,GLOBAL,0,0
8758,@netflix.com,24,2.22,15,4,GLOBAL,1,0.9807
8759,@netflix.com,16,15.95,3,6,USA,0,0
8761,@microsoft.com,11,24.99,9,6,India,0,0
8764,@uber.com,25,4.36,0,3,USA,0,0
8765,@uber.com,8,12.81,4,3,INDIA,0,0
8766,@microsoft.com,23,9.99,3,1,UK,0,0
8770,@uber.com,28,1.89,9,9,USA,1,0.9851
8772,@uber.com,3,17.49,2,8,UK,0,0
8778,@accenture.com,14,11.74,6,9,UK,0,0
8779,@netflix.com,6,7.83,5,11,GLOBAL,0,0
8783,@accenture.com,5,36.24,2,5,India,0,0
8785,@netflix.com,21,34.81,6,6,USA,0,0.0001
8788,@netflix.com,11,70.98,6,4,USA,0,0
8790,@microsoft.com,25,29.69,3,9,UK,0,0.0009
8794,@uber.com,9,12.79,3,6,UK,0,0
8795,@uber.com,13,6.44,6,2,UK,0,0
8797,@netflix.com,11,7.19,15,4,India,0,0.0001
8807,@uber.com,14,53.23,15,3,INDIA,0,0.0006
8808,@accenture.com,16,4.37,6,5,INDIA,0,0
8818,@netflix.com,11,2.43,6,6,USA,0,0
8819,@netflix.com,20,41.35,18,7,GLOBAL,1,0.9977
8820,@microsoft.com,16,2.6,6,3,USA,0,0
8824,@uber.com,21,14.98,0,0,USA,0,0
8826,@accenture.com,13,15.09,9,7,India,0,0
8827,@netflix.com,8,4.86,4,7,India,0,0
8829,@microsoft.com,19,34.13,0,5,GERMANY,0,0
8834,@accenture.com,18,59.39,3,4,INDIA,0,0
8837,@microsoft.com,22,26,3,4,USA,0,0
8838,@uber.com,17,14.9,6,3,USA,0,0
8840,@accenture.com,29,14.84,6,7,UK,0,0.4164
8841,@microsoft.com,14,27.69,3,6,USA,0,0
8845,@accenture.com,10,8.92,6,5,UK,0,0
8846,@microsoft.com,3,38.93,3,6,USA,0,0
8847,@accenture.com,5,3.85,1,10,INDIA,0,0
8852,@uber.com,8,7.69,1,8,UK,0,0
8853,@meta.com,14,3.98,18,5,UK,0,0.1313
8864,@microsoft.com,5,10.8,8,3,INDIA,0,0
8866,@generic_corp.com,5,2.81,1,4,UK,0,0
8871,@accenture.com,17,15.8,15,9,GERMANY,0,0.6222
8873,@netflix.com,3,11.88,3,6,UK,0,0
8874,@netflix.com,8,3.11,6,12,GERMANY,0,0
8877,@uber.com,7,8.27,4,3,USA,0,0
8879,@microsoft.com,14,44.14,9,6,USA,0,0
8884,@netflix.com,10,11.85,1,6,GLOBAL,0,0
8886,@accenture.com,14,2.68,12,4,UK,0,0
8893,@accenture.com,5,6.57,3,6,GERMANY,0,0
8896,@accenture.com,10,57.61,1,6,USA,0,0
8897,@uber.com,20,11.01,15,8,INDIA,1,0.947
8900,@netflix.com,5,8.18,4,5,UK,0,0
8901,@microsoft.com,4,15.16,1,4,UK,0,0
8904,@accenture.com,8,12.94,4,4,GLOBAL,0,0
8908,@meta.com,25,15.5,0,7,USA,0,0
8911,@netflix.com,7,21.48,3,6,INDIA,0,0
8917,@uber.com,10,4.52,0,5,USA,0,0
8921,@microsoft.com,9,12.41,1,8,UK,0,0
8922,@uber.com,9,14.53,5,3,USA,0,0
8925,@netflix.com,18,2.88,6,5,UK,0,0
8927,@accenture.com,16,11.39,3,9,GERMANY,0,0
8928,@accenture.com,11,24.6,3,3,GLOBAL,0,0
8929,@meta.com,6,8.93,1,3,USA,0,0
8931,@accenture.com,14,7.11,6,3,USA,0,0
8932,@meta.com,3,17.63,7,6,USA,0,0
8933,@microsoft.com,4,13.38,1,4,INDIA,0,0
8938,@microsoft.com,2,1.71,1,1,India,0,0
8942,@microsoft.com,23,8.02,6,7,UK,0,0.0012
8943,@netflix.com,5,2.13,1,5,USA,0,0
8947,@microsoft.com,18,1.53,6,5,USA,0,0
8948,@uber.com,19,28.07,6,4,UK,0,0
8949,@netflix.com,6,2.79,3,1,INDIA,0,0
8951,@generic_corp.com,8,6.22,5,10,INDIA,0,0
8953,@microsoft.com,7,13.26,4,3,UK,0,0
8955,@netflix.com,8,0.19,1,4,INDIA,0,0
8957,@uber.com,10,6.82,4,6,GLOBAL,0,0
8958,@accenture.com,10,18.48,5,15,USA,0,0
8961,@accenture.com,12,8.57,12,7,USA,0,0
8965,@microsoft.com,14,20.04,3,5,India,0,0
8970,@netflix.com,5,4.43,6,10,USA,0,0
8972,@microsoft.com,10,5.47,1,4,GERMANY,0,0
8974,@netflix.com,10,4.33,7,6,INDIA,0,0
8977,@netflix.com,20,2.82,9,6,USA,0,0.0012
8978,@meta.com,20,8.03,9,7,India,0,0.0028
8979,@meta.com,13,1.88,15,8,GLOBAL,0,0.0106
8980,@uber.com,10,7.63,5,5,India,0,0
8983,@uber.com,8,10.83,2,4,UK,0,0
8986,@meta.com,10,0.73,1,4,UK,0,0
8987,@meta.com,15,3.63,9,5,USA,0,0
8989,@meta.com,10,24.31,3,5,UK,0,0
8990,@accenture.com,13,21.45,9,4,GERMANY,0,0
8991,@uber.com,11,0,6,7,UK,0,0
8999,@netflix.com,8,10.77,3,2,USA,0,0
9001,@uber.com,18,3.92,12,5,GLOBAL,0,0.0036
9002,@uber.com,8,23.54,4,9,India,0,0
9004,@netflix.com,6,54.56,5,11,GERMANY,0,0
9005,@microsoft.com,7,8.6,0,5,USA,0,0
9007,@meta.com,22,10.52,15,4,India,0,0.8589
9009,@uber.com,21,33.11,18,4,UK,1,0.9913
9011,@accenture.com,15,6.36,6,4,GLOBAL,0,0
9013,@microsoft.com,13,5.92,9,7,India,0,0
9015,@uber.com,9,1.09,5,10,INDIA,0,0
9016,@meta.com,10,5,1,2,USA,0,0
9018,@microsoft.com,39,4.09,3,11,GLOBAL,1,0.9999
9020,@netflix.com,18,6.01,3,4,USA,0,0
9022,@accenture.com,12,10.99,12,3,GERMANY,0,0
9023,@accenture.com,24,10.74,12,4,GERMANY,0,0.4848
9027,@accenture.com,11,3.6,12,3,USA,0,0
9030,@accenture.com,16,0.31,3,7,GLOBAL,0,0
9032,@microsoft.com,13,21.05,12,7,UK,0,0.0001
9035,@meta.com,12,35.46,18,5,USA,0,0.0177
9038,@accenture.com,17,19.93,12,3,INDIA,0,0.0003
9040,@generic_corp.com,7,5.01,0,2,USA,0,0
9041,@generic_corp.com,16,2.83,3,2,INDIA,0,0
9044,@uber.com,7,4.1,1,4,UK,0,0
9047,@uber.com,22,6.54,6,4,INDIA,0,0
9049,@accenture.com,10,10.29,4,6,UK,0,0
9053,@generic_corp.com,5,68.14,1,3,INDIA,0,0
9054,@uber.com,12,6.46,3,5,USA,0,0
9055,@accenture.com,8,11.16,3,6,UK,0,0
9060,@microsoft.com,24,9.44,12,6,GERMANY,0,0.8232
9061,@microsoft.com,10,6.09,4,4,INDIA,0,0
9063,@netflix.com,11,10.79,3,8,INDIA,0,0
9065,@generic_corp.com,10,3.98,4,7,USA,0,0
9070,@microsoft.com,28,0,24,7,UK,1,1
9073,@meta.com,18,0,9,10,USA,0,0.0036
9074,@uber.com,4,23.65,3,10,India,0,0
9075,@accenture.com,33,20.37,3,8,USA,0,0.6714
9077,@microsoft.com,3,18.74,2,4,UK,0,0
9078,@microsoft.com,11,2.78,24,5,GERMANY,1,0.9481
9085,@uber.com,20,0,12,8,GLOBAL,0,0.2489
9086,@uber.com,10,1.51,4,4,USA,0,0
9087,@generic_corp.com,4,5.98,1,7,India,0,0
9088,@uber.com,11,9.23,12,1,GERMANY,0,0
9090,@netflix.com,10,24.35,4,9,UK,0,0
9091,@accenture.com,14,56.54,0,6,INDIA,0,0
9093,@microsoft.com,14,15.39,9,8,INDIA,0,0
9094,@generic_corp.com,11,2.17,15,4,GLOBAL,0,0.0001
9096,@netflix.com,13,22.18,12,8,India,0,0.0002
9100,@microsoft.com,9,3.61,5,11,GERMANY,0,0
9101,@accenture.com,12,22.89,6,7,GERMANY,0,0
9105,@accenture.com,4,13.34,4,8,UK,0,0
9106,@microsoft.com,17,27.18,9,6,GLOBAL,0,0.0001
9109,@meta.com,15,17.56,9,4,INDIA,0,0
9110,@meta.com,14,3.19,9,5,USA,0,0
9113,@generic_corp.com,12,2.86,6,2,USA,0,0
9114,@uber.com,22,4.33,3,0,USA,0,0
9117,@meta.com,11,0.67,3,4,USA,0,0
9122,@microsoft.com,16,3.45,15,9,GLOBAL,0,0.3636
9124,@uber.com,10,10.35,2,6,INDIA,0,0
9128,@netflix.com,9,4.57,4,3,USA,0,0
9129,@accenture.com,3,14.68,4,0,UK,0,0
9131,@meta.com,4,36.01,7,6,GLOBAL,0,0
9132,@microsoft.com,13,2.95,6,1,USA,0,0
9133,@generic_corp.com,12,8.65,0,7,INDIA,0,0
9135,@uber.com,6,17.32,5,5,India,0,0
9138,@generic_corp.com,12,13.47,3,3,GLOBAL,0,0
9142,@uber.com,10,0.19,7,3,GERMANY,0,0
9143,@microsoft.com,5,0,3,5,USA,0,0
9145,@generic_corp.com,15,0.58,9,6,GERMANY,0,0
9148,@netflix.com,4,7.71,4,7,UK,0,0
9152,@accenture.com,29,22.13,6,3,INDIA,0,0.0283
9154,@netflix.com,14,5.37,9,7,USA,0,0
9155,@meta.com,10,18.22,3,5,UK,0,0
9157,@uber.com,27,9.75,9,3,GLOBAL,0,0.1589
9160,@meta.com,4,34.61,4,9,GLOBAL,0,0
9161,@generic_corp.com,10,0,4,4,GLOBAL,0,0
9168,@uber.com,18,1.98,9,3,UK,0,0
9171,@accenture.com,19,13.58,18,4,USA,1,0.9317
9172,@accenture.com,14,11.09,3,8,USA,0,0
9175,@microsoft.com,12,49.28,9,3,USA,0,0
9178,@meta.com,15,7.26,6,8,GLOBAL,0,0
9188,@netflix.com,24,18.79,6,5,UK,0,0.0007
9191,@accenture.com,14,12.76,9,9,USA,0,0
9197,@uber.com,11,5.58,6,3,GLOBAL,0,0
9199,@microsoft.com,9,7.82,8,5,GERMANY,0,0
9203,@netflix.com,15,20.25,9,3,GLOBAL,0,0
9205,@uber.com,11,10.61,0,6,GLOBAL,0,0
9212,@meta.com,8,0,5,6,USA,0,0
9214,@microsoft.com,10,11.31,4,4,GERMANY,0,0
9217,@microsoft.com,18,7.75,12,3,GLOBAL,0,0.0007
9220,@meta.com,27,3.7,9,4,USA,0,0.2961
9221,@accenture.com,14,25.65,12,3,USA,0,0
9224,@netflix.com,25,5.49,6,6,India,0,0.0046
9226,@microsoft.com,6,7.21,3,1,USA,0,0
9229,@microsoft.com,27,0,12,8,UK,1,0.9982
9233,@meta.com,10,18.42,2,8,India,0,0
9234,@microsoft.com,13,0.56,9,8,UK,0,0
9237,@uber.com,10,0.11,3,2,USA,0,0
9238,@meta.com,19,9.53,9,6,INDIA,0,0.0004
9239,@microsoft.com,6,27.25,2,11,USA,0,0
9241,@uber.com,10,85.39,2,7,USA,0,0
9242,@uber.com,10,9.99,4,7,UK,0,0
9246,@uber.com,8,18.57,3,4,INDIA,0,0
9248,@microsoft.com,13,7.08,9,2,UK,0,0
9249,@netflix.com,12,30.03,0,4,GLOBAL,0,0
9250,@meta.com,14,16.16,6,3,UK,0,0
9251,@netflix.com,9,7.14,4,4,USA,0,0
9252,@generic_corp.com,1,0,1,7,UK,0,0
9254,@microsoft.com,7,26.69,3,3,INDIA,0,0
9256,@accenture.com,11,0,9,5,USA,0,0
9259,@microsoft.com,7,41.95,3,2,UK,0,0
9260,@meta.com,10,20.9,1,3,USA,0,0
9263,@meta.com,5,18.14,3,9,India,0,0
9265,@accenture.com,17,19.33,9,4,GLOBAL,0,0
9267,@uber.com,10,1.32,3,5,GERMANY,0,0
9269,@microsoft.com,11,46.72,15,7,INDIA,0,0.0006
9270,@uber.com,10,0,3,8,India,0,0
9274,@microsoft.com,6,0.71,2,4,INDIA,0,0
9276,@meta.com,11,12.71,18,5,INDIA,0,0.0062
9282,@generic_corp.com,3,3.48,2,1,USA,0,0
9283,@accenture.com,10,16.19,1,5,GERMANY,0,0
9285,@microsoft.com,17,29.72,12,5,UK,0,0.0012
9286,@accenture.com,1,24,2,9,UK,0,0
9291,@generic_corp.com,11,55.06,9,3,USA,0,0
9292,@uber.com,6,15.63,4,4,USA,0,0
9295,@meta.com,7,5.49,2,6,USA,0,0
9296,@accenture.com,12,21.52,12,4,GERMANY,0,0
9297,@microsoft.com,14,16.03,15,5,GLOBAL,0,0.0028
9298,@microsoft.com,4,3.71,2,8,UK,0,0
9300,@accenture.com,13,59.72,18,4,GLOBAL,0,0.0228
9301,@meta.com,15,0,6,7,USA,0,0
9303,@uber.com,17,14.81,12,8,USA,0,0.0135
9314,@microsoft.com,10,22.81,2,3,UK,0,0
9317,@accenture.com,9,19.65,2,3,GLOBAL,0,0
9318,@meta.com,6,15.66,2,6,GLOBAL,0,0
9319,@accenture.com,6,64.75,3,2,USA,0,0
9322,@uber.com,24,16.39,6,3,INDIA,0,0.0001
9326,@accenture.com,19,9.58,9,6,USA,0,0.0004
9328,@netflix.com,10,9.75,3,9,UK,0,0
9329,@accenture.com,21,30.41,6,5,GERMANY,0,0
9331,@meta.com,16,9.1,9,2,USA,0,0
9332,@microsoft.com,15,5.6,0,5,GLOBAL,0,0
9333,@accenture.com,10,13.09,6,4,UK,0,0
9335,@meta.com,16,19.81,24,5,UK,1,0.9997
9337,@netflix.com,9,1.95,3,7,UK,0,0
9340,@meta.com,24,44.58,9,6,GERMANY,0,0.0789
9341,@accenture.com,8,26.23,0,4,USA,0,0
9342,@microsoft.com,27,0.3,0,6,GLOBAL,0,0
9345,@generic_corp.com,17,1.32,9,4,USA,0,0
9346,@meta.com,10,0.5,0,5,INDIA,0,0
9347,@accenture.com,29,23.46,21,4,USA,1,1
9350,@microsoft.com,2,61.4,5,9,UK,0,0
9351,@accenture.com,13,5.69,3,9,India,0,0
9353,@accenture.com,9,64.32,4,7,USA,0,0
9361,@accenture.com,9,38.54,4,9,India,0,0
9366,@meta.com,7,9.22,0,5,GERMANY,0,0
9368,@meta.com,24,6.98,6,5,India,0,0.0007
9369,@microsoft.com,14,5.86,9,6,USA,0,0
9374,@meta.com,17,0.99,3,6,USA,0,0
9375,@microsoft.com,12,38.46,6,5,USA,0,0
9379,@microsoft.com,12,10.24,15,1,USA,0,0
9383,@uber.com,4,46.74,3,8,India,0,0
9384,@accenture.com,3,1.75,4,4,USA,0,0
9387,@generic_corp.com,10,0.31,8,4,USA,0,0
9389,@microsoft.com,12,35.97,12,5,USA,0,0
9391,@microsoft.com,6,11.82,2,3,USA,0,0
9393,@generic_corp.com,11,55.26,9,11,UK,0,0
9394,@uber.com,16,0.32,9,5,India,0,0
9395,@meta.com,11,4.73,18,8,USA,0,0.0645
9396,@uber.com,9,5.72,3,4,INDIA,0,0
9397,@microsoft.com,14,1.91,3,2,UK,0,0
9399,@accenture.com,19,6.94,3,6,INDIA,0,0
9400,@generic_corp.com,12,47.84,3,6,UK,0,0
9402,@netflix.com,18,40.95,21,3,INDIA,1,0.9913
9403,@microsoft.com,4,24.91,2,3,India,0,0
9417,@meta.com,2,19.08,3,4,USA,0,0
9418,@microsoft.com,12,7.08,6,3,GERMANY,0,0
9419,@meta.com,10,32.68,1,2,India,0,0
9421,@microsoft.com,12,3.92,6,4,USA,0,0
9432,@microsoft.com,7,21.79,2,5,USA,0,0
9434,@accenture.com,4,9.77,4,5,GLOBAL,0,0
9435,@generic_corp.com,12,6.81,6,1,UK,0,0
9439,@microsoft.com,6,3.27,3,3,UK,0,0
9443,@uber.com,15,24.01,6,6,INDIA,0,0
9446,@uber.com,13,5.48,15,5,USA,0,0.001
9447,@microsoft.com,12,5.43,6,3,USA,0,0
9448,@accenture.com,14,2.07,3,5,USA,0,0
9450,@meta.com,3,8.38,5,4,GERMANY,0,0
9451,@uber.com,5,0.76,4,4,USA,0,0
9453,@uber.com,22,10.29,12,3,UK,0,0.0483
9455,@netflix.com,18,16.82,6,2,USA,0,0
9457,@microsoft.com,14,15.66,3,8,USA,0,0
9459,@generic_corp.com,13,0.94,18,4,UK,0,0.023
9461,@generic_corp.com,21,2.08,15,4,GLOBAL,0,0.6786
9462,@netflix.com,7,6.91,2,3,USA,0,0
9464,@accenture.com,4,39.77,3,4,UK,0,0
9475,@accenture.com,19,1.14,6,3,INDIA,0,0
9476,@uber.com,2,52.35,3,9,India,0,0
9478,@uber.com,16,47.82,15,4,UK,0,0.0103
9479,@uber.com,11,47.1,12,7,UK,0,0
9480,@generic_corp.com,6,24.1,1,5,UK,0,0
9483,@netflix.com,21,7.71,0,8,India,0,0
9484,@netflix.com,16,23.06,12,3,INDIA,0,0.0001
9485,@uber.com,9,39.21,1,2,USA,0,0
9486,@meta.com,10,8.71,4,8,INDIA,0,0
9491,@accenture.com,10,4,2,3,UK,0,0
9494,@netflix.com,5,11.93,0,4,UK,0,0
9496,@generic_corp.com,9,13.64,5,2,INDIA,0,0
9498,@microsoft.com,18,14.13,24,8,INDIA,1,1
9504,@generic_corp.com,9,20.46,5,11,UK,0,0
9506,@meta.com,17,34.03,9,3,USA,0,0
9508,@microsoft.com,20,66.55,18,3,GERMANY,1,0.9461
9509,@netflix.com,14,18.09,12,6,GLOBAL,0,0.0001
9512,@uber.com,16,9.57,15,6,GERMANY,0,0.0493
9513,@uber.com,7,15.04,6,9,USA,0,0
9514,@uber.com,6,36.81,1,3,GERMANY,0,0
9517,@generic_corp.com,7,17.91,4,4,India,0,0
9518,@netflix.com,11,41.17,3,4,USA,0,0
9520,@accenture.com,7,23.5,4,5,USA,0,0
9528,@meta.com,6,11.66,2,3,INDIA,0,0
9529,@uber.com,16,12.97,6,4,GLOBAL,0,0
9530,@microsoft.com,26,12.2,6,6,INDIA,0,0.0131
9531,@netflix.com,10,7.97,1,6,USA,0,0
9533,@microsoft.com,8,32.66,3,8,GLOBAL,0,0
9534,@meta.com,5,14.14,4,8,UK,0,0
9538,@netflix.com,9,18.44,3,2,India,0,0
9540,@accenture.com,14,57.17,3,4,USA,0,0
9541,@microsoft.com,22,28.36,9,9,UK,0,0.1018
9542,@uber.com,7,2.08,3,3,GERMANY,0,0
9543,@accenture.com,10,11.86,5,5,GERMANY,0,0
9544,@uber.com,9,14.99,6,5,UK,0,0
9547,@accenture.com,7,40.48,4,5,USA,0,0
9551,@netflix.com,14,1.49,6,6,USA,0,0
9553,@microsoft.com,22,5.43,3,8,UK,0,0
9556,@uber.com,12,15.6,9,12,INDIA,0,0
9558,@microsoft.com,12,0.53,3,4,USA,0,0
9559,@meta.com,2,18.25,2,7,UK,0,0
9560,@accenture.com,8,28.02,4,10,India,0,0
9562,@netflix.com,21,55.77,12,3,UK,0,0.0171
9563,@uber.com,11,8.11,18,8,UK,0,0.0645
9564,@netflix.com,28,20.79,9,4,India,0,0.5477
9567,@netflix.com,11,12.07,9,3,USA,0,0
9568,@netflix.com,20,4.54,3,9,UK,0,0
9575,@accenture.com,2,8.91,4,5,India,0,0
9577,@uber.com,12,18.06,6,4,India,0,0
9582,@meta.com,4,12.79,2,11,USA,0,0
9583,@netflix.com,20,9.78,6,2,USA,0,0
9587,@accenture.com,10,24.06,7,4,GLOBAL,0,0
9588,@meta.com,14,15.23,18,4,USA,0,0.0635
9590,@uber.com,12,31.52,9,5,India,0,0
9591,@accenture.com,6,4.18,3,3,INDIA,0,0
9594,@netflix.com,9,12.35,4,5,INDIA,0,0
9595,@meta.com,7,11.81,5,4,India,0,0
9600,@uber.com,7,0,1,5,GLOBAL,0,0
9602,@uber.com,10,2.34,5,2,USA,0,0
9603,@accenture.com,11,17.76,6,4,USA,0,0
9607,@uber.com,11,18.89,9,4,GLOBAL,0,0
9609,@microsoft.com,8,29.71,1,4,USA,0,0
9610,@accenture.com,15,19.43,15,3,USA,0,0.0016
9612,@netflix.com,14,62.59,9,9,USA,0,0
9616,@generic_corp.com,11,0,0,7,India,0,0
9617,@generic_corp.com,8,7.79,1,4,GLOBAL,0,0
9624,@accenture.com,6,0.46,1,5,INDIA,0,0
9626,@microsoft.com,3,1.97,2,3,USA,0,0
9628,@accenture.com,10,13.91,6,5,GERMANY,0,0
9630,@uber.com,10,0.56,3,4,GERMANY,0,0
9631,@uber.com,18,5.98,3,4,USA,0,0
9636,@accenture.com,8,8.32,2,7,GERMANY,0,0
9637,@accenture.com,9,22.41,0,5,USA,0,0
9639,@microsoft.com,12,19.5,6,3,USA,0,0
9640,@microsoft.com,6,11.18,5,4,GLOBAL,0,0
9641,@accenture.com,9,15.1,0,7,UK,0,0
9649,@uber.com,9,6.58,4,3,USA,0,0
9654,@microsoft.com,16,69.95,6,9,GERMANY,0,0
9660,@netflix.com,12,1,12,10,UK,0,0.0003
9665,@microsoft.com,10,22.18,5,3,INDIA,0,0
9666,@microsoft.com,9,4.12,6,12,USA,0,0
9667,@uber.com,7,51.96,3,6,GERMANY,0,0
9670,@accenture.com,10,11.31,4,6,UK,0,0
9671,@netflix.com,13,1.96,12,4,USA,0,0
9678,@uber.com,18,3.79,12,8,USA,0,0.0382
9682,@accenture.com,22,5.74,0,6,INDIA,0,0
9684,@microsoft.com,24,27.69,6,4,USA,0,0.0003
9686,@microsoft.com,14,0.03,9,5,GERMANY,0,0
9692,@uber.com,16,2.37,6,6,GERMANY,0,0
9696,@microsoft.com,10,15.45,3,7,UK,0,0
9697,@generic_corp.com,9,21.2,3,2,USA,0,0
9698,@microsoft.com,4,2.72,3,12,USA,0,0
9700,@microsoft.com,21,8.31,3,4,GLOBAL,0,0
9701,@netflix.com,8,36.95,7,3,India,0,0
9702,@accenture.com,14,14.33,9,4,India,0,0
9707,@meta.com,8,0,0,8,INDIA,0,0
9710,@uber.com,17,10.48,12,4,USA,0,0.0006
9711,@accenture.com,20,6.94,27,6,USA,1,1
9713,@uber.com,9,1.99,3,9,GLOBAL,0,0
9715,@netflix.com,21,1.81,6,4,India,0,0
9716,@accenture.com,17,17.44,9,3,UK,0,0
9718,@uber.com,3,17.18,4,5,INDIA,0,0
9719,@netflix.com,13,1.17,9,7,UK,0,0
9722,@meta.com,11,0,15,10,UK,0,0.0063
9725,@accenture.com,5,4.34,2,6,UK,0,0
9726,@uber.com,10,22.97,5,3,INDIA,0,0
9732,@meta.com,12,0.18,9,6,India,0,0
9740,@microsoft.com,8,26.58,3,4,India,0,0
9741,@microsoft.com,11,1.34,3,6,USA,0,0
9751,@microsoft.com,8,10.85,2,7,India,0,0
9755,@generic_corp.com,10,6.93,3,5,USA,0,0
9756,@accenture.com,5,2.03,4,1,India,0,0
9762,@uber.com,15,1.02,3,9,INDIA,0,0
9764,@netflix.com,16,49.85,3,6,India,0,0
9766,@accenture.com,5,4.82,1,6,INDIA,0,0
9767,@meta.com,19,2.24,0,5,INDIA,0,0
9773,@microsoft.com,7,7.59,6,6,India,0,0
9775,@netflix.com,2,9.31,6,7,USA,0,0
9777,@generic_corp.com,8,23.52,5,5,GLOBAL,0,0
9779,@meta.com,9,42.5,1,7,USA,0,0
9782,@accenture.com,20,6.46,9,2,UK,0,0.0001
9784,@uber.com,15,0.85,3,2,GERMANY,0,0
9785,@microsoft.com,23,21.49,3,2,GLOBAL,0,0
9788,@meta.com,20,57.93,6,6,USA,0,0
9790,@uber.com,12,10.94,18,9,India,0,0.3068
9791,@netflix.com,11,10.95,12,8,GERMANY,0,0
9794,@uber.com,24,1.04,0,4,India,0,0
9801,@meta.com,16,55.34,3,4,UK,0,0
9805,@uber.com,15,60.47,6,2,UK,0,0
9806,@accenture.com,1,27.05,3,4,USA,0,0
9808,@meta.com,7,4.71,4,6,GLOBAL,0,0
9813,@accenture.com,7,16.73,3,2,India,0,0
9815,@uber.com,11,0,9,3,USA,0,0
9816,@uber.com,12,65.25,18,3,India,0,0.0036
9817,@microsoft.com,6,3.2,0,3,USA,0,0
9819,@microsoft.com,16,0.82,15,4,UK,0,0.0104
9825,@accenture.com,24,11.84,3,4,USA,0,0
9827,@uber.com,9,68.01,4,6,India,0,0
9833,@uber.com,7,13.3,3,6,USA,0,0
9835,@netflix.com,16,0,9,11,India,0,0.001
9838,@microsoft.com,7,3.33,7,6,INDIA,0,0
9839,@netflix.com,19,11.97,6,3,India,0,0
9841,@microsoft.com,6,1.64,2,4,UK,0,0
9842,@accenture.com,22,52.7,0,2,INDIA,0,0
9844,@accenture.com,7,2.34,7,8,GERMANY,0,0
9846,@meta.com,9,20.44,4,0,USA,0,0
9847,@netflix.com,3,12.8,4,7,INDIA,0,0
9848,@uber.com,13,22.33,21,5,GLOBAL,0,0.7379
9851,@netflix.com,23,15.36,3,7,USA,0,0
9854,@uber.com,8,17.04,1,6,USA,0,0
9859,@microsoft.com,12,26.07,12,3,GLOBAL,0,0
9860,@microsoft.com,7,8.59,2,1,India,0,0
9862,@accenture.com,14,9.32,12,7,GERMANY,0,0.0003
9863,@accenture.com,4,1.04,0,9,USA,0,0
9864,@microsoft.com,25,15.87,6,6,UK,0,0.0046
9866,@uber.com,11,10.96,6,4,UK,0,0
9868,@microsoft.com,12,22.63,0,4,GLOBAL,0,0
9869,@microsoft.com,19,9.45,6,4,GERMANY,0,0
9871,@netflix.com,12,29.5,3,3,GLOBAL,0,0
9873,@uber.com,9,29.44,3,7,GERMANY,0,0
9875,@netflix.com,11,0,0,3,GLOBAL,0,0
9881,@microsoft.com,5,1.43,1,4,USA,0,0
9885,@accenture.com,7,7.59,4,3,UK,0,0
9886,@uber.com,9,13.54,2,4,USA,0,0
9887,@uber.com,5,3.34,1,7,GERMANY,0,0
9888,@uber.com,7,51.52,0,6,USA,0,0
9892,@accenture.com,7,6.72,3,2,INDIA,0,0
9898,@microsoft.com,4,11.69,3,6,GLOBAL,0,0
9900,@netflix.com,19,3.13,6,7,UK,0,0
9902,@netflix.com,7,1.38,4,3,INDIA,0,0
9903,@meta.com,13,4.73,9,6,GERMANY,0,0
9904,@meta.com,12,1.6,15,5,INDIA,0,0.0003
9905,@microsoft.com,12,19.51,6,2,GERMANY,0,0
9906,@microsoft.com,19,0,6,2,USA,0,0
9907,@microsoft.com,8,3.13,2,7,GLOBAL,0,0
9908,@microsoft.com,8,12.23,4,3,UK,0,0
9909,@microsoft.com,4,17.88,5,6,USA,0,0
9911,@meta.com,20,16.32,6,4,GERMANY,0,0
9912,@meta.com,14,5.6,0,6,UK,0,0
9913,@accenture.com,4,2.18,5,2,GLOBAL,0,0
9918,@accenture.com,14,4.62,6,4,GERMANY,0,0
9920,@microsoft.com,4,44.56,5,3,India,0,0
9923,@microsoft.com,12,56.6,12,6,GERMANY,0,0
9924,@accenture.com,2,3.99,3,5,India,0,0
9926,@microsoft.com,11,11.6,15,7,UK,0,0.0006
9927,@microsoft.com,23,47.9,3,4,GLOBAL,0,0
9934,@uber.com,12,50.48,3,5,USA,0,0
9935,@microsoft.com,21,4.59,3,5,GERMANY,0,0
9936,@microsoft.com,19,1.93,6,2,UK,0,0
9938,@netflix.com,7,10.81,2,8,INDIA,0,0
9943,@accenture.com,23,55.68,6,6,USA,0,0.0005
9944,@netflix.com,19,2.87,3,4,USA,0,0
9946,@accenture.com,14,0,0,5,UK,0,0
9947,@meta.com,7,3.16,0,1,UK,0,0
9948,@netflix.com,4,14.74,1,7,INDIA,0,0
9950,@microsoft.com,4,6.76,6,3,USA,0,0
9952,@accenture.com,18,11.54,6,6,INDIA,0,0
9954,@microsoft.com,9,7.4,3,4,INDIA,0,0
9957,@microsoft.com,16,7.26,9,3,USA,0,0
9958,@accenture.com,6,1.04,3,4,GERMANY,0,0
9959,@microsoft.com,22,31.17,15,9,GLOBAL,1,0.997
9960,@accenture.com,5,14.47,1,6,UK,0,0
9965,@microsoft.com,15,13.14,12,2,USA,0,0
9966,@uber.com,6,57.49,9,6,India,0,0
9967,@microsoft.com,2,33.2,4,7,USA,0,0
9968,@meta.com,11,0.25,9,3,UK,0,0
9969,@microsoft.com,16,0.22,6,2,USA,0,0
9972,@microsoft.com,7,11.61,4,8,INDIA,0,0
9976,@microsoft.com,6,0.88,1,7,USA,0,0
9978,@uber.com,7,2.25,5,6,USA,0,0
9979,@microsoft.com,26,13.43,9,6,GLOBAL,0,0.4182
9981,@meta.com,6,18.46,4,5,USA,0,0
9982,@microsoft.com,4,1.13,0,7,USA,0,0
9983,@microsoft.com,11,21.06,0,5,India,0,0
9984,@microsoft.com,7,4.86,5,8,UK,0,0
9986,@uber.com,16,5.16,9,6,USA,0,0
9988,@netflix.com,8,26.94,6,5,GERMANY,0,0
9989,@accenture.com,8,5.49,1,4,GERMANY,0,0
9990,@microsoft.com,15,36.05,12,6,UK,0,0.0003
9998,@generic_corp.com,7,17.19,3,3,USA,0,0
10000,@netflix.com,7,53.78,4,4,USA,0,0
10001,@netflix.com,4,9.82,3,5,GLOBAL,0,0
10003,@uber.com,13,2.54,3,8,USA,0,0
10005,@microsoft.com,8,12.26,8,6,GLOBAL,0,0
10008,@microsoft.com,15,0.35,12,6,USA,0,0.0003
10010,@microsoft.com,13,18.64,15,3,GLOBAL,0,0.0002
10018,@accenture.com,9,4.25,3,4,GLOBAL,0,0
10020,@uber.com,7,25.82,2,6,GLOBAL,0,0
10022,@accenture.com,7,9.19,2,6,USA,0,0
10027,@microsoft.com,22,40.2,3,3,GERMANY,0,0
10032,@uber.com,7,15.93,5,8,India,0,0
10034,@accenture.com,17,20.23,18,5,USA,0,0.784
10036,@uber.com,22,23.49,21,5,GERMANY,1,1
10038,@accenture.com,11,7.95,15,6,India,0,0.0003
10039,@meta.com,5,4.17,6,1,GLOBAL,0,0
10043,@generic_corp.com,11,30,12,6,INDIA,0,0
10048,@microsoft.com,15,8.65,3,1,UK,0,0
10049,@generic_corp.com,8,68.22,4,7,USA,0,0
10051,@accenture.com,12,20.31,6,5,USA,0,0
10055,@microsoft.com,9,5.85,2,6,USA,0,0
10056,@generic_corp.com,7,23.79,5,3,USA,0,0
10057,@accenture.com,27,3.89,12,4,UK,1,0.9578
10061,@netflix.com,9,4.46,4,3,USA,0,0
10062,@accenture.com,9,12.27,5,4,UK,0,0
10063,@meta.com,16,7.29,6,6,USA,0,0
10071,@netflix.com,28,4.21,21,6,India,1,1
10072,@meta.com,5,48.67,3,9,India,0,0
10076,@meta.com,6,9.26,3,6,UK,0,0
10077,@meta.com,34,0,3,4,INDIA,0,0.195
10078,@meta.com,25,29.16,12,2,INDIA,0,0.3539
10079,@uber.com,14,4.43,12,8,USA,0,0.0006
10084,@meta.com,13,1.33,15,5,USA,0,0.001
10088,@generic_corp.com,5,0.97,5,2,India,0,0
10090,@microsoft.com,5,4.01,1,3,UK,0,0
10094,@uber.com,6,0.33,5,4,GLOBAL,0,0
10096,@accenture.com,6,26.91,6,4,India,0,0
10099,@netflix.com,21,11.94,9,7,USA,0,0.0079
10101,@microsoft.com,6,6.84,1,3,USA,0,0
10102,@meta.com,3,5.28,3,5,INDIA,0,0
10104,@uber.com,18,1.63,9,8,USA,0,0.0007
10108,@accenture.com,31,10.27,6,5,USA,0,0.5464
10110,@uber.com,8,19.94,1,5,India,0,0
10111,@netflix.com,23,7.56,12,4,USA,0,0.2459
10117,@microsoft.com,19,10.22,6,3,INDIA,0,0
10119,@netflix.com,11,5.21,3,5,UK,0,0
10120,@accenture.com,5,0.43,1,6,UK,0,0
10121,@netflix.com,3,17.26,4,5,USA,0,0
10123,@uber.com,26,26.03,3,4,UK,0,0
10124,@netflix.com,1,16,4,2,USA,0,0
10126,@generic_corp.com,10,32.12,3,10,GLOBAL,0,0
10128,@microsoft.com,12,3.14,9,6,USA,0,0
10129,@uber.com,4,41.12,0,8,UK,0,0
10130,@generic_corp.com,15,82.19,15,4,UK,0,0.0036
10132,@meta.com,7,20.26,2,10,India,0,0
10135,@meta.com,13,16.86,15,3,USA,0,0.0002
10136,@microsoft.com,25,4.42,6,3,UK,0,0.0004
10137,@uber.com,13,30.36,12,5,INDIA,0,0
10140,@microsoft.com,12,1.64,9,7,UK,0,0
10143,@generic_corp.com,3,0,0,10,India,0,0
10145,@meta.com,15,1.02,9,6,USA,0,0
10157,@netflix.com,11,3.36,9,2,GLOBAL,0,0
10158,@microsoft.com,13,9.42,6,3,India,0,0
10159,@uber.com,13,24.12,12,6,USA,0,0
10161,@netflix.com,9,18.08,5,1,GLOBAL,0,0
10162,@microsoft.com,8,3.27,5,5,INDIA,0,0
10163,@meta.com,21,7.25,9,9,INDIA,0,0.0379
10165,@generic_corp.com,6,30.77,3,4,UK,0,0
10166,@accenture.com,6,11.9,2,2,USA,0,0
10167,@accenture.com,9,10.14,5,3,GERMANY,0,0
10172,@accenture.com,23,24.81,15,5,UK,1,0.975
10178,@meta.com,15,0,6,6,UK,0,0
10179,@microsoft.com,4,0.37,5,3,USA,0,0
10184,@uber.com,13,1.04,6,7,GERMANY,0,0
10185,@uber.com,12,0.91,9,6,GERMANY,0,0
10186,@uber.com,24,16.97,9,6,UK,0,0.0793
10187,@uber.com,9,28.81,3,4,USA,0,0
10189,@generic_corp.com,21,14.76,3,4,INDIA,0,0
10190,@accenture.com,4,23.13,0,6,GLOBAL,0,0
10191,@netflix.com,15,9.15,6,3,India,0,0
10193,@netflix.com,17,9.24,9,6,GERMANY,0,0.0001
10194,@accenture.com,10,0.43,4,3,INDIA,0,0
10195,@accenture.com,10,18.18,4,3,GLOBAL,0,0
10197,@meta.com,13,3.82,6,6,USA,0,0
10198,@generic_corp.com,8,5.74,3,6,GERMANY,0,0
10199,@uber.com,19,17.81,24,6,USA,1,1
10200,@microsoft.com,21,12.79,6,7,USA,0,0.0001
10201,@netflix.com,6,33.1,0,7,USA,0,0
10203,@microsoft.com,4,16.74,1,9,India,0,0
10205,@netflix.com,14,39.77,6,5,UK,0,0
10208,@uber.com,7,14.38,2,8,USA,0,0
10209,@meta.com,10,4.4,2,3,UK,0,0
10210,@microsoft.com,18,5.71,3,10,INDIA,0,0
10211,@netflix.com,3,10.47,6,2,UK,0,0
10212,@netflix.com,12,4.74,9,4,India,0,0
10218,@netflix.com,10,27.72,3,6,UK,0,0
10219,@accenture.com,9,2.27,4,4,GERMANY,0,0
10222,@microsoft.com,16,30.55,3,6,UK,0,0
10225,@netflix.com,20,5.28,3,5,UK,0,0
10226,@netflix.com,15,0.55,12,5,USA,0,0.0001
10228,@netflix.com,16,7.99,3,8,UK,0,0
10230,@meta.com,11,0.2,6,1,UK,0,0
10233,@netflix.com,18,6.11,21,4,USA,1,0.9961
10235,@meta.com,8,12.87,1,4,India,0,0
10240,@uber.com,33,0.51,6,5,USA,1,0.9096
10242,@uber.com,9,0,1,6,USA,0,0
10243,@uber.com,16,8.51,9,2,USA,0,0
10244,@uber.com,12,16.22,15,8,USA,0,0.0037
10246,@netflix.com,6,11.45,3,5,UK,0,0
10252,@microsoft.com,11,12.09,12,2,UK,0,0
10255,@meta.com,7,0.77,5,3,INDIA,0,0
10259,@meta.com,12,2.35,9,4,UK,0,0
10263,@uber.com,20,20.93,6,5,UK,0,0
10264,@microsoft.com,9,14.54,4,5,UK,0,0
10265,@accenture.com,4,22.93,7,7,USA,0,0
10273,@uber.com,11,18.8,6,8,USA,0,0
10275,@uber.com,8,1.57,3,5,UK,0,0
10282,@netflix.com,9,26.77,3,4,USA,0,0
10283,@uber.com,6,36.78,1,1,USA,0,0
10285,@accenture.com,23,8.62,9,3,USA,0,0.0027
10286,@meta.com,7,5.97,2,7,GERMANY,0,0
10287,@microsoft.com,16,4.66,6,4,UK,0,0
10288,@accenture.com,21,12.09,9,8,UK,0,0.0174
10294,@microsoft.com,11,18.16,0,8,USA,0,0
10295,@netflix.com,8,0.26,1,5,India,0,0
10296,@netflix.com,11,11.47,3,4,India,0,0
10297,@accenture.com,20,27.88,3,5,GLOBAL,0,0
10298,@accenture.com,4,19.52,1,4,USA,0,0
10299,@netflix.com,7,28.54,5,1,UK,0,0
10303,@accenture.com,18,5.85,9,5,USA,0,0.0001
10305,@meta.com,11,1.61,15,4,India,0,0.0001
10308,@meta.com,11,2.48,18,2,USA,0,0.0006
10313,@uber.com,11,14.56,12,4,UK,0,0
10315,@microsoft.com,2,4.53,3,4,GERMANY,0,0
10317,@accenture.com,24,20.7,12,3,USA,0,0.297
10319,@microsoft.com,9,12.77,2,7,GLOBAL,0,0
10320,@uber.com,13,4.3,18,6,GERMANY,0,0.1043
10322,@netflix.com,8,2.42,1,2,GERMANY,0,0
10323,@microsoft.com,12,0,15,6,INDIA,0,0.0007
10326,@netflix.com,15,1.68,6,5,UK,0,0
10327,@meta.com,6,13.39,5,8,UK,0,0
10330,@accenture.com,11,9.98,12,9,India,0,0.0001
10331,@uber.com,22,0.55,3,5,USA,0,0
10332,@meta.com,28,4.54,21,6,GERMANY,1,1
10334,@uber.com,12,5.75,6,4,UK,0,0
10337,@microsoft.com,27,11,6,3,UK,0,0.0035
10338,@generic_corp.com,26,20.02,3,3,India,0,0
10341,@uber.com,8,19.7,4,3,INDIA,0,0
10343,@accenture.com,14,11.17,9,4,India,0,0
10344,@meta.com,12,5.65,6,6,INDIA,0,0
10347,@meta.com,9,6.74,3,4,USA,0,0
10348,@accenture.com,1,10.43,3,9,GERMANY,0,0
10349,@uber.com,9,20.42,3,5,USA,0,0
10350,@accenture.com,14,50.12,6,2,USA,0,0
10353,@accenture.com,28,36.32,15,7,USA,1,1
10356,@meta.com,16,3.77,9,4,GERMANY,0,0
10357,@accenture.com,13,29.95,15,4,USA,0,0.0004
10359,@accenture.com,10,27.37,5,7,INDIA,0,0
10360,@uber.com,12,60.45,3,6,INDIA,0,0
10362,@accenture.com,17,25.43,6,6,UK,0,0
10368,@accenture.com,12,10.97,18,4,USA,0,0.0081
10369,@meta.com,17,19.26,6,6,UK,0,0
10370,@microsoft.com,10,0,4,4,GERMANY,0,0
10371,@meta.com,6,9.15,2,6,USA,0,0
10374,@accenture.com,12,8.63,9,3,UK,0,0
10377,@uber.com,21,43.24,21,5,UK,1,0.9999
10379,@accenture.com,13,15.73,3,5,India,0,0
10383,@microsoft.com,13,30.97,12,8,GLOBAL,0,0.0002
10386,@accenture.com,19,36.83,6,7,UK,0,0
10387,@netflix.com,30,2.23,18,2,India,1,1
10391,@netflix.com,9,5.08,2,8,USA,0,0
10394,@uber.com,10,3.51,4,2,USA,0,0
10401,@uber.com,5,1.86,2,5,UK,0,0
10403,@microsoft.com,4,20.17,5,8,GLOBAL,0,0
10412,@uber.com,12,28.35,3,5,UK,0,0
10413,@meta.com,6,75.91,3,8,India,0,0
10417,@microsoft.com,17,6.45,3,7,USA,0,0
10421,@netflix.com,2,0,1,9,USA,0,0
10423,@microsoft.com,10,5.75,5,4,UK,0,0
10425,@netflix.com,3,8.52,2,7,UK,0,0
10426,@meta.com,14,10.82,18,2,UK,0,0.0135
10428,@accenture.com,7,24.07,4,5,India,0,0
10430,@accenture.com,4,10.76,5,5,INDIA,0,0
10431,@accenture.com,9,3.09,3,6,GLOBAL,0,0
10433,@uber.com,15,23.71,6,3,USA,0,0
10437,@uber.com,17,1.89,18,3,UK,0,0.4242
10440,@uber.com,20,0,6,8,UK,0,0.0001
10447,@generic_corp.com,6,0,3,4,USA,0,0
10448,@uber.com,16,7.49,0,5,UK,0,0
10452,@microsoft.com,3,2.49,0,10,USA,0,0
10455,@accenture.com,4,18.36,2,5,GERMANY,0,0
10458,@accenture.com,16,10.48,3,3,GERMANY,0,0
10459,@uber.com,20,7.98,9,8,USA,0,0.0061
10461,@uber.com,13,17.46,6,5,UK,0,0
10463,@meta.com,24,29.09,12,7,UK,1,0.9116
10465,@accenture.com,15,7,3,4,GERMANY,0,0
10466,@generic_corp.com,12,57,12,3,India,0,0
10467,@netflix.com,8,26.76,4,4,GLOBAL,0,0
10468,@netflix.com,6,0,3,3,GERMANY,0,0
10472,@uber.com,3,2.11,4,2,GLOBAL,0,0
10473,@netflix.com,15,55.9,18,3,GERMANY,0,0.0804
10475,@netflix.com,11,3.97,6,1,India,0,0
10476,@accenture.com,18,11.33,3,3,GERMANY,0,0
10477,@generic_corp.com,17,13.15,12,5,UK,0,0.0012
10478,@netflix.com,18,10.79,18,5,USA,1,0.9131
10483,@microsoft.com,9,3.52,2,5,GLOBAL,0,0
10484,@accenture.com,5,16.14,4,3,UK,0,0
10485,@netflix.com,20,15.92,3,5,USA,0,0
10486,@microsoft.com,9,11.33,7,2,India,0,0
10495,@microsoft.com,5,26.83,3,3,USA,0,0
10499,@generic_corp.com,3,19.07,2,9,UK,0,0
10502,@meta.com,13,22.59,9,4,INDIA,0,0
10503,@microsoft.com,9,3.48,2,7,UK,0,0
10504,@netflix.com,14,37.34,9,5,GLOBAL,0,0
10508,@microsoft.com,12,9.53,15,5,GERMANY,0,0.0003
10514,@uber.com,19,2,18,6,USA,1,0.9854
10515,@microsoft.com,10,55.82,4,6,India,0,0
10518,@uber.com,7,7.23,4,5,INDIA,0,0
10522,@microsoft.com,4,31.56,2,5,USA,0,0
10523,@netflix.com,10,16.05,4,6,USA,0,0
10524,@uber.com,5,14.64,6,6,USA,0,0
10527,@netflix.com,10,25.04,2,5,UK,0,0
10530,@netflix.com,5,38.77,2,7,GLOBAL,0,0
10532,@netflix.com,2,0,3,7,UK,0,0
10534,@accenture.com,16,8.11,9,2,USA,0,0
10537,@microsoft.com,28,24.93,9,10,GERMANY,1,0.9932
10538,@meta.com,4,71.16,1,4,USA,0,0
10540,@microsoft.com,8,33.4,4,3,UK,0,0
10550,@generic_corp.com,15,15.28,12,3,UK,0,0
10552,@netflix.com,14,7.55,6,5,India,0,0
10553,@meta.com,30,10.18,9,6,USA,1,0.9804
10554,@microsoft.com,20,40.48,9,5,India,0,0.0006
10555,@microsoft.com,10,56.95,2,5,GLOBAL,0,0
10556,@accenture.com,21,4.26,15,6,UK,1,0.9126
10559,@uber.com,7,10.97,1,4,USA,0,0
10560,@microsoft.com,4,22.91,2,3,INDIA,0,0
10561,@accenture.com,13,11.07,6,3,UK,0,0
10563,@uber.com,3,15.22,3,4,UK,0,0
10567,@microsoft.com,30,6.08,6,4,USA,0,0.158
10568,@netflix.com,23,4.82,15,5,UK,1,0.9751
10570,@accenture.com,14,11.51,9,8,USA,0,0
10577,@uber.com,11,30.17,6,8,GERMANY,0,0
10578,@meta.com,9,2.38,5,5,GLOBAL,0,0
10585,@netflix.com,13,0.45,6,5,GLOBAL,0,0
10586,@accenture.com,23,5.7,15,5,India,1,0.9751
10590,@meta.com,11,13.48,3,2,GERMANY,0,0
10593,@meta.com,12,6.45,12,5,GERMANY,0,0
10602,@meta.com,4,2.27,1,8,USA,0,0
10605,@uber.com,15,8.77,21,4,INDIA,1,0.9137
10606,@meta.com,25,15.64,0,7,USA,0,0
10607,@accenture.com,14,5.11,3,5,INDIA,0,0
10610,@meta.com,25,29.55,9,8,USA,0,0.5511
10611,@uber.com,5,9.32,1,3,USA,0,0
10613,@netflix.com,17,24.23,9,5,USA,0,0
10616,@accenture.com,4,15.79,3,6,USA,0,0
10617,@uber.com,10,19.21,7,6,INDIA,0,0
10618,@netflix.com,8,25.79,2,4,India,0,0
10619,@uber.com,13,12.82,15,7,USA,0,0.0048
10624,@meta.com,9,16.11,5,5,UK,0,0
10627,@microsoft.com,6,8.22,3,4,UK,0,0
10628,@accenture.com,10,1.82,3,2,INDIA,0,0
10632,@uber.com,8,3.09,3,9,USA,0,0
10634,@uber.com,4,3.72,4,1,UK,0,0
10637,@netflix.com,10,2.62,3,5,USA,0,0
10646,@uber.com,13,11.21,3,4,GLOBAL,0,0
10647,@meta.com,18,4.43,12,5,India,0,0.0036
10649,@microsoft.com,9,23.71,2,4,GERMANY,0,0
10656,@microsoft.com,4,16.48,4,4,INDIA,0,0
10657,@netflix.com,12,27.33,9,2,GLOBAL,0,0
10659,@microsoft.com,13,13.14,6,7,USA,0,0
10660,@accenture.com,9,8.1,4,3,USA,0,0
10661,@microsoft.com,17,3.75,9,6,USA,0,0.0001
10666,@meta.com,14,1.71,12,2,UK,0,0
10669,@uber.com,14,21.6,3,4,GLOBAL,0,0
10670,@meta.com,2,1.41,3,7,USA,0,0
10672,@uber.com,9,23.85,3,1,UK,0,0
10676,@microsoft.com,26,7.09,12,9,UK,1,0.9977
10677,@netflix.com,15,18.89,9,3,USA,0,0
10684,@accenture.com,14,12.45,3,10,India,0,0
10685,@microsoft.com,14,1.02,9,3,USA,0,0
10690,@accenture.com,8,0.03,1,5,USA,0,0
10691,@generic_corp.com,9,21.58,2,3,USA,0,0
10694,@accenture.com,14,12.75,9,3,GERMANY,0,0
10696,@microsoft.com,6,3.51,4,4,USA,0,0
10698,@meta.com,3,15.73,2,6,GLOBAL,0,0
10700,@accenture.com,7,15.4,4,3,INDIA,0,0
10701,@meta.com,21,16.71,15,3,USA,0,0.4864
10703,@uber.com,8,0.15,1,5,GLOBAL,0,0
10704,@accenture.com,15,27.48,9,5,UK,0,0
10710,@microsoft.com,16,66.84,6,4,INDIA,0,0
10712,@accenture.com,10,0,6,6,GERMANY,0,0
10720,@uber.com,8,16.45,2,10,USA,0,0
10721,@meta.com,13,9.66,6,3,USA,0,0
10723,@uber.com,16,9.1,3,6,India,0,0
10724,@meta.com,13,15.93,15,5,India,0,0.001
10726,@generic_corp.com,9,0.22,3,5,GERMANY,0,0
10727,@accenture.com,6,3.71,3,7,USA,0,0
10732,@meta.com,5,11.21,4,7,USA,0,0
10734,@meta.com,5,7.15,6,6,USA,0,0
10735,@meta.com,8,17.65,2,5,GLOBAL,0,0
10736,@microsoft.com,20,8.31,6,10,UK,0,0.0006
10737,@uber.com,22,11.3,9,2,USA,0,0.0004
10740,@microsoft.com,6,5.78,3,2,USA,0,0
10743,@accenture.com,6,10.59,4,6,GLOBAL,0,0
10744,@uber.com,28,8.12,15,4,USA,1,0.9997
10746,@uber.com,19,20.89,6,5,GLOBAL,0,0
10747,@meta.com,14,1.03,6,7,INDIA,0,0
10750,@netflix.com,5,6.64,4,3,GERMANY,0,0
10754,@meta.com,13,8.5,6,4,USA,0,0
10760,@microsoft.com,7,4.8,3,4,USA,0,0
10761,@netflix.com,8,11.51,4,5,GLOBAL,0,0
10763,@generic_corp.com,8,0.72,3,4,INDIA,0,0
10764,@netflix.com,12,11.27,18,11,USA,0,0.6864
10765,@netflix.com,13,13.95,18,4,GERMANY,0,0.023
10767,@microsoft.com,8,30.16,1,4,GLOBAL,0,0
10768,@meta.com,16,12.2,3,7,USA,0,0
10771,@meta.com,24,36,12,4,USA,0,0.4837
10775,@meta.com,7,17.94,1,6,USA,0,0
10780,@microsoft.com,14,34.3,18,5,INDIA,0,0.1307
10783,@uber.com,10,6.71,3,10,GLOBAL,0,0
10784,@netflix.com,6,11.15,5,4,GLOBAL,0,0
10786,@meta.com,8,7.55,4,2,UK,0,0
10796,@microsoft.com,21,5.37,9,6,UK,0,0.0036
10797,@netflix.com,9,59.98,1,5,GLOBAL,0,0
10798,@microsoft.com,1,7.45,2,7,USA,0,0
10800,@netflix.com,15,16.05,15,5,GLOBAL,0,0.008
10801,@meta.com,13,4.19,12,6,India,0,0
10804,@uber.com,13,2.86,9,4,INDIA,0,0
10805,@microsoft.com,11,9.01,3,3,USA,0,0
10806,@meta.com,14,7.24,3,5,USA,0,0
10807,@meta.com,18,110.96,18,6,INDIA,1,0.9582
10808,@microsoft.com,18,18.65,12,7,INDIA,0,0.0175
10812,@accenture.com,13,0.23,9,4,INDIA,0,0
10814,@meta.com,16,0,6,3,GLOBAL,0,0
10815,@generic_corp.com,7,4.02,2,2,INDIA,0,0
10816,@uber.com,15,12.08,9,2,USA,0,0
10817,@microsoft.com,15,3.7,18,5,INDIA,0,0.3039
10821,@microsoft.com,20,4.7,15,5,GLOBAL,0,0.6191
10822,@meta.com,21,60.63,12,6,USA,0,0.1607
10823,@uber.com,14,3.35,12,5,GLOBAL,0,0.0001
10826,@meta.com,5,18.77,4,3,INDIA,0,0
10829,@meta.com,5,6.74,3,3,GERMANY,0,0
10830,@uber.com,7,1.36,3,9,USA,0,0
10832,@netflix.com,28,2.81,6,3,India,0,0.01
10837,@netflix.com,14,17.48,6,9,USA,0,0
10839,@uber.com,14,8.72,12,5,USA,0,0.0001
10840,@accenture.com,5,9.24,3,4,GERMANY,0,0
10841,@accenture.com,12,11.48,9,5,USA,0,0
10844,@uber.com,19,3.65,12,1,GERMANY,0,0.0004
10847,@accenture.com,9,15.67,2,6,INDIA,0,0
10849,@microsoft.com,6,28.54,2,2,UK,0,0
10851,@microsoft.com,7,22.79,2,7,USA,0,0
10852,@generic_corp.com,15,5.74,12,6,USA,0,0.0003
10854,@microsoft.com,12,0.61,18,4,USA,0,0.0081
10855,@accenture.com,7,2.46,5,7,UK,0,0
10858,@microsoft.com,9,32.46,7,4,USA,0,0
10861,@accenture.com,14,17.14,12,3,USA,0,0
10863,@netflix.com,8,6.47,1,5,USA,0,0
10864,@accenture.com,11,0,9,3,INDIA,0,0
10865,@uber.com,18,32.37,9,7,GERMANY,0,0.0003
10869,@netflix.com,14,8.44,6,5,INDIA,0,0
10875,@microsoft.com,21,5.07,0,1,GERMANY,0,0
10879,@uber.com,11,78.07,3,5,GERMANY,0,0
10880,@microsoft.com,9,3.35,2,9,UK,0,0
10882,@microsoft.com,18,96.35,6,5,India,0,0
10884,@netflix.com,15,3.74,6,4,GLOBAL,0,0
10886,@uber.com,11,8.33,15,8,INDIA,0,0.0013
10887,@netflix.com,8,21.62,1,5,USA,0,0
10888,@accenture.com,18,23.39,12,6,USA,0,0.0079
10891,@uber.com,4,1.93,4,4,USA,0,0
10893,@accenture.com,6,12.88,4,8,USA,0,0
10894,@uber.com,20,17.26,12,1,USA,0,0.0012
10895,@uber.com,19,1.44,12,6,UK,0,0.0227
10897,@uber.com,7,42.52,2,5,USA,0,0
10898,@uber.com,4,23.14,4,2,UK,0,0
10899,@accenture.com,8,14.67,1,7,UK,0,0
10904,@microsoft.com,7,24.3,1,4,India,0,0
10905,@netflix.com,5,16.84,3,0,UK,0,0
10907,@accenture.com,14,4.01,6,4,INDIA,0,0
10912,@netflix.com,9,6.86,1,3,USA,0,0
10914,@microsoft.com,15,10.38,12,3,GERMANY,0,0
10916,@netflix.com,10,20.06,3,2,INDIA,0,0
10922,@accenture.com,3,20.35,3,9,UK,0,0
10923,@microsoft.com,8,0,2,7,INDIA,0,0
10924,@microsoft.com,18,9.75,24,4,UK,1,0.9999
10929,@accenture.com,12,14.68,12,3,GERMANY,0,0
10930,@netflix.com,20,27.45,12,6,India,0,0.0625
10931,@accenture.com,12,16.02,21,1,USA,0,0.0384
10938,@uber.com,8,28.45,1,2,GLOBAL,0,0
10939,@accenture.com,12,35.4,9,12,INDIA,0,0
10940,@meta.com,8,6.12,7,7,USA,0,0
10941,@netflix.com,7,1.23,2,4,GERMANY,0,0
10944,@uber.com,22,32.31,9,2,UK,0,0.0004
10952,@uber.com,19,0.73,12,5,GERMANY,0,0.0103
10957,@meta.com,11,13.23,12,8,UK,0,0
10958,@meta.com,9,2.11,3,2,INDIA,0,0
10959,@uber.com,14,63.33,9,4,USA,0,0
10961,@microsoft.com,18,13.18,15,5,India,0,0.1629
10962,@microsoft.com,15,35.86,12,5,USA,0,0.0001
10966,@microsoft.com,14,0.21,12,7,USA,0,0.0003
10967,@uber.com,9,23.9,2,3,USA,0,0
10969,@meta.com,22,5.73,12,5,GERMANY,0,0.2007
10972,@generic_corp.com,9,16.48,1,5,UK,0,0
10973,@generic_corp.com,5,16.83,2,6,USA,0,0
10978,@accenture.com,10,23.25,6,3,GERMANY,0,0
10979,@generic_corp.com,9,0,3,4,GLOBAL,0,0
10980,@microsoft.com,12,43.16,3,5,INDIA,0,0
10982,@microsoft.com,12,3.28,15,8,GLOBAL,0,0.0037
10984,@netflix.com,15,37.09,18,8,INDIA,0,0.8268
10985,@accenture.com,12,2.28,6,7,USA,0,0
10986,@microsoft.com,15,0,6,7,USA,0,0
10990,@accenture.com,5,3.33,4,3,INDIA,0,0
10994,@accenture.com,28,21.38,12,4,GERMANY,1,0.9849
10996,@accenture.com,19,2.2,12,1,UK,0,0.0004
10997,@netflix.com,3,40.85,2,5,USA,0,0
10998,@netflix.com,14,13.33,9,3,USA,0,0
