workspace_id,company_domain,active_users,storage_used_gb,weekly_invites_sent,advanced_clicks,country
1001,@gmail.com,2,,4,3,uk
1002,@unknown_typo,6,,2,7,UK
1003,@meta.com,4,27.38,2,7,GERMANY
1004,@microsoft.com,10,54.84,1,5,usa
1005,@gmail.com,3,39.07,4,3,INDIA
1006,@gmail.com,5,25.76,2,4,UK
1007,@gmail.com,7,6.11,3,4,
1008,@accenture.com,2,19.64,4,4,USA
1009,@microsoft.com,10,7.45,5,5,
1010,@uber.com,13,8.42,21,1,India
1011,@gmail.com,6,31.0,3,5,India
1012,@unknown_typo,14,3.44,15,3,
1013,@accenture.com,16,5.28,3,3,USA
1014,@gmail.com,6,40.0,3,5,GERMANY
1015,@gmail.com,3,18.04,3,5,usa
1016,@gmail.com,1,1.01,5,6,UK
1017,@gmail.com,7,1.95,1,9,uk
1018,@yahoo.com,11,13.0,12,7,usa
1019,@yahoo.com,13,24.05,21,5,INDIA
1020,@gmail.com,5,23.61,2,6,usa
1021,@microsoft.com,11,,6,8,usa
1022,@gmail.com,9,,3,8,UK
1023,@gmail.com,2,23.25,3,3,INDIA
1024,@gmail.com,5,43.25,4,4,usa
1025,@yahoo.com,15,8.81,3,5,united states
1026,@meta.com,3,2.21,1,2,
1027,@gmail.com,4,14.11,1,4,INDIA
1028,@yahoo.com,9,1.11,2,3,
1029,@microsoft.com,5,14.18,2,11,UK
1030,@gmail.com,5,2.85,2,1,INDIA
1031,@microsoft.com,18,10.88,6,3,
1032,@gmail.com,5,14.73,3,2,GERMANY
1033,@gmail.com,12,,12,5,USA
1034,@netflix.com,8,26.34,5,8,united states
1035,@unknown_typo,25,7.04,15,5,united states
1036,@accenture.com,2,2.53,2,5,
1037,@gmail.com,6,9.35,2,6,India
1038,@gmail.com,2,49.67,3,6,UK
1039,@uber.com,10,31.83,7,3,usa
1040,@yahoo.com,2,,3,4,usa
1041,@gmail.com,6,4.17,2,3,usa
1042,@yahoo.com,13,9.9,9,7,united states
1043,@gmail.com,5,15.97,1,7,GERMANY
1044,@netflix.com,16,39.2,18,4,UK
1045,@gmail.com,1,14.25,1,8,
1046,@uber.com,13,27.13,12,3,India
1047,@gmail.com,2,17.86,2,6,INDIA
1048,@yahoo.com,8,1.61,4,3,USA
1049,@yahoo.com,11,33.35,12,2,GERMANY
1050,@gmail.com,4,,1,6,united states
1051,@unknown_typo,20,6.85,15,2,united states
1052,@meta.com,7,27.51,7,7,united states
1053,@netflix.com,19,58.1,15,6,UK
1054,@netflix.com,12,,15,4,
1055,@microsoft.com,8,7.25,1,4,uk
1056,@netflix.com,9,9.97,2,6,united states
1057,@gmail.com,10,10.34,2,6,UK
1058,@gmail.com,7,20.82,1,4,usa
1059,@gmail.com,6,25.48,9,8,INDIA
1060,@gmail.com,5,70.72,2,4,INDIA
1061,@gmail.com,8,24.46,1,8,
1062,@gmail.com,4,5.35,6,3,usa
1063,@accenture.com,4,6.65,1,3,INDIA
1064,@gmail.com,0,14.44,3,3,united states
1065,@gmail.com,9,17.41,6,7,INDIA
1066,@yahoo.com,14,1.41,3,13,USA
1067,@gmail.com,9,6.32,3,4,
1068,@accenture.com,11,3.4,18,4,uk
1069,@gmail.com,10,10.63,1,4,INDIA
1070,,8,2.77,5,3,UK
1071,@meta.com,16,13.04,3,5,GERMANY
1072,@gmail.com,3,9.45,3,5,uk
1073,@gmail.com,5,7.76,2,4,uk
1074,@accenture.com,15,15.7,6,11,
1075,@uber.com,14,8.08,3,4,uk
1076,@uber.com,12,7.64,12,8,GERMANY
1077,@meta.com,8,15.8,2,3,united states
1078,@gmail.com,6,0.88,6,4,UK
1079,@gmail.com,6,8.5,2,3,GERMANY
1080,@gmail.com,5,3.26,5,3,INDIA
1081,@accenture.com,19,0.59,9,5,united states
1082,@microsoft.com,7,0.53,1,6,uk
1083,@gmail.com,4,2.75,2,5,UK
1084,@gmail.com,8,8.54,3,10,united states
1085,@gmail.com,1,12.54,1,2,usa
1086,@gmail.com,6,23.84,3,5,usa
1087,@uber.com,16,14.04,12,2,GERMANY
1088,@microsoft.com,8,11.01,5,9,usa
1089,@netflix.com,13,0.56,9,4,usa
1090,@yahoo.com,3,5.31,6,4,India
1091,@gmail.com,6,17.68,1,2,INDIA
1092,@uber.com,7,4.73,1,7,usa
1093,@meta.com,16,13.53,12,6,GERMANY
1094,@microsoft.com,8,13.89,3,3,
1095,@meta.com,9,5.46,1,9,
1096,@yahoo.com,5,12.72,2,7,GERMANY
1097,@yahoo.com,7,1.82,5,9,usa
1098,@yahoo.com,15,19.47,12,7,usa
1099,@gmail.com,3,0.34,4,1,united states
1100,@gmail.com,2,0.54,3,7,UK
1101,@gmail.com,7,30.63,3,2,uk
1102,@microsoft.com,33,13.02,6,4,usa
1103,@gmail.com,3,2.67,0,3,uk
1104,@yahoo.com,7,13.81,4,6,uk
1105,@netflix.com,19,6.93,12,4,
1106,@gmail.com,1,4.72,1,6,INDIA
1107,@yahoo.com,22,25.02,12,5,GERMANY
1108,@meta.com,13,9.73,0,2,UK
1109,@gmail.com,7,5.21,3,2,India
1110,@gmail.com,6,43.15,4,8,usa
1111,@gmail.com,4,2.71,2,2,UK
1112,@gmail.com,5,2.3,3,9,
1113,@netflix.com,3,1.54,4,5,
1114,@accenture.com,11,1.99,0,4,USA
1115,@microsoft.com,11,4.37,3,7,usa
1116,@accenture.com,9,17.98,6,2,UK
1117,@accenture.com,7,,0,2,
1118,@gmail.com,6,21.62,1,7,GERMANY
1119,@netflix.com,19,12.86,9,10,INDIA
1120,@yahoo.com,6,10.18,3,5,GERMANY
1121,@accenture.com,15,8.48,9,5,usa
1122,@netflix.com,4,31.15,3,4,usa
1123,@gmail.com,9,6.31,3,7,united states
1124,@gmail.com,8,33.32,2,8,usa
1125,@gmail.com,8,4.83,3,6,GERMANY
1126,@yahoo.com,4,2.57,0,5,India
1127,@accenture.com,17,4.42,9,6,INDIA
1128,@accenture.com,10,10.37,3,7,INDIA
1129,@gmail.com,8,39.03,0,3,united states
1130,@yahoo.com,4,2.93,4,2,INDIA
1131,@yahoo.com,6,13.01,2,3,UK
1132,@gmail.com,4,,3,4,usa
1133,@gmail.com,6,16.98,2,4,India
1134,@gmail.com,4,9.38,2,5,usa
1135,@netflix.com,28,19.84,18,5,united states
1136,@gmail.com,8,29.08,1,3,UK
1137,@yahoo.com,29,6.11,12,6,INDIA
1138,@uber.com,8,41.76,1,3,INDIA
1139,@gmail.com,2,9.48,6,3,UK
1140,@unknown_typo,21,41.38,6,6,usa
1141,@unknown_typo,11,3.93,18,3,
1142,@gmail.com,5,34.11,3,6,USA
1143,@yahoo.com,21,6.09,9,5,
1144,@gmail.com,15,20.84,18,7,
1145,@gmail.com,5,51.72,2,2,India
1146,@gmail.com,7,36.48,6,5,GERMANY
1147,@microsoft.com,10,9.34,3,2,INDIA
1148,@yahoo.com,4,6.34,2,5,usa
1149,@gmail.com,6,14.23,3,7,usa
1150,@gmail.com,5,18.35,3,4,uk
1151,@netflix.com,16,11.66,6,4,USA
1152,@gmail.com,6,28.31,3,4,usa
1153,@gmail.com,7,0.9,3,7,usa
1154,@yahoo.com,15,13.73,3,8,
1155,,14,11.17,15,8,UK
1156,@gmail.com,9,0.6,3,5,united states
1157,@uber.com,20,0.19,12,5,India
1158,@meta.com,19,13.98,6,9,India
1159,@gmail.com,6,1.88,5,4,USA
1160,@uber.com,17,21.95,6,4,GERMANY
1161,@gmail.com,3,44.71,3,4,united states
1162,@microsoft.com,16,2.93,12,10,usa
1163,@microsoft.com,16,24.04,3,3,India
1164,@yahoo.com,13,13.43,15,4,India
1165,@gmail.com,4,8.91,3,4,GERMANY
1166,@accenture.com,7,15.76,3,6,USA
1167,@gmail.com,7,24.32,2,0,uk
1168,@gmail.com,3,52.92,4,3,INDIA
1169,@gmail.com,8,16.2,4,6,uk
1170,@microsoft.com,11,20.61,9,5,INDIA
1171,@uber.com,10,14.03,2,3,uk
1172,@gmail.com,3,12.49,3,5,GERMANY
1173,@yahoo.com,21,,9,3,INDIA
1174,@gmail.com,3,2.53,3,1,UK
1175,@microsoft.com,6,7.15,1,2,GERMANY
1176,@gmail.com,9,,6,7,
1177,@uber.com,8,1.18,2,5,united states
1178,@gmail.com,2,11.79,2,5,
1179,@netflix.com,9,0.2,3,10,usa
1180,@gmail.com,6,21.79,3,6,UK
1181,@gmail.com,2,16.49,2,3,GERMANY
1182,@gmail.com,6,11.03,2,10,UK
1183,@netflix.com,10,12.7,6,4,united states
1184,@accenture.com,6,40.49,7,5,united states
1185,@gmail.com,10,35.58,3,5,
1186,@uber.com,13,23.61,3,6,GERMANY
1187,@accenture.com,15,6.15,3,6,India
1188,@microsoft.com,11,1.7,6,2,USA
1189,@yahoo.com,21,5.82,9,5,UK
1190,@gmail.com,4,20.91,2,4,usa
1191,@gmail.com,7,14.16,4,7,INDIA
1192,@netflix.com,12,18.34,0,5,usa
1193,@netflix.com,3,1.67,2,2,UK
1194,@microsoft.com,15,2.59,3,5,uk
1195,@gmail.com,7,16.37,1,8,united states
1196,@gmail.com,2,6.97,3,3,usa
1197,@uber.com,8,6.91,3,2,GERMANY
1198,@netflix.com,5,7.48,5,2,INDIA
1199,@netflix.com,7,,1,6,INDIA
1200,@meta.com,18,18.01,3,7,INDIA
1201,@microsoft.com,11,1.68,9,4,India
1202,@gmail.com,5,6.33,3,2,
1203,@gmail.com,4,16.81,4,5,INDIA
1204,@netflix.com,9,56.03,3,8,INDIA
1205,@microsoft.com,13,36.5,9,3,India
1206,@gmail.com,11,4.28,12,6,INDIA
1207,@gmail.com,6,1.02,2,6,India
1208,@uber.com,36,12.77,21,7,
1209,@gmail.com,6,7.82,4,4,usa
1210,@gmail.com,4,3.04,1,3,GERMANY
1211,@yahoo.com,5,15.82,3,2,UK
1212,@uber.com,6,2.62,2,6,usa
1213,@uber.com,15,6.5,3,1,GERMANY
1214,@gmail.com,6,23.74,1,0,
1215,@uber.com,11,17.29,15,6,India
1216,@gmail.com,2,14.01,1,5,INDIA
1217,@gmail.com,15,40.07,15,4,uk
1218,@meta.com,5,2.01,1,8,usa
1219,@microsoft.com,10,17.61,5,2,UK
1220,@accenture.com,7,1.87,2,5,UK
1221,@uber.com,9,2.2,3,4,uk
1222,@microsoft.com,13,10.59,12,1,GERMANY
1223,@gmail.com,11,0.37,0,8,India
1224,@gmail.com,3,10.43,2,6,usa
1225,@gmail.com,4,0.14,3,4,UK
1226,@gmail.com,8,13.84,2,4,united states
1227,@unknown_typo,19,5.61,3,5,GERMANY
1228,@gmail.com,4,1.3,7,5,India
1229,@netflix.com,10,22.77,2,7,united states
1230,@microsoft.com,6,7.41,6,6,USA
1231,@meta.com,10,8.81,2,6,uk
1232,@yahoo.com,9,7.04,0,7,usa
1233,@microsoft.com,19,1.31,6,9,
1234,@yahoo.com,12,9.24,15,3,India
1235,@gmail.com,2,16.42,4,10,INDIA
1236,@uber.com,11,35.05,18,4,usa
1237,@gmail.com,2,,4,2,UK
1238,@gmail.com,8,1.24,4,2,united states
1239,@microsoft.com,7,2.72,4,6,INDIA
1240,@gmail.com,6,0.69,4,5,usa
1241,@netflix.com,9,1.91,3,5,usa
1242,@unknown_typo,14,9.82,9,5,
1243,@netflix.com,8,3.72,6,4,
1244,@gmail.com,4,15.66,4,9,usa
1245,@gmail.com,9,0.49,3,7,UK
1246,@netflix.com,11,29.2,3,5,
1247,@yahoo.com,12,16.98,9,4,UK
1248,@unknown_typo,6,52.14,4,3,UK
1249,@unknown_typo,10,45.81,3,5,usa
1250,@accenture.com,14,17.71,9,6,GERMANY
1251,@gmail.com,7,2.58,3,10,GERMANY
1252,@gmail.com,4,3.77,5,3,UK
1253,@accenture.com,11,4.88,12,10,usa
1254,@gmail.com,1,8.34,4,5,GERMANY
1255,@gmail.com,3,12.69,2,2,uk
1256,@microsoft.com,18,17.21,21,6,India
1257,@netflix.com,14,1.18,18,4,
1258,@uber.com,17,14.15,0,6,
1259,@microsoft.com,5,0.92,3,4,united states
1260,@gmail.com,5,26.32,2,3,usa
1261,@microsoft.com,11,0.62,18,5,
1262,,5,7.42,4,5,USA
1263,@gmail.com,6,8.17,1,11,INDIA
1264,@yahoo.com,9,,3,3,
1265,@accenture.com,10,1.5,3,5,uk
1266,@meta.com,21,40.57,3,3,UK
1267,@uber.com,6,7.25,4,9,uk
1268,@uber.com,13,7.57,9,4,uk
1269,@gmail.com,8,4.18,2,4,
1270,@gmail.com,6,22.76,3,6,GERMANY
1271,@accenture.com,9,0.12,3,9,UK
1272,@accenture.com,7,1.68,1,5,uk
1273,@accenture.com,17,9.54,9,3,
1274,@netflix.com,7,,9,5,India
1275,@yahoo.com,16,0.54,3,12,India
1276,@yahoo.com,12,0.96,0,10,GERMANY
1277,@meta.com,12,18.82,3,3,USA
1278,@microsoft.com,9,19.95,3,12,India
1279,@uber.com,17,34.09,0,2,UK
1280,@meta.com,11,12.89,15,2,USA
1281,@netflix.com,9,7.75,2,4,USA
1282,@gmail.com,1,9.0,3,10,UK
1283,@gmail.com,3,8.47,5,5,GERMANY
1284,@gmail.com,6,54.48,3,4,India
1285,@microsoft.com,30,7.17,15,6,INDIA
1286,@gmail.com,2,1.52,4,2,GERMANY
1287,@yahoo.com,5,5.13,3,4,UK
1288,@yahoo.com,13,48.32,12,4,
1289,@gmail.com,5,8.39,3,5,India
1290,@microsoft.com,5,,4,8,USA
1291,@gmail.com,6,5.58,2,2,united states
1292,@gmail.com,2,0.14,0,6,India
1293,@accenture.com,6,15.04,1,2,USA
1294,@gmail.com,4,19.33,4,5,
1295,@gmail.com,3,6.53,2,8,uk
1296,@yahoo.com,18,30.93,15,3,INDIA
1297,@meta.com,12,20.37,9,6,UK
1298,@gmail.com,9,13.78,5,2,India
1299,@microsoft.com,15,18.25,27,9,
1300,@gmail.com,6,22.01,2,3,USA
1301,@gmail.com,6,11.23,5,8,INDIA
1302,@yahoo.com,11,7.61,3,5,usa
1303,@yahoo.com,14,2.02,9,6,uk
1304,@microsoft.com,1,7.79,4,7,USA
1305,@uber.com,10,11.98,3,4,united states
1306,@unknown_typo,10,44.31,4,4,usa
1307,@yahoo.com,8,,7,3,
1308,@gmail.com,2,21.22,4,3,uk
1309,@meta.com,7,4.13,3,6,
1310,@gmail.com,11,47.2,18,12,USA
1311,@yahoo.com,8,13.55,6,6,usa
1312,@gmail.com,7,8.51,5,6,usa
1313,@gmail.com,5,6.39,4,6,UK
1314,@unknown_typo,15,3.38,9,5,USA
1315,@accenture.com,11,18.8,18,3,
1316,@uber.com,12,15.16,6,10,GERMANY
1317,@yahoo.com,6,33.13,4,5,united states
1318,@gmail.com,8,13.64,5,6,
1319,@gmail.com,5,2.79,4,6,UK
1320,@gmail.com,4,17.22,5,5,UK
1321,@yahoo.com,3,31.65,0,5,united states
1322,@uber.com,10,69.79,2,10,united states
1323,@uber.com,13,17.33,12,4,GERMANY
1324,@gmail.com,3,5.13,0,0,UK
1325,@unknown_typo,5,12.5,1,5,usa
1326,@meta.com,9,10.85,2,7,GERMANY
1327,@microsoft.com,6,10.76,6,4,
1328,@microsoft.com,12,1.23,18,6,USA
1329,@yahoo.com,23,3.25,9,5,USA
1330,@gmail.com,4,11.14,3,4,India
1331,@gmail.com,2,24.01,2,8,uk
1332,@meta.com,13,3.01,6,4,UK
1333,@gmail.com,6,2.69,0,5,UK
1334,@gmail.com,2,21.4,4,3,united states
1335,@gmail.com,5,17.59,3,6,
1336,@gmail.com,6,9.96,1,4,uk
1337,@accenture.com,8,0.78,3,7,usa
1338,@uber.com,18,9.6,0,0,GERMANY
1339,@yahoo.com,19,27.01,6,3,GERMANY
1340,@gmail.com,9,0.16,4,3,
1341,@yahoo.com,16,1.62,12,4,USA
1342,@yahoo.com,20,24.86,12,4,united states
1343,@gmail.com,5,11.17,1,6,INDIA
1344,@yahoo.com,11,16.28,6,3,INDIA
1345,@gmail.com,5,,2,2,GERMANY
1346,@microsoft.com,8,5.35,7,7,
1347,@microsoft.com,4,5.3,1,10,UK
1348,@gmail.com,4,4.6,2,5,uk
1349,@gmail.com,10,2.75,1,7,usa
1350,@microsoft.com,14,5.45,15,3,united states
1351,@yahoo.com,6,45.81,5,5,India
1352,@accenture.com,8,1.35,2,3,UK
1353,@uber.com,14,4.13,6,5,INDIA
1354,@gmail.com,3,5.74,4,6,INDIA
1355,@gmail.com,7,2.51,0,5,usa
1356,@microsoft.com,11,1.21,6,3,INDIA
1357,@gmail.com,6,2.65,3,3,usa
1358,@microsoft.com,6,11.26,4,2,
1359,@netflix.com,9,13.62,2,5,UK
1360,@microsoft.com,27,3.64,6,8,INDIA
1361,@gmail.com,5,10.51,0,5,India
1362,@microsoft.com,11,0.09,9,2,united states
1363,@yahoo.com,17,13.82,3,6,
1364,@yahoo.com,9,0.02,5,4,USA
1365,@netflix.com,3,15.44,3,4,GERMANY
1366,@gmail.com,9,9.91,2,6,India
1367,@unknown_typo,12,1.74,6,3,
1368,@netflix.com,13,1.39,15,5,usa
1369,@gmail.com,7,0.1,3,9,
1370,@gmail.com,11,12.03,6,5,India
1371,@gmail.com,3,24.64,3,1,India
1372,@gmail.com,3,29.13,4,3,USA
1373,@gmail.com,2,12.63,2,7,GERMANY
1374,@uber.com,6,32.73,2,2,usa
1375,@gmail.com,9,29.71,3,5,UK
1376,@gmail.com,3,17.97,7,6,GERMANY
1377,@accenture.com,9,6.77,1,7,uk
1378,@gmail.com,3,26.33,2,8,USA
1379,@accenture.com,8,7.46,1,6,
1380,@gmail.com,8,7.74,4,4,USA
1381,@gmail.com,5,17.0,4,7,uk
1382,@uber.com,9,39.45,4,2,uk
1383,@microsoft.com,29,10.4,0,5,united states
1384,@accenture.com,26,2.93,15,5,UK
1385,@meta.com,16,2.31,12,5,usa
1386,@accenture.com,18,5.4,9,7,
1387,@gmail.com,3,9.18,6,5,INDIA
1388,@gmail.com,2,5.3,1,5,uk
1389,@meta.com,25,18.67,6,5,USA
1390,@accenture.com,25,11.73,9,4,usa
1391,,16,7.83,0,2,India
1392,@yahoo.com,9,3.6,1,4,INDIA
1393,@gmail.com,13,13.95,3,6,united states
1394,@meta.com,11,16.82,12,6,GERMANY
1395,@gmail.com,4,23.0,3,1,united states
1396,@netflix.com,25,70.4,3,3,USA
1397,@accenture.com,7,3.95,5,3,united states
1398,@yahoo.com,22,0.23,12,6,USA
1399,@meta.com,9,10.41,2,7,GERMANY
1400,@meta.com,3,38.66,4,3,USA
1401,@gmail.com,2,4.29,4,4,uk
1402,@netflix.com,9,21.15,6,3,uk
1403,@yahoo.com,10,5.77,2,5,UK
1404,@accenture.com,11,7.44,6,6,uk
1405,@gmail.com,7,44.27,3,8,USA
1406,@netflix.com,10,9.27,7,7,usa
1407,@gmail.com,2,19.38,0,8,uk
1408,@gmail.com,7,11.97,2,4,GERMANY
1409,@netflix.com,9,21.65,4,7,usa
1410,@gmail.com,6,5.73,3,4,united states
1411,@gmail.com,10,31.42,1,5,USA
1412,@unknown_typo,17,11.94,9,1,
1413,@unknown_typo,11,5.55,9,6,INDIA
1414,@microsoft.com,7,0.58,2,2,UK
1415,@microsoft.com,10,0.2,5,2,India
1416,@yahoo.com,4,6.54,3,5,
1417,@gmail.com,2,3.64,1,1,USA
1418,@gmail.com,6,0.81,3,3,united states
1419,@uber.com,2,12.07,4,7,uk
1420,@meta.com,19,67.36,12,5,GERMANY
1421,@meta.com,9,8.23,2,6,India
1422,@meta.com,9,,2,5,uk
1423,@gmail.com,6,3.72,1,3,UK
1424,@yahoo.com,3,3.44,5,5,India
1425,@gmail.com,5,5.97,1,7,India
1426,@yahoo.com,27,27.03,12,5,GERMANY
1427,@yahoo.com,1,48.5,4,5,
1428,@netflix.com,9,20.19,0,5,united states
1429,@gmail.com,10,0.31,6,2,INDIA
1430,@gmail.com,12,8.65,18,7,uk
1431,@gmail.com,6,8.19,4,7,UK
1432,@meta.com,24,41.05,0,8,united states
1433,@microsoft.com,10,20.53,2,10,GERMANY
1434,@gmail.com,3,18.8,2,5,UK
1435,@gmail.com,7,12.48,4,7,USA
1436,@uber.com,16,15.57,12,5,GERMANY
1437,@gmail.com,1,17.99,6,8,INDIA
1438,@accenture.com,7,12.06,6,7,GERMANY
1439,@uber.com,10,27.95,3,5,USA
1440,@gmail.com,3,0.56,2,3,uk
1441,@gmail.com,5,42.55,5,3,USA
1442,,21,22.28,6,5,united states
1443,@gmail.com,7,11.29,1,6,uk
1444,@gmail.com,4,29.53,3,7,usa
1445,@accenture.com,24,26.4,3,6,India
1446,@netflix.com,10,8.16,4,6,united states
1447,,17,27.47,6,9,united states
1448,@meta.com,6,3.13,1,6,united states
1449,@gmail.com,3,9.5,2,4,GERMANY
1450,@gmail.com,2,,4,3,UK
1451,@meta.com,14,1.99,9,4,GERMANY
1452,@microsoft.com,14,33.75,9,4,
1453,@yahoo.com,3,6.86,3,6,India
1454,@netflix.com,5,17.3,1,6,USA
1455,@gmail.com,1,7.05,3,6,usa
1456,@yahoo.com,28,11.78,12,3,India
1457,@gmail.com,10,6.42,2,7,uk
1458,@yahoo.com,19,20.36,6,6,uk
1459,@gmail.com,8,23.16,6,4,India
1460,@gmail.com,5,8.45,1,7,GERMANY
1461,@gmail.com,10,29.45,2,7,UK
1462,@microsoft.com,6,6.58,4,2,uk
1463,@meta.com,9,21.56,2,4,
1464,@microsoft.com,12,15.75,9,3,uk
1465,@unknown_typo,15,9.13,12,6,GERMANY
1466,@gmail.com,8,32.96,2,1,USA
1467,@gmail.com,1,12.74,3,7,GERMANY
1468,@accenture.com,13,27.51,3,7,uk
1469,@gmail.com,4,19.83,4,6,united states
1470,@unknown_typo,18,11.41,3,4,united states
1471,@gmail.com,11,5.93,3,4,INDIA
1472,@unknown_typo,10,45.28,3,4,UK
1473,@gmail.com,1,0.88,4,5,INDIA
1474,@netflix.com,35,,12,3,India
1475,@yahoo.com,12,10.59,3,4,usa
1476,,11,20.72,3,6,united states
1477,@gmail.com,5,6.1,4,2,usa
1478,@microsoft.com,2,7.27,3,7,India
1479,@unknown_typo,5,3.17,2,6,uk
1480,@yahoo.com,15,46.3,15,5,united states
1481,@microsoft.com,4,0.66,6,2,usa
1482,@uber.com,6,7.34,3,4,
1483,@yahoo.com,10,6.11,1,7,united states
1484,@microsoft.com,8,25.16,3,5,India
1485,@microsoft.com,9,10.44,6,4,usa
1486,@netflix.com,5,2.78,2,4,USA
1487,@gmail.com,1,10.67,4,5,usa
1488,@gmail.com,7,4.04,5,3,UK
1489,@unknown_typo,7,0.26,4,7,uk
1490,@netflix.com,5,11.8,3,8,UK
1491,@yahoo.com,13,6.7,6,4,INDIA
1492,@microsoft.com,26,4.09,6,4,INDIA
1493,@gmail.com,6,2.84,2,3,USA
1494,@gmail.com,13,9.07,9,9,
1495,@yahoo.com,7,30.56,3,7,UK
1496,@gmail.com,4,21.29,1,2,UK
1497,@microsoft.com,6,0.07,2,2,India
1498,@gmail.com,11,19.7,9,8,
1499,@unknown_typo,7,,2,8,UK
1500,,5,11.91,4,3,GERMANY
1501,@uber.com,12,22.72,6,5,uk
1502,@yahoo.com,12,9.06,6,13,INDIA
1503,@gmail.com,2,7.09,1,9,usa
1504,@accenture.com,9,,2,3,
1505,@uber.com,10,0.45,2,4,INDIA
1506,@gmail.com,10,1.68,2,6,USA
1507,@netflix.com,8,30.64,1,6,UK
1508,@accenture.com,7,32.6,5,8,India
1509,@netflix.com,12,,3,3,INDIA
1510,@uber.com,9,11.65,0,6,India
1511,@microsoft.com,10,2.69,1,3,united states
1512,@yahoo.com,6,32.35,2,6,GERMANY
1513,@netflix.com,2,9.5,2,7,usa
1514,@accenture.com,6,12.45,3,4,united states
1515,@gmail.com,2,1.88,4,8,uk
1516,@gmail.com,5,14.31,4,4,UK
1517,@gmail.com,2,17.85,4,2,USA
1518,@accenture.com,7,5.24,1,6,INDIA
1519,,20,33.97,6,2,USA
1520,@gmail.com,6,3.42,4,1,INDIA
1521,@microsoft.com,11,34.15,15,2,uk
1522,@gmail.com,9,18.23,2,6,UK
1523,@unknown_typo,10,26.65,6,6,GERMANY
1524,@accenture.com,22,18.01,3,4,GERMANY
1525,@accenture.com,10,8.39,5,5,India
1526,@yahoo.com,9,,2,5,uk
1527,@yahoo.com,3,19.87,0,4,UK
1528,@gmail.com,10,5.31,2,7,
1529,@gmail.com,6,0.96,4,9,India
1530,@accenture.com,12,4.26,3,2,India
1531,@accenture.com,25,21.11,3,5,USA
1532,,10,23.64,4,4,
1533,,6,4.86,2,12,GERMANY
1534,@microsoft.com,7,5.96,0,4,India
1535,@meta.com,10,11.96,4,7,INDIA
1536,@netflix.com,24,4.56,12,4,INDIA
1537,@accenture.com,6,13.98,2,6,INDIA
1538,@gmail.com,8,4.97,1,10,united states
1539,@yahoo.com,15,1.93,3,4,
1540,@gmail.com,2,2.52,2,1,GERMANY
1541,@unknown_typo,4,4.33,3,3,usa
1542,@microsoft.com,11,2.76,9,8,uk
1543,@gmail.com,6,54.94,4,1,united states
1544,@uber.com,14,,0,3,USA
1545,@microsoft.com,15,2.96,6,4,usa
1546,@gmail.com,5,,4,4,united states
1547,@gmail.com,8,4.7,7,6,uk
1548,@uber.com,16,17.31,15,5,INDIA
1549,@yahoo.com,8,30.29,3,5,India
1550,@meta.com,14,,21,5,uk
1551,@yahoo.com,8,8.4,1,10,
1552,@accenture.com,8,7.62,6,7,uk
1553,@microsoft.com,17,8.95,6,7,united states
1554,@microsoft.com,23,0.55,0,5,India
1555,@accenture.com,7,13.47,4,8,UK
1556,@yahoo.com,22,45.56,3,3,
1557,@gmail.com,4,23.08,6,5,
1558,@gmail.com,8,29.64,3,7,INDIA
1559,@meta.com,8,3.9,2,3,united states
1560,@microsoft.com,11,14.02,18,3,USA
1561,@uber.com,11,33.52,18,6,united states
1562,@gmail.com,6,1.07,2,3,usa
1563,@gmail.com,9,31.46,3,4,united states
1564,@gmail.com,8,1.0,3,7,USA
1565,@gmail.com,4,61.18,5,6,UK
1566,@microsoft.com,9,1.31,4,6,usa
1567,@gmail.com,5,6.88,2,3,India
1568,@yahoo.com,8,0.84,6,4,
1569,@netflix.com,7,0.88,5,3,uk
1570,@gmail.com,11,30.18,6,5,united states
1571,@yahoo.com,22,0.99,9,3,GERMANY
1572,@meta.com,13,23.6,6,6,India
1573,@gmail.com,2,35.61,4,3,united states
1574,@microsoft.com,11,41.01,12,12,uk
1575,@accenture.com,17,29.93,12,4,GERMANY
1576,@netflix.com,9,46.57,2,6,India
1577,@gmail.com,10,0.8,4,5,USA
1578,@netflix.com,7,85.3,2,4,united states
1579,@yahoo.com,24,0.31,6,7,USA
1580,@gmail.com,10,2.73,1,5,INDIA
1581,@yahoo.com,10,1.27,3,2,
1582,,7,20.44,3,4,uk
1583,@yahoo.com,20,1.37,12,4,uk
1584,@gmail.com,7,5.19,0,7,USA
1585,@microsoft.com,17,15.24,15,4,India
1586,@gmail.com,6,10.34,1,6,uk
1587,@gmail.com,3,2.2,1,7,united states
1588,@gmail.com,7,11.06,2,7,USA
1589,@gmail.com,7,6.25,2,4,uk
1590,@gmail.com,5,13.23,5,7,INDIA
1591,@gmail.com,10,11.6,5,8,GERMANY
1592,@microsoft.com,6,68.36,5,8,India
1593,@gmail.com,8,29.87,2,1,uk
1594,@gmail.com,11,0.06,12,6,UK
1595,@netflix.com,21,2.9,9,10,USA
1596,@yahoo.com,10,36.65,4,5,uk
1597,@uber.com,12,11.63,6,4,USA
1598,@gmail.com,6,,4,1,united states
1599,@gmail.com,5,10.5,3,4,USA
1600,@gmail.com,4,23.11,3,4,usa
1601,@gmail.com,2,2.14,2,7,UK
1602,@gmail.com,7,20.09,4,11,GERMANY
1603,@gmail.com,7,30.56,1,7,usa
1604,@gmail.com,4,4.63,1,3,INDIA
1605,@gmail.com,7,6.89,0,7,UK
1606,@yahoo.com,13,13.4,6,4,uk
1607,@gmail.com,6,30.4,2,8,uk
1608,@gmail.com,11,35.76,6,7,united states
1609,@yahoo.com,9,11.47,3,6,usa
1610,@uber.com,7,16.1,3,7,united states
1611,@gmail.com,8,30.94,1,5,usa
1612,@meta.com,12,3.95,18,5,uk
1613,@microsoft.com,0,26.16,6,5,usa
1614,@gmail.com,9,4.55,3,7,USA
1615,@accenture.com,11,13.05,9,1,INDIA
1616,@netflix.com,4,40.92,1,4,usa
1617,@gmail.com,3,10.75,2,11,
1618,@gmail.com,4,1.47,1,5,usa
1619,@accenture.com,22,33.92,9,7,INDIA
1620,@meta.com,17,13.19,9,4,
1621,@gmail.com,10,1.11,2,4,India
1622,@gmail.com,7,0.16,2,1,INDIA
1623,@gmail.com,8,4.54,3,7,usa
1624,@yahoo.com,16,1.92,12,2,INDIA
1625,@microsoft.com,10,14.85,2,1,UK
1626,@gmail.com,8,13.62,3,0,UK
1627,@yahoo.com,23,27.57,6,2,GERMANY
1628,@meta.com,14,10.8,9,3,INDIA
1629,@gmail.com,7,4.38,1,4,
1630,@gmail.com,6,,6,3,GERMANY
1631,@uber.com,17,0.16,12,9,usa
1632,@netflix.com,25,39.01,18,8,USA
1633,@yahoo.com,19,2.34,9,4,united states
1634,@yahoo.com,5,10.37,1,3,USA
1635,@gmail.com,9,23.76,4,4,USA
1636,@yahoo.com,10,39.6,3,5,
1637,@yahoo.com,6,3.38,4,6,INDIA
1638,@gmail.com,5,3.96,4,7,
1639,@gmail.com,7,2.97,3,4,usa
1640,@gmail.com,2,2.6,3,8,GERMANY
1641,@gmail.com,4,9.1,2,3,united states
1642,@gmail.com,6,15.16,6,1,usa
1643,@gmail.com,3,18.38,3,3,GERMANY
1644,@gmail.com,9,5.94,2,4,united states
1645,@gmail.com,4,14.66,3,3,uk
1646,@netflix.com,14,0.04,6,3,USA
1647,@microsoft.com,27,32.88,9,3,INDIA
1648,@uber.com,11,30.57,21,7,GERMANY
1649,@meta.com,14,11.78,9,1,usa
1650,@yahoo.com,15,4.18,9,4,
1651,@gmail.com,6,53.76,4,4,UK
1652,@yahoo.com,9,24.96,2,8,USA
1653,@microsoft.com,14,0.26,9,4,USA
1654,@meta.com,7,9.51,3,2,USA
1655,@yahoo.com,15,1.62,9,6,united states
1656,@gmail.com,5,2.13,2,6,uk
1657,@gmail.com,6,0.02,5,7,INDIA
1658,@gmail.com,0,17.46,4,6,UK
1659,@microsoft.com,1,4.37,1,7,USA
1660,@microsoft.com,8,5.45,7,1,uk
1661,@gmail.com,3,0.72,1,12,GERMANY
1662,,17,0.12,6,3,GERMANY
1663,@microsoft.com,8,23.61,3,11,
1664,@gmail.com,6,,3,3,
1665,@gmail.com,12,7.23,6,5,usa
1666,@gmail.com,3,1.09,3,3,usa
1667,@gmail.com,4,22.43,4,4,uk
1668,@gmail.com,4,39.13,4,6,INDIA
1669,@gmail.com,3,11.24,7,6,India
1670,@gmail.com,1,2.24,2,3,GERMANY
1671,@gmail.com,5,15.86,6,4,India
1672,@netflix.com,14,1.11,9,9,uk
1673,@gmail.com,4,2.71,7,7,uk
1674,@yahoo.com,10,9.54,6,7,India
1675,@yahoo.com,16,4.3,3,10,INDIA
1676,,17,39.93,9,7,usa
1677,@gmail.com,4,24.82,2,6,UK
1678,@gmail.com,4,4.86,3,2,UK
1679,@unknown_typo,12,49.78,18,7,INDIA
1680,@accenture.com,7,7.13,3,5,united states
1681,@accenture.com,16,12.6,6,4,
1682,@gmail.com,7,12.45,4,8,uk
1683,@gmail.com,9,15.73,2,3,united states
1684,@uber.com,14,4.19,3,2,INDIA
1685,@netflix.com,8,38.28,6,6,India
1686,@microsoft.com,7,4.63,2,4,UK
1687,@microsoft.com,9,16.4,3,5,GERMANY
1688,@gmail.com,8,21.77,5,3,INDIA
1689,@meta.com,10,31.99,1,7,
1690,@gmail.com,10,9.16,4,13,uk
1691,@gmail.com,5,18.66,4,7,UK
1692,@yahoo.com,6,1.34,2,6,UK
1693,@yahoo.com,17,22.58,6,4,GERMANY
1694,@gmail.com,5,21.14,2,6,uk
1695,@gmail.com,6,7.93,1,4,GERMANY
1696,@microsoft.com,4,5.64,5,6,
1697,@gmail.com,8,7.18,4,7,usa
1698,@microsoft.com,6,1.42,1,6,INDIA
1699,@gmail.com,3,15.23,4,5,INDIA
1700,@yahoo.com,9,36.63,5,6,united states
1701,@yahoo.com,6,16.44,3,7,GERMANY
1702,@gmail.com,5,13.03,3,4,usa
1703,@gmail.com,7,70.17,7,3,GERMANY
1704,@gmail.com,10,11.71,5,6,INDIA
1705,@gmail.com,10,6.37,1,10,uk
1706,,25,18.29,6,2,united states
1707,@gmail.com,3,11.05,2,4,GERMANY
1708,@accenture.com,13,53.68,6,6,India
1709,@gmail.com,3,34.24,3,1,UK
1710,@uber.com,1,44.02,4,1,USA
1711,@meta.com,14,,6,5,GERMANY
1712,@microsoft.com,20,6.1,9,1,
1713,@yahoo.com,6,14.8,2,7,INDIA
1714,@yahoo.com,6,5.53,5,9,UK
1715,@gmail.com,0,16.03,2,4,uk
1716,@netflix.com,12,18.83,9,3,UK
1717,@accenture.com,5,14.64,4,5,usa
1718,@unknown_typo,12,9.19,3,3,INDIA
1719,@gmail.com,6,17.9,5,1,India
1720,@meta.com,10,22.74,8,10,usa
1721,@netflix.com,8,17.87,1,2,united states
1722,@gmail.com,7,,1,5,united states
1723,@gmail.com,6,44.13,3,3,
1724,@meta.com,9,1.62,4,4,USA
1725,@microsoft.com,22,35.53,15,3,united states
1726,@accenture.com,11,4.79,3,6,united states
1727,@gmail.com,8,12.44,0,8,UK
1728,@meta.com,13,42.81,9,8,uk
1729,@gmail.com,5,14.52,1,4,GERMANY
1730,@gmail.com,13,1.32,9,3,INDIA
1731,@gmail.com,1,10.37,5,4,uk
1732,@accenture.com,10,33.71,3,3,INDIA
1733,@uber.com,10,7.97,2,8,GERMANY
1734,@yahoo.com,12,28.25,12,4,India
1735,@gmail.com,6,23.71,2,3,UK
1736,@accenture.com,9,35.54,4,7,usa
1737,@gmail.com,3,4.58,2,10,uk
1738,@accenture.com,7,10.29,5,4,USA
1739,@yahoo.com,14,6.12,3,4,UK
1740,@gmail.com,3,11.46,1,11,usa
1741,@yahoo.com,7,0.29,1,4,UK
1742,@gmail.com,5,4.15,0,7,
1743,@meta.com,13,54.77,6,10,INDIA
1744,@yahoo.com,23,13.86,9,4,united states
1745,@gmail.com,3,2.86,3,4,
1746,@netflix.com,14,10.65,9,7,INDIA
1747,@gmail.com,4,17.96,3,5,UK
1748,@yahoo.com,11,13.88,9,2,usa
1749,@netflix.com,8,10.46,1,6,
1750,@microsoft.com,8,16.81,4,3,united states
1751,@gmail.com,17,2.74,3,4,UK
1752,@netflix.com,18,8.65,21,5,uk
1753,@microsoft.com,29,20.81,6,6,united states
1754,@gmail.com,8,12.99,3,3,USA
1755,@gmail.com,8,35.51,3,4,uk
1756,@meta.com,10,8.8,1,7,India
1757,@microsoft.com,13,2.13,3,5,usa
1758,@yahoo.com,11,0.75,6,2,UK
1759,@netflix.com,1,9.74,9,1,GERMANY
1760,@meta.com,10,8.63,4,7,INDIA
1761,@gmail.com,5,4.45,4,4,USA
1762,@gmail.com,16,13.39,15,3,
1763,@gmail.com,4,4.32,4,9,usa
1764,@meta.com,10,3.66,5,10,united states
1765,@gmail.com,7,,2,5,united states
1766,@microsoft.com,24,43.49,3,10,GERMANY
1767,@meta.com,7,3.4,7,4,united states
1768,@accenture.com,8,3.03,3,5,
1769,@gmail.com,8,10.99,2,6,INDIA
1770,@accenture.com,13,1.91,3,7,united states
1771,@gmail.com,4,5.22,2,5,INDIA
1772,@accenture.com,7,70.26,2,7,united states
1773,@gmail.com,3,27.59,7,2,INDIA
1774,@gmail.com,7,18.37,4,5,
1775,@meta.com,14,0.4,3,3,united states
1776,@gmail.com,7,4.62,3,5,united states
1777,@gmail.com,8,12.65,1,4,uk
1778,@uber.com,11,18.58,12,3,India
1779,@uber.com,7,16.56,5,5,GERMANY
1780,@microsoft.com,18,3.08,9,5,India
1781,@uber.com,7,9.42,5,5,uk
1782,@yahoo.com,13,3.32,6,7,India
1783,@gmail.com,10,38.57,7,6,usa
1784,@gmail.com,2,12.23,0,2,INDIA
1785,@gmail.com,12,7.42,9,3,
1786,@netflix.com,14,37.52,0,7,INDIA
1787,@microsoft.com,9,35.15,5,6,INDIA
1788,@yahoo.com,6,10.52,5,5,uk
1789,@yahoo.com,3,17.41,3,1,India
1790,@netflix.com,7,5.76,0,3,uk
1791,@gmail.com,9,5.52,1,3,usa
1792,@microsoft.com,9,11.96,1,4,usa
1793,@yahoo.com,8,28.12,2,7,USA
1794,@microsoft.com,6,13.64,3,7,
1795,@gmail.com,3,9.22,5,4,usa
1796,@accenture.com,8,16.37,6,10,UK
1797,@netflix.com,11,25.09,6,5,INDIA
1798,@microsoft.com,10,23.22,3,6,USA
1799,@uber.com,8,6.94,1,7,GERMANY
1800,@netflix.com,10,,3,6,
1801,@uber.com,7,0.24,2,2,united states
1802,@gmail.com,2,8.99,1,5,
1803,@microsoft.com,9,35.71,5,5,uk
1804,@microsoft.com,15,17.86,15,3,uk
1805,@yahoo.com,16,18.26,3,2,uk
1806,@meta.com,8,2.55,5,9,
1807,@netflix.com,17,13.09,12,11,
1808,@netflix.com,10,51.15,3,6,USA
1809,@yahoo.com,7,3.57,5,5,usa
1810,@gmail.com,4,5.94,2,7,
1811,,10,7.38,4,8,uk
1812,@accenture.com,6,6.69,2,5,INDIA
1813,@gmail.com,6,14.79,1,3,INDIA
1814,@netflix.com,10,,4,2,UK
1815,@accenture.com,16,10.57,6,4,India
1816,@yahoo.com,7,7.67,2,7,India
1817,@microsoft.com,8,15.51,1,5,INDIA
1818,@gmail.com,7,4.15,5,8,
1819,@gmail.com,3,,3,5,usa
1820,@gmail.com,2,20.23,5,9,INDIA
1821,@accenture.com,22,17.71,3,4,USA
1822,@gmail.com,2,26.96,3,3,GERMANY
1823,@gmail.com,10,46.91,1,6,uk
1824,@gmail.com,3,28.86,2,4,uk
1825,@yahoo.com,20,41.76,9,3,UK
1826,@netflix.com,19,0.26,12,4,India
1827,@gmail.com,3,14.87,2,5,GERMANY
1828,@gmail.com,5,4.67,3,5,INDIA
1829,@meta.com,9,,3,4,uk
1830,@yahoo.com,12,25.64,15,8,GERMANY
1831,@gmail.com,6,0.73,8,7,
1832,@yahoo.com,14,13.58,6,10,UK
1833,@gmail.com,4,28.55,5,5,INDIA
1834,@gmail.com,1,13.28,7,6,INDIA
1835,@yahoo.com,8,8.31,2,3,USA
1836,@yahoo.com,12,1.2,9,4,UK
1837,@netflix.com,12,19.66,12,3,
1838,@gmail.com,3,,2,4,usa
1839,@microsoft.com,9,13.67,5,7,united states
1840,@microsoft.com,11,37.45,15,4,INDIA
1841,@gmail.com,5,8.15,5,6,UK
1842,@uber.com,13,22.06,12,5,USA
1843,@gmail.com,10,24.13,2,8,united states
1844,@unknown_typo,10,0.16,2,5,usa
1845,@gmail.com,4,36.97,3,4,united states
1846,@yahoo.com,25,3.14,9,2,USA
1847,@gmail.com,8,4.98,1,3,India
1848,,9,30.69,4,6,UK
1849,@yahoo.com,11,17.4,6,6,USA
1850,@microsoft.com,12,6.97,9,10,GERMANY
1851,@gmail.com,4,1.38,1,10,uk
1852,@meta.com,12,7.32,9,7,usa
1853,@gmail.com,6,50.87,1,6,India
1854,@netflix.com,11,1.66,12,3,UK
1855,@gmail.com,10,28.07,2,3,UK
1856,@gmail.com,5,5.9,4,6,GERMANY
1857,@gmail.com,6,15.94,2,5,
1858,@yahoo.com,16,14.98,12,4,usa
1859,@microsoft.com,14,5.91,0,6,INDIA
1860,@gmail.com,7,0.84,4,5,GERMANY
1861,@meta.com,17,2.42,0,6,USA
1862,@yahoo.com,16,12.52,3,7,India
1863,@yahoo.com,3,44.6,1,4,
1864,@yahoo.com,8,39.01,3,4,GERMANY
1865,@yahoo.com,9,1.81,5,3,usa
1866,@microsoft.com,11,31.22,3,6,united states
1867,@gmail.com,5,3.99,3,3,UK
1868,@gmail.com,7,36.1,1,2,India
1869,@accenture.com,10,21.31,0,3,India
1870,@netflix.com,9,48.76,4,3,India
1871,@gmail.com,5,8.74,0,3,USA
1872,@gmail.com,6,19.73,1,6,united states
1873,@microsoft.com,13,19.94,3,13,uk
1874,@yahoo.com,7,10.28,6,5,USA
1875,@gmail.com,3,55.05,2,7,GERMANY
1876,@gmail.com,2,4.19,6,6,UK
1877,@uber.com,33,64.26,15,2,UK
1878,@uber.com,11,25.08,9,9,uk
1879,@gmail.com,10,14.36,1,5,India
1880,@gmail.com,4,1.18,3,2,GERMANY
1881,@gmail.com,4,4.5,2,5,uk
1882,@uber.com,18,27.61,9,8,GERMANY
1883,@gmail.com,4,19.54,2,4,united states
1884,@gmail.com,4,49.33,5,5,united states
1885,@meta.com,16,7.58,3,2,UK
1886,@gmail.com,2,33.73,7,3,USA
1887,@uber.com,11,29.69,9,7,GERMANY
1888,@gmail.com,2,50.78,3,5,INDIA
1889,@gmail.com,2,4.77,3,4,usa
1890,@gmail.com,9,10.23,2,3,INDIA
1891,@uber.com,4,1.27,3,5,India
1892,@accenture.com,9,13.41,3,6,India
1893,@accenture.com,9,19.77,2,8,INDIA
1894,@gmail.com,7,4.08,2,6,GERMANY
1895,@uber.com,15,2.79,9,8,UK
1896,@gmail.com,3,15.31,2,6,usa
1897,@gmail.com,10,7.49,3,4,INDIA
1898,@netflix.com,5,8.34,4,6,USA
1899,@gmail.com,10,9.55,4,3,GERMANY
1900,@gmail.com,5,10.75,5,3,uk
1901,@gmail.com,8,3.26,1,6,united states
1902,@gmail.com,6,12.93,1,6,India
1903,@gmail.com,8,1.07,5,4,GERMANY
1904,@microsoft.com,16,1.81,15,6,
1905,@yahoo.com,22,18.65,6,6,India
1906,@netflix.com,5,19.72,7,4,GERMANY
1907,@accenture.com,17,4.65,21,6,usa
1908,@gmail.com,6,,4,6,uk
1909,@gmail.com,0,0.83,1,4,
1910,@gmail.com,5,8.14,0,3,GERMANY
1911,@microsoft.com,13,10.67,3,7,usa
1912,@gmail.com,5,34.46,4,2,USA
1913,@microsoft.com,10,0.04,1,3,USA
1914,@yahoo.com,6,7.81,3,4,USA
1915,@microsoft.com,10,8.15,2,4,usa
1916,@yahoo.com,22,32.65,3,4,uk
1917,@gmail.com,5,3.27,1,6,India
1918,@netflix.com,3,1.03,0,7,united states
1919,@meta.com,22,7.21,18,5,UK
1920,@gmail.com,6,14.21,4,4,usa
1921,@accenture.com,8,29.29,5,4,usa
1922,@yahoo.com,11,4.7,12,4,India
1923,@netflix.com,4,4.34,7,9,usa
1924,@meta.com,16,,9,7,GERMANY
1925,@yahoo.com,16,1.89,6,5,uk
1926,@gmail.com,6,56.72,4,3,India
1927,@gmail.com,4,11.67,6,4,GERMANY
1928,@yahoo.com,8,4.77,3,7,usa
1929,@microsoft.com,6,6.74,1,7,united states
1930,@gmail.com,4,30.14,1,6,united states
1931,@gmail.com,6,16.8,4,6,usa
1932,@accenture.com,7,12.08,2,6,united states
1933,,32,19.35,3,5,INDIA
1934,@yahoo.com,11,21.15,3,5,INDIA
1935,@gmail.com,4,3.24,2,3,uk
1936,@gmail.com,3,2.59,5,2,united states
1937,@gmail.com,3,51.03,1,5,united states
1938,@netflix.com,4,3.08,5,9,UK
1939,@gmail.com,6,9.38,3,5,usa
1940,@microsoft.com,14,60.93,9,8,GERMANY
1941,@gmail.com,6,8.1,3,10,usa
1942,@microsoft.com,20,10.85,12,6,GERMANY
1943,@uber.com,9,24.02,2,8,USA
1944,@accenture.com,16,6.24,3,8,UK
1945,@gmail.com,4,8.46,3,6,
1946,@gmail.com,5,6.06,4,8,USA
1947,@gmail.com,3,5.08,2,8,USA
1948,@netflix.com,21,9.57,6,3,united states
1949,@accenture.com,9,20.55,1,4,GERMANY
1950,@microsoft.com,5,30.29,3,5,uk
1951,@microsoft.com,3,9.53,4,5,USA
1952,@uber.com,7,5.81,3,6,usa
1953,@gmail.com,3,36.39,3,7,GERMANY
1954,@netflix.com,8,6.14,2,6,uk
1955,@yahoo.com,12,22.38,6,5,
1956,@gmail.com,6,20.71,4,4,uk
1957,@yahoo.com,18,0.77,6,4,uk
1958,@gmail.com,11,2.93,6,2,UK
1959,@gmail.com,12,12.76,9,2,usa
1960,@meta.com,9,30.33,4,4,India
1961,@gmail.com,2,13.52,2,4,uk
1962,@microsoft.com,11,20.36,9,3,USA
1963,@gmail.com,10,19.89,3,5,UK
1964,@gmail.com,2,,2,2,GERMANY
1965,@gmail.com,5,12.34,5,5,uk
1966,@gmail.com,4,1.11,3,6,India
1967,@uber.com,21,,6,3,GERMANY
1968,@gmail.com,5,16.83,3,7,GERMANY
1969,@microsoft.com,3,2.52,1,5,united states
1970,@yahoo.com,14,,9,4,INDIA
1971,@uber.com,15,0.07,24,3,India
1972,@netflix.com,8,4.6,4,2,UK
1973,@meta.com,19,5.71,12,3,
1974,@gmail.com,6,17.24,1,3,UK
1975,@gmail.com,7,9.71,1,6,India
1976,@gmail.com,2,27.75,3,6,INDIA
1977,@microsoft.com,6,1.36,2,5,INDIA
1978,@gmail.com,6,18.41,3,6,uk
1979,@yahoo.com,26,31.18,12,6,India
1980,@microsoft.com,15,8.21,18,6,united states
1981,@gmail.com,5,5.11,4,9,usa
1982,@meta.com,16,8.85,3,3,USA
1983,@gmail.com,7,23.33,0,8,
1984,@gmail.com,6,37.71,5,4,USA
1985,@uber.com,10,1.02,2,4,India
1986,@yahoo.com,17,11.28,6,3,uk
1987,@uber.com,7,15.31,0,5,USA
1988,@yahoo.com,2,,2,8,uk
1989,@gmail.com,12,,15,6,
1990,@accenture.com,7,0.97,3,5,UK
1991,@meta.com,28,5.15,9,7,India
1992,@uber.com,15,3.45,12,3,UK
1993,@gmail.com,7,10.01,3,8,usa
1994,@microsoft.com,7,15.98,3,4,united states
1995,@gmail.com,3,,2,4,united states
1996,@gmail.com,1,5.44,3,2,UK
1997,@netflix.com,19,0.78,9,8,India
1998,@gmail.com,5,0.06,7,7,united states
1999,@unknown_typo,4,27.92,6,1,
2000,@yahoo.com,14,31.57,24,3,united states
2001,@gmail.com,6,1.6,2,8,GERMANY
2002,@yahoo.com,9,0.15,4,5,USA
2003,@accenture.com,11,,15,5,uk
2004,@meta.com,9,,3,5,usa
2005,@accenture.com,11,12.18,12,5,usa
2006,@uber.com,8,11.43,0,7,united states
2007,@uber.com,13,22.29,15,2,united states
2008,@accenture.com,17,5.21,9,2,uk
2009,@gmail.com,3,,1,7,USA
2010,@yahoo.com,14,1.22,0,9,INDIA
2011,@gmail.com,6,12.53,4,9,usa
2012,,9,48.59,3,10,united states
2013,@netflix.com,8,,1,1,India
2014,@gmail.com,9,39.73,2,10,GERMANY
2015,@uber.com,11,19.6,9,3,India
2016,@netflix.com,18,4.0,15,5,united states
2017,@gmail.com,5,16.31,5,6,usa
2018,@microsoft.com,2,6.84,4,7,usa
2019,@netflix.com,11,1.96,3,8,usa
2020,@gmail.com,5,1.46,1,3,usa
2021,@uber.com,6,0.26,4,8,India
2022,@gmail.com,5,23.98,3,4,usa
2023,@netflix.com,5,32.42,1,8,uk
2024,@unknown_typo,6,9.88,3,6,India
2025,@netflix.com,5,11.01,3,5,India
2026,@yahoo.com,13,17.64,3,3,usa
2027,@accenture.com,25,18.11,15,3,united states
2028,@accenture.com,4,5.88,3,6,UK
2029,@gmail.com,7,2.6,2,7,India
2030,@accenture.com,12,8.44,12,6,India
2031,@gmail.com,13,,0,4,GERMANY
2032,@microsoft.com,4,24.46,1,2,GERMANY
2033,@gmail.com,1,1.4,4,3,GERMANY
2034,@gmail.com,17,13.31,12,4,INDIA
2035,@gmail.com,12,0.83,6,5,USA
2036,@uber.com,11,26.13,12,2,USA
2037,@gmail.com,9,16.49,1,8,INDIA
2038,@uber.com,13,17.89,12,5,INDIA
2039,@gmail.com,11,21.51,21,2,India
2040,@gmail.com,8,10.27,5,6,India
2041,@yahoo.com,23,5.33,6,5,united states
2042,@meta.com,16,23.1,12,4,uk
2043,@gmail.com,5,22.53,0,5,INDIA
2044,@microsoft.com,12,2.17,3,0,USA
2045,@netflix.com,10,34.96,4,9,India
2046,@microsoft.com,9,3.75,6,3,usa
2047,@gmail.com,9,5.49,3,5,usa
2048,@gmail.com,5,,3,1,INDIA
2049,@accenture.com,10,50.54,3,5,UK
2050,@gmail.com,4,5.34,3,2,united states
2051,@accenture.com,11,53.32,6,5,
2052,@yahoo.com,9,15.24,4,4,uk
2053,@netflix.com,19,2.91,9,5,USA
2054,@meta.com,5,12.11,3,10,India
2055,,5,32.09,4,3,UK
2056,@gmail.com,5,12.37,1,7,GERMANY
2057,@meta.com,18,,3,5,USA
2058,@yahoo.com,10,5.07,5,1,UK
2059,@yahoo.com,13,3.82,12,5,usa
2060,@microsoft.com,6,2.02,3,9,uk
2061,@accenture.com,12,5.95,3,7,USA
2062,,9,16.23,2,5,INDIA
2063,@meta.com,12,,9,6,GERMANY
2064,@yahoo.com,11,8.8,3,1,united states
2065,@yahoo.com,11,5.8,6,3,India
2066,@meta.com,13,77.97,9,9,GERMANY
2067,@gmail.com,3,13.24,4,6,India
2068,@gmail.com,8,26.93,6,2,united states
2069,@gmail.com,4,8.73,4,5,
2070,@gmail.com,3,2.77,0,3,
2071,@gmail.com,11,28.14,0,3,INDIA
2072,@gmail.com,3,21.62,5,3,usa
2073,@gmail.com,5,,4,8,usa
2074,@gmail.com,6,13.99,5,4,India
2075,,4,1.47,4,5,UK
2076,@yahoo.com,10,0.4,2,4,usa
2077,@gmail.com,2,25.37,3,2,INDIA
2078,@uber.com,14,42.69,6,8,united states
2079,@gmail.com,4,6.33,6,4,usa
2080,@netflix.com,13,13.65,6,3,GERMANY
2081,@meta.com,4,18.95,3,4,uk
2082,@gmail.com,5,20.56,3,9,usa
2083,@yahoo.com,9,9.84,3,2,uk
2084,@accenture.com,19,14.25,21,2,uk
2085,@netflix.com,8,16.05,4,3,INDIA
2086,@yahoo.com,5,1.63,3,8,united states
2087,@microsoft.com,24,15.54,12,1,
2088,@gmail.com,4,10.73,0,4,
2089,,11,7.13,6,6,uk
2090,@gmail.com,5,4.55,4,6,USA
2091,@netflix.com,10,15.24,4,5,uk
2092,@microsoft.com,17,2.74,9,7,India
2093,@microsoft.com,4,24.98,4,6,
2094,@yahoo.com,6,2.83,7,6,USA
2095,@gmail.com,7,22.15,0,2,uk
2096,@gmail.com,4,25.51,4,4,INDIA
2097,@gmail.com,13,42.11,0,5,uk
2098,@gmail.com,6,9.33,3,6,usa
2099,@meta.com,13,0.99,9,6,USA
2100,@gmail.com,4,16.98,6,5,uk
2101,@gmail.com,4,4.98,2,3,USA
2102,@unknown_typo,14,1.46,9,2,
2103,@netflix.com,15,29.04,3,4,INDIA
2104,@netflix.com,15,2.26,9,9,USA
2105,,21,10.59,9,4,uk
2106,@gmail.com,11,23.3,0,5,
2107,@gmail.com,7,3.33,3,5,USA
2108,@meta.com,16,34.04,3,5,USA
2109,@uber.com,11,6.04,9,11,UK
2110,@gmail.com,8,7.57,4,3,uk
2111,@accenture.com,6,2.11,2,3,USA
2112,@gmail.com,1,15.51,6,7,usa
2113,@gmail.com,2,10.26,1,5,UK
2114,@yahoo.com,6,54.84,0,7,GERMANY
2115,@microsoft.com,9,17.98,1,6,uk
2116,@microsoft.com,14,21.34,0,2,India
2117,@gmail.com,3,3.33,2,5,UK
2118,@accenture.com,3,18.71,2,6,
2119,@gmail.com,4,12.23,2,9,
2120,@gmail.com,11,7.76,6,8,
2121,@netflix.com,18,,12,10,INDIA
2122,@unknown_typo,15,57.63,6,8,uk
2123,@accenture.com,12,1.49,9,7,united states
2124,@accenture.com,6,23.33,3,4,USA
2125,@uber.com,10,37.79,4,7,usa
2126,@microsoft.com,12,5.68,12,7,INDIA
2127,@gmail.com,5,6.77,1,5,INDIA
2128,@yahoo.com,11,,9,8,USA
2129,@gmail.com,5,46.07,4,5,INDIA
2130,@gmail.com,1,41.93,2,7,UK
2131,@uber.com,3,0.86,4,7,USA
2132,@yahoo.com,12,30.77,9,8,
2133,@gmail.com,3,13.24,3,4,GERMANY
2134,@gmail.com,17,8.2,15,6,UK
2135,@uber.com,8,28.02,3,7,INDIA
2136,@gmail.com,8,24.17,2,5,UK
2137,@accenture.com,10,10.68,1,5,USA
2138,@yahoo.com,14,7.93,12,5,India
2139,@yahoo.com,22,9.59,9,3,INDIA
2140,@microsoft.com,10,5.75,3,5,usa
2141,@accenture.com,13,17.12,9,4,usa
2142,@gmail.com,3,33.39,4,6,usa
2143,@uber.com,12,,9,5,usa
2144,@microsoft.com,13,26.19,6,2,united states
2145,@gmail.com,3,6.71,4,4,INDIA
2146,@accenture.com,14,2.12,0,6,uk
2147,@meta.com,15,0.62,12,0,usa
2148,@uber.com,10,9.79,4,2,
2149,@accenture.com,12,12.6,3,5,INDIA
2150,@accenture.com,8,,4,4,united states
2151,@uber.com,26,15.86,3,4,united states
2152,@accenture.com,10,10.96,6,6,GERMANY
2153,@uber.com,2,89.38,0,7,uk
2154,@uber.com,2,1.66,2,7,India
2155,@microsoft.com,25,18.31,3,4,USA
2156,@meta.com,6,,2,4,INDIA
2157,@gmail.com,9,3.47,4,5,USA
2158,@netflix.com,1,0.28,8,4,uk
2159,@accenture.com,14,0.1,3,9,INDIA
2160,@gmail.com,9,3.1,3,3,INDIA
2161,@accenture.com,13,2.89,18,12,GERMANY
2162,@gmail.com,3,0.01,7,6,usa
2163,@gmail.com,7,18.94,6,4,uk
2164,@meta.com,5,10.51,1,3,
2165,@gmail.com,4,7.57,4,5,
2166,@accenture.com,10,1.64,5,4,INDIA
2167,@accenture.com,7,6.09,3,4,uk
2168,@yahoo.com,24,9.54,18,4,united states
2169,@gmail.com,11,93.58,0,8,usa
2170,@gmail.com,4,10.72,6,2,INDIA
2171,@microsoft.com,8,0.3,3,4,INDIA
2172,,14,3.49,15,1,uk
2173,@microsoft.com,23,6.57,9,5,India
2174,@gmail.com,5,,1,6,
2175,@microsoft.com,14,16.83,15,4,
2176,@yahoo.com,12,13.4,9,4,
2177,@meta.com,6,10.68,4,1,
2178,@gmail.com,8,27.29,4,4,usa
2179,@meta.com,12,3.28,18,4,India
2180,@yahoo.com,16,1.22,9,6,usa
2181,@unknown_typo,10,27.32,3,5,GERMANY
2182,@gmail.com,5,9.3,1,8,UK
2183,@microsoft.com,13,12.09,12,9,GERMANY
2184,@netflix.com,8,27.25,4,4,GERMANY
2185,@gmail.com,7,43.73,4,4,UK
2186,@netflix.com,12,12.04,6,5,united states
2187,@uber.com,17,25.09,3,5,USA
2188,@gmail.com,8,11.8,3,9,uk
2189,@gmail.com,10,0.51,3,2,India
2190,@uber.com,11,46.81,6,4,GERMANY
2191,@gmail.com,5,25.54,5,5,GERMANY
2192,@microsoft.com,11,21.0,6,3,USA
2193,@gmail.com,5,8.75,1,5,INDIA
2194,@microsoft.com,6,42.85,3,4,united states
2195,@gmail.com,5,10.1,1,6,USA
2196,@accenture.com,9,19.14,1,7,usa
2197,@unknown_typo,3,1.59,4,6,UK
2198,@unknown_typo,5,3.71,3,6,GERMANY
2199,@meta.com,17,8.28,6,2,India
2200,@gmail.com,5,13.06,3,5,
2201,@meta.com,22,24.56,12,2,uk
2202,@gmail.com,7,,2,5,UK
2203,@gmail.com,5,22.33,4,4,usa
2204,@gmail.com,5,33.11,4,7,usa
2205,@yahoo.com,16,25.59,18,8,India
2206,@meta.com,15,14.61,12,8,usa
2207,@uber.com,18,24.91,3,6,usa
2208,@yahoo.com,6,31.49,4,3,UK
2209,@gmail.com,4,12.15,8,9,
2210,,12,24.92,12,8,USA
2211,@yahoo.com,8,8.2,2,5,GERMANY
2212,@yahoo.com,15,,12,7,united states
2213,@gmail.com,9,0.81,5,1,UK
2214,@meta.com,4,,3,2,INDIA
2215,@uber.com,19,2.27,6,7,India
2216,@gmail.com,6,4.85,3,4,UK
2217,@gmail.com,3,5.73,2,6,India
2218,@uber.com,5,1.85,1,7,united states
2219,@uber.com,17,38.22,3,3,GERMANY
2220,@gmail.com,10,52.62,3,7,uk
2221,@unknown_typo,18,30.06,3,0,
2222,@gmail.com,6,6.38,1,4,GERMANY
2223,@yahoo.com,3,0.85,2,7,India
2224,@netflix.com,13,3.03,12,9,usa
2225,@yahoo.com,6,22.18,4,10,usa
2226,@microsoft.com,14,5.05,3,6,
2227,@gmail.com,13,33.47,15,7,uk
2228,@gmail.com,1,27.04,3,4,UK
2229,,4,4.06,0,11,INDIA
2230,@yahoo.com,15,17.74,15,7,usa
2231,@netflix.com,5,8.76,3,3,
2232,@gmail.com,2,3.63,1,5,USA
2233,@gmail.com,4,,5,5,GERMANY
2234,@gmail.com,5,27.24,1,5,GERMANY
2235,@uber.com,7,39.22,3,3,USA
2236,@gmail.com,1,0.91,2,6,
2237,@accenture.com,5,8.14,2,5,USA
2238,@yahoo.com,12,13.91,6,9,USA
2239,@unknown_typo,7,6.19,1,2,united states
2240,@gmail.com,7,5.73,5,3,India
2241,@accenture.com,12,22.17,6,0,uk
2242,@meta.com,5,22.88,4,1,India
2243,@meta.com,15,19.58,9,2,GERMANY
2244,@accenture.com,6,34.32,3,5,USA
2245,@meta.com,11,10.24,21,9,uk
2246,@microsoft.com,14,23.25,3,4,INDIA
2247,@gmail.com,4,0.17,3,4,India
2248,@gmail.com,7,65.65,5,5,USA
2249,@netflix.com,19,37.74,12,7,INDIA
2250,@microsoft.com,2,27.62,2,2,usa
2251,@meta.com,6,13.29,4,6,united states
2252,@yahoo.com,13,11.78,9,4,united states
2253,@gmail.com,4,2.44,4,7,usa
2254,@gmail.com,4,0.83,4,6,GERMANY
2255,@uber.com,14,4.43,12,8,uk
2256,@yahoo.com,11,2.46,6,6,united states
2257,@gmail.com,7,12.34,5,3,INDIA
2258,@yahoo.com,8,6.06,5,6,USA
2259,@gmail.com,4,7.36,2,3,united states
2260,@microsoft.com,14,0.4,15,5,USA
2261,@gmail.com,7,11.93,4,5,
2262,@meta.com,3,16.01,3,5,India
2263,@gmail.com,9,6.11,1,5,USA
2264,@yahoo.com,11,2.11,15,8,GERMANY
2265,@gmail.com,4,18.25,6,2,united states
2266,@gmail.com,4,2.07,1,7,INDIA
2267,@gmail.com,6,,3,8,
2268,@yahoo.com,8,11.85,2,6,USA
2269,@microsoft.com,12,4.07,3,4,India
2270,@gmail.com,6,34.35,2,6,united states
2271,@uber.com,14,2.29,3,5,GERMANY
2272,@accenture.com,12,13.79,6,3,uk
2273,@meta.com,15,,9,6,uk
2274,@gmail.com,4,0.57,1,5,UK
2275,@yahoo.com,18,14.11,12,9,USA
2276,@gmail.com,8,17.77,3,6,UK
2277,@gmail.com,4,36.14,2,5,INDIA
2278,,7,18.51,5,6,united states
2279,@gmail.com,9,9.94,3,8,India
2280,@yahoo.com,9,28.79,4,4,united states
2281,@microsoft.com,21,,18,4,UK
2282,@uber.com,17,29.02,12,2,UK
2283,@microsoft.com,13,27.87,6,2,united states
2284,@gmail.com,5,13.88,3,5,united states
2285,@gmail.com,6,6.34,1,4,GERMANY
2286,@yahoo.com,11,13.42,15,6,uk
2287,@gmail.com,4,,6,3,united states
2288,@gmail.com,1,15.18,3,2,
2289,@gmail.com,3,27.49,5,9,GERMANY
2290,@gmail.com,5,6.34,2,3,India
2291,@gmail.com,1,5.19,3,9,united states
2292,@gmail.com,10,4.43,1,3,uk
2293,@microsoft.com,15,10.14,3,2,INDIA
2294,@uber.com,4,8.48,4,3,INDIA
2295,@accenture.com,10,28.88,1,3,UK
2296,@gmail.com,4,1.79,0,7,INDIA
2297,@gmail.com,5,12.11,4,5,UK
2298,@gmail.com,8,7.75,3,4,UK
2299,@microsoft.com,10,41.61,2,5,USA
2300,@uber.com,1,23.3,2,4,
2301,@gmail.com,12,,6,3,India
2302,@netflix.com,18,15.35,15,4,uk
2303,@gmail.com,2,20.53,3,4,INDIA
2304,@yahoo.com,5,1.11,2,8,GERMANY
2305,@uber.com,10,16.8,2,5,GERMANY
2306,@accenture.com,11,2.25,9,6,UK
2307,@uber.com,7,3.14,2,8,India
2308,@accenture.com,17,9.28,3,1,USA
2309,@gmail.com,3,58.28,2,6,USA
2310,@accenture.com,8,45.6,3,8,INDIA
2311,@gmail.com,12,34.88,9,7,UK
2312,@netflix.com,9,0.52,0,1,India
2313,@yahoo.com,25,28.74,3,4,USA
2314,@accenture.com,6,22.45,3,5,usa
2315,@yahoo.com,17,10.36,3,3,India
2316,@microsoft.com,6,5.91,0,4,USA
2317,@yahoo.com,19,21.13,21,8,USA
2318,@meta.com,4,1.7,3,3,uk
2319,@gmail.com,16,15.77,3,6,
2320,@gmail.com,5,16.72,4,6,UK
2321,@gmail.com,1,,6,8,USA
2322,@gmail.com,9,31.53,4,5,GERMANY
2323,@accenture.com,8,6.0,6,4,INDIA
2324,@gmail.com,3,9.76,1,6,
2325,@unknown_typo,17,21.32,6,7,India
2326,@gmail.com,10,18.92,2,5,UK
2327,@gmail.com,7,12.4,4,6,INDIA
2328,@meta.com,10,4.76,1,5,GERMANY
2329,@uber.com,11,5.23,12,2,USA
2330,@yahoo.com,5,20.28,8,1,usa
2331,@microsoft.com,16,0.09,9,3,UK
2332,@uber.com,3,15.86,1,6,UK
2333,@gmail.com,6,4.28,1,8,uk
2334,,3,16.77,2,10,India
2335,@unknown_typo,9,3.1,2,4,usa
2336,@uber.com,6,7.08,2,5,usa
2337,@gmail.com,10,21.03,4,8,
2338,@uber.com,33,21.11,6,2,USA
2339,@gmail.com,5,3.53,4,4,India
2340,@gmail.com,7,7.08,4,7,UK
2341,@gmail.com,3,10.47,1,6,usa
2342,@yahoo.com,27,13.28,0,10,united states
2343,@accenture.com,20,20.35,42,6,
2344,@uber.com,10,0.36,7,4,uk
2345,@meta.com,10,1.84,5,3,USA
2346,@yahoo.com,10,,2,3,uk
2347,@gmail.com,8,3.17,2,4,USA
2348,@gmail.com,3,0.46,5,5,GERMANY
2349,,10,37.97,4,6,UK
2350,@gmail.com,4,2.65,2,5,INDIA
2351,@accenture.com,11,1.15,12,7,uk
2352,@microsoft.com,6,9.57,1,5,GERMANY
2353,@yahoo.com,6,42.5,2,2,INDIA
2354,@uber.com,4,50.03,4,8,India
2355,@yahoo.com,10,16.92,4,3,USA
2356,@accenture.com,18,2.95,15,4,united states
2357,@netflix.com,11,0.06,3,8,GERMANY
2358,@yahoo.com,17,6.12,6,7,GERMANY
2359,@gmail.com,2,2.01,3,7,USA
2360,@microsoft.com,11,21.1,6,8,USA
2361,@netflix.com,10,52.16,4,7,uk
2362,@gmail.com,2,1.31,1,3,USA
2363,@microsoft.com,17,7.59,9,0,
2364,@microsoft.com,7,34.91,3,6,united states
2365,@meta.com,10,19.55,2,3,usa
2366,@gmail.com,9,30.58,4,2,usa
2367,@uber.com,8,38.45,5,7,INDIA
2368,@netflix.com,6,7.98,5,7,
2369,@gmail.com,5,17.75,6,3,UK
2370,@gmail.com,2,18.53,2,3,USA
2371,@unknown_typo,13,14.95,3,8,INDIA
2372,@gmail.com,3,5.91,4,6,UK
2373,@accenture.com,19,26.77,0,1,usa
2374,@yahoo.com,7,21.97,6,2,usa
2375,@gmail.com,2,8.84,0,5,
2376,@accenture.com,8,,3,4,UK
2377,@yahoo.com,12,0.16,3,2,India
2378,@yahoo.com,13,27.82,24,8,India
2379,@gmail.com,5,5.01,5,6,UK
2380,@microsoft.com,8,9.55,3,8,USA
2381,@gmail.com,8,7.95,4,6,INDIA
2382,@gmail.com,6,,4,8,usa
2383,@unknown_typo,5,7.42,2,8,usa
2384,@gmail.com,4,2.97,2,6,united states
2385,@uber.com,18,30.44,3,8,
2386,@gmail.com,14,3.04,12,2,India
2387,@meta.com,15,0.43,9,1,usa
2388,@gmail.com,3,3.28,4,4,
2389,@unknown_typo,26,9.11,6,3,
2390,@yahoo.com,15,8.25,3,2,uk
2391,@gmail.com,6,23.87,5,8,India
2392,@gmail.com,5,3.25,5,6,INDIA
2393,@gmail.com,3,22.42,3,4,India
2394,@yahoo.com,6,1.52,4,6,UK
2395,@gmail.com,4,9.63,5,4,GERMANY
2396,@accenture.com,17,30.07,12,4,USA
2397,@yahoo.com,6,7.99,1,7,USA
2398,@gmail.com,5,49.57,5,11,usa
2399,@microsoft.com,7,14.96,6,5,India
2400,@uber.com,11,21.2,9,5,India
2401,@gmail.com,3,10.7,3,8,GERMANY
2402,@gmail.com,1,8.43,0,6,USA
2403,@gmail.com,6,1.33,8,4,UK
2404,@meta.com,5,1.92,3,6,united states
2405,@uber.com,15,12.72,3,8,
2406,@yahoo.com,17,14.26,6,5,
2407,@accenture.com,6,62.75,7,3,usa
2408,@accenture.com,18,29.25,12,8,usa
2409,@microsoft.com,9,27.92,2,3,India
2410,@accenture.com,13,,9,4,USA
2411,@gmail.com,8,7.96,2,4,uk
2412,@gmail.com,8,1.62,5,4,uk
2413,@gmail.com,6,13.07,2,10,usa
2414,@gmail.com,3,1.08,3,6,GERMANY
2415,@yahoo.com,8,8.88,6,6,uk
2416,@netflix.com,22,12.53,0,6,INDIA
2417,@gmail.com,4,3.89,2,2,UK
2418,@gmail.com,8,22.4,5,3,uk
2419,@yahoo.com,13,16.85,9,5,uk
2420,@netflix.com,15,2.4,12,3,united states
2421,@gmail.com,6,61.73,2,8,
2422,@yahoo.com,14,11.71,9,5,
2423,@gmail.com,5,0.4,5,4,India
2424,@gmail.com,2,6.46,4,9,uk
2425,,17,58.17,6,5,UK
2426,@unknown_typo,6,34.89,2,5,GERMANY
2427,@gmail.com,5,2.46,4,1,united states
2428,@unknown_typo,6,28.97,3,7,GERMANY
2429,@microsoft.com,4,14.45,4,8,UK
2430,@accenture.com,21,0.33,9,6,INDIA
2431,@yahoo.com,16,21.25,9,4,usa
2432,@yahoo.com,19,7.99,6,6,uk
2433,@yahoo.com,3,7.57,2,2,united states
2434,@uber.com,14,7.24,12,3,united states
2435,@gmail.com,6,13.62,5,5,UK
2436,@gmail.com,5,18.79,1,8,India
2437,@gmail.com,3,15.65,1,4,USA
2438,@uber.com,6,4.15,5,4,India
2439,@gmail.com,6,18.4,7,2,UK
2440,@uber.com,6,,2,2,uk
2441,@unknown_typo,17,53.28,9,6,usa
2442,@gmail.com,10,9.63,1,5,UK
2443,@uber.com,7,1.44,4,7,UK
2444,@yahoo.com,7,12.89,3,6,uk
2445,@accenture.com,24,12.91,15,4,usa
2446,@gmail.com,8,0.59,1,8,India
2447,@uber.com,6,0.16,1,8,India
2448,@accenture.com,25,83.21,12,3,India
2449,@netflix.com,26,7.42,9,4,UK
2450,@uber.com,6,4.22,5,3,GERMANY
2451,@yahoo.com,11,11.9,12,1,
2452,@microsoft.com,17,0.13,3,5,USA
2453,@accenture.com,27,0.19,6,6,INDIA
2454,@microsoft.com,12,1.79,9,4,uk
2455,@gmail.com,5,24.33,2,4,India
2456,@netflix.com,11,4.28,9,3,India
2457,@uber.com,13,10.5,15,5,INDIA
2458,@uber.com,7,3.8,8,5,INDIA
2459,@gmail.com,11,11.81,9,4,UK
2460,@uber.com,8,10.66,4,5,USA
2461,@gmail.com,7,7.68,0,4,uk
2462,@uber.com,11,8.52,15,5,UK
2463,@gmail.com,4,15.89,6,6,GERMANY
2464,@uber.com,12,27.69,6,7,united states
2465,,14,5.77,9,4,GERMANY
2466,@gmail.com,1,11.39,3,3,
2467,@unknown_typo,14,28.88,12,8,GERMANY
2468,@yahoo.com,8,2.76,3,6,uk
2469,@accenture.com,10,58.35,2,9,UK
2470,@meta.com,9,20.83,0,6,UK
2471,@microsoft.com,15,6.84,6,7,usa
2472,@meta.com,13,7.05,12,7,India
2473,@accenture.com,6,3.45,1,3,united states
2474,@yahoo.com,12,4.68,12,6,USA
2475,@gmail.com,2,13.27,1,6,uk
2476,@uber.com,11,0.06,21,5,
2477,@accenture.com,12,0.35,12,6,USA
2478,@meta.com,26,64.55,3,4,India
2479,@meta.com,11,4.03,33,11,GERMANY
2480,@yahoo.com,9,26.54,3,4,usa
2481,@accenture.com,9,14.22,7,5,
2482,@gmail.com,11,8.86,12,5,UK
2483,@yahoo.com,22,19.76,6,4,
2484,@gmail.com,8,0.77,0,7,India
2485,@gmail.com,5,21.16,1,8,India
2486,@gmail.com,1,29.17,4,6,
2487,@gmail.com,7,4.93,2,3,GERMANY
2488,@uber.com,18,5.38,12,3,INDIA
2489,@gmail.com,4,1.63,3,8,
2490,@yahoo.com,17,29.06,12,3,USA
2491,@gmail.com,3,24.75,4,2,INDIA
2492,@gmail.com,5,8.31,3,8,India
2493,@gmail.com,5,7.12,4,5,
2494,@gmail.com,2,8.37,6,6,
2495,@microsoft.com,18,8.18,0,5,India
2496,@uber.com,25,8.42,0,8,usa
2497,@microsoft.com,16,2.36,18,9,GERMANY
2498,@yahoo.com,32,0.2,9,5,united states
2499,@gmail.com,8,21.56,3,7,usa
2500,@accenture.com,4,6.32,3,5,uk
2501,@yahoo.com,4,10.13,1,3,uk
2502,@yahoo.com,10,5.51,5,4,
2503,@gmail.com,8,,5,6,India
2504,@gmail.com,6,,7,6,GERMANY
2505,@gmail.com,12,6.94,12,5,USA
2506,@gmail.com,4,9.33,5,10,usa
2507,@microsoft.com,2,26.83,2,9,UK
2508,@yahoo.com,6,5.83,3,6,GERMANY
2509,@microsoft.com,4,1.39,4,6,
2510,@meta.com,17,21.36,3,5,usa
2511,@accenture.com,8,7.07,2,5,UK
2512,@uber.com,14,37.04,3,2,USA
2513,@unknown_typo,11,47.93,18,3,usa
2514,@gmail.com,6,30.82,4,3,usa
2515,@gmail.com,5,3.86,2,10,INDIA
2516,@gmail.com,10,4.39,3,6,UK
2517,@microsoft.com,3,23.71,5,5,India
2518,@netflix.com,8,8.86,3,3,
2519,@gmail.com,5,5.3,2,2,united states
2520,@netflix.com,8,5.22,3,5,united states
2521,@gmail.com,11,12.92,9,5,USA
2522,@netflix.com,16,33.81,9,5,
2523,@gmail.com,3,,1,14,usa
2524,@gmail.com,4,14.52,4,6,INDIA
2525,@yahoo.com,10,20.61,5,6,
2526,@gmail.com,8,21.43,1,10,united states
2527,@gmail.com,2,36.03,1,9,UK
2528,@gmail.com,7,2.65,1,3,GERMANY
2529,@accenture.com,11,62.63,3,6,uk
2530,@yahoo.com,8,5.98,2,6,INDIA
2531,@gmail.com,8,4.96,5,5,uk
2532,@microsoft.com,5,10.69,2,8,uk
2533,@uber.com,30,4.61,12,5,UK
2534,@gmail.com,3,3.98,1,9,UK
2535,@yahoo.com,2,51.08,1,7,INDIA
2536,@gmail.com,9,1.65,1,5,
2537,@gmail.com,9,68.99,4,6,INDIA
2538,@uber.com,19,14.61,3,0,uk
2539,@gmail.com,2,47.76,3,2,united states
2540,@yahoo.com,12,34.15,15,8,GERMANY
2541,@uber.com,12,,9,8,India
2542,@gmail.com,4,13.37,3,7,united states
2543,@microsoft.com,18,73.66,6,6,INDIA
2544,@gmail.com,6,10.86,2,5,usa
2545,@unknown_typo,6,2.95,2,4,usa
2546,@yahoo.com,21,74.31,6,5,usa
2547,@accenture.com,6,5.86,3,7,usa
2548,@microsoft.com,12,1.37,9,7,usa
2549,@gmail.com,4,18.93,1,2,uk
2550,@microsoft.com,18,8.86,12,7,GERMANY
2551,@unknown_typo,9,7.37,1,5,usa
2552,@microsoft.com,11,14.98,6,4,USA
2553,@accenture.com,18,0.81,9,8,UK
2554,@netflix.com,12,17.97,12,3,UK
2555,@gmail.com,5,10.5,4,9,INDIA
2556,@gmail.com,5,,2,6,GERMANY
2557,@microsoft.com,26,34.54,3,3,GERMANY
2558,@yahoo.com,8,,1,11,INDIA
2559,@accenture.com,8,11.38,4,8,India
2560,@netflix.com,4,12.95,1,5,
2561,@gmail.com,7,,5,5,united states
2562,@gmail.com,5,7.95,3,5,united states
2563,@meta.com,13,,9,3,
2564,@gmail.com,3,11.67,1,4,USA
2565,@accenture.com,7,10.39,5,3,united states
2566,@yahoo.com,10,62.72,4,6,usa
2567,@uber.com,3,0.26,5,7,GERMANY
2568,@gmail.com,9,8.03,3,3,
2569,@microsoft.com,8,39.93,4,6,
2570,@yahoo.com,17,39.5,9,6,USA
2571,@microsoft.com,22,,15,5,GERMANY
2572,@gmail.com,6,13.44,5,4,UK
2573,@meta.com,11,17.61,12,5,INDIA
2574,@accenture.com,19,4.37,15,6,INDIA
2575,@gmail.com,6,10.05,4,9,uk
2576,@gmail.com,4,,3,6,India
2577,@gmail.com,5,0.99,2,4,India
2578,@microsoft.com,13,30.17,12,3,uk
2579,@microsoft.com,5,9.15,3,4,India
2580,@yahoo.com,11,,12,3,UK
2581,@gmail.com,8,7.41,2,5,united states
2582,@gmail.com,7,7.89,4,3,GERMANY
2583,@microsoft.com,14,4.2,6,5,UK
2584,@yahoo.com,7,15.51,0,2,usa
2585,,5,11.93,3,6,INDIA
2586,@gmail.com,3,,2,6,India
2587,@uber.com,30,8.41,9,6,united states
2588,@yahoo.com,14,15.67,0,4,uk
2589,@yahoo.com,9,18.44,3,6,USA
2590,@uber.com,9,5.78,0,2,USA
2591,@uber.com,26,31.91,18,9,united states
2592,,11,7.19,6,4,usa
2593,@gmail.com,6,15.22,1,2,GERMANY
2594,@gmail.com,7,14.35,0,8,usa
2595,@uber.com,9,8.21,0,5,united states
2596,@microsoft.com,3,3.04,3,6,INDIA
2597,@gmail.com,8,13.47,0,5,
2598,@gmail.com,10,7.06,5,7,united states
2599,@gmail.com,11,7.15,12,4,united states
2600,@netflix.com,6,10.19,4,2,India
2601,@gmail.com,4,16.96,4,3,India
2602,@gmail.com,5,19.62,5,5,usa
2603,@gmail.com,10,8.35,2,4,India
2604,@gmail.com,3,1.92,2,4,India
2605,@gmail.com,5,23.53,0,4,usa
2606,@yahoo.com,11,16.6,15,3,INDIA
2607,@gmail.com,2,24.19,5,10,INDIA
2608,@accenture.com,13,5.69,9,7,united states
2609,@gmail.com,7,35.97,1,4,uk
2610,@yahoo.com,6,4.57,6,3,INDIA
2611,@netflix.com,3,5.13,2,4,GERMANY
2612,@uber.com,12,11.53,12,5,uk
2613,@yahoo.com,14,88.95,12,4,GERMANY
2614,@gmail.com,8,3.39,4,5,INDIA
2615,@gmail.com,6,27.35,3,8,India
2616,@uber.com,11,0.04,6,5,INDIA
2617,,16,4.07,12,3,UK
2618,@uber.com,13,6.37,6,2,GERMANY
2619,@microsoft.com,18,15.69,12,5,uk
2620,@meta.com,3,1.81,1,0,GERMANY
2621,@yahoo.com,5,2.07,4,7,
2622,@gmail.com,4,2.37,0,2,united states
2623,@microsoft.com,9,16.3,4,1,India
2624,@unknown_typo,11,1.83,6,2,GERMANY
2625,@gmail.com,2,7.62,3,9,usa
2626,@uber.com,17,2.56,6,6,UK
2627,@gmail.com,5,7.22,2,5,
2628,@yahoo.com,11,,9,6,GERMANY
2629,@gmail.com,5,4.88,5,2,USA
2630,@yahoo.com,26,14.42,15,4,GERMANY
2631,@meta.com,7,4.29,0,5,INDIA
2632,@gmail.com,6,20.07,6,3,united states
2633,@uber.com,12,22.51,6,6,UK
2634,@meta.com,15,5.57,12,4,USA
2635,@netflix.com,6,0.36,5,6,INDIA
2636,@gmail.com,9,2.07,3,10,USA
2637,@gmail.com,6,10.13,5,8,INDIA
2638,@gmail.com,2,7.22,3,4,UK
2639,,6,6.36,1,10,united states
2640,@netflix.com,11,12.99,15,1,India
2641,@yahoo.com,16,2.64,3,5,
2642,@accenture.com,26,9.15,3,1,INDIA
2643,@yahoo.com,12,3.41,18,6,GERMANY
2644,@microsoft.com,11,59.5,6,5,uk
2645,@gmail.com,4,0.75,1,2,UK
2646,@meta.com,25,0.24,9,5,GERMANY
2647,@gmail.com,13,12.46,12,2,uk
2648,@accenture.com,10,0.97,5,2,GERMANY
2649,@meta.com,13,24.99,15,4,usa
2650,@uber.com,4,25.69,3,5,uk
2651,@gmail.com,3,8.49,5,4,united states
2652,@gmail.com,7,27.34,0,5,uk
2653,@gmail.com,2,20.24,5,5,USA
2654,@gmail.com,10,,1,3,GERMANY
2655,@gmail.com,3,29.45,4,6,GERMANY
2656,@netflix.com,19,31.11,9,3,USA
2657,@microsoft.com,13,5.84,18,8,UK
2658,@gmail.com,7,22.37,2,2,united states
2659,@gmail.com,8,34.15,5,9,India
2660,@yahoo.com,5,20.54,4,5,
2661,@microsoft.com,13,1.48,15,6,UK
2662,@yahoo.com,5,1.49,1,5,GERMANY
2663,@netflix.com,15,60.59,12,4,united states
2664,@yahoo.com,12,11.69,12,4,UK
2665,,8,,3,4,GERMANY
2666,@accenture.com,13,36.5,9,6,UK
2667,@gmail.com,23,0.11,9,4,GERMANY
2668,@netflix.com,4,8.34,5,6,GERMANY
2669,@gmail.com,4,12.53,3,6,
2670,@accenture.com,26,0.03,12,5,usa
2671,@gmail.com,3,14.69,5,7,USA
2672,@accenture.com,5,28.55,1,3,USA
2673,@accenture.com,14,0.85,6,3,usa
2674,@accenture.com,7,24.46,2,6,India
2675,@meta.com,5,56.93,2,6,united states
2676,@gmail.com,12,37.94,9,2,India
2677,@gmail.com,9,11.55,4,7,INDIA
2678,@yahoo.com,14,29.54,18,7,usa
2679,@gmail.com,2,22.09,0,3,India
2680,@uber.com,16,25.53,27,3,usa
2681,@gmail.com,6,7.61,1,4,united states
2682,@unknown_typo,13,9.68,9,6,USA
2683,@microsoft.com,20,4.1,12,3,
2684,@accenture.com,17,0.79,6,3,
2685,@gmail.com,2,13.64,5,6,GERMANY
2686,@accenture.com,7,5.56,1,5,uk
2687,@netflix.com,18,10.48,12,4,
2688,@yahoo.com,18,49.33,12,3,India
2689,@microsoft.com,6,0.98,4,7,UK
2690,@meta.com,19,31.01,0,8,
2691,@gmail.com,4,1.36,4,2,USA
2692,@yahoo.com,10,15.9,3,6,uk
2693,@gmail.com,9,6.31,5,7,USA
2694,@gmail.com,4,1.58,3,6,USA
2695,@gmail.com,0,21.22,3,8,usa
2696,@gmail.com,7,17.99,4,4,united states
2697,@gmail.com,3,15.34,4,8,
2698,@gmail.com,1,50.24,1,8,USA
2699,@unknown_typo,15,0.36,3,4,united states
2700,@yahoo.com,13,8.55,12,7,India
2701,@unknown_typo,18,12.41,3,6,INDIA
2702,@yahoo.com,18,6.64,0,2,uk
2703,@gmail.com,8,16.61,2,1,GERMANY
2704,@yahoo.com,9,34.42,2,0,India
2705,@yahoo.com,31,17.91,12,8,united states
2706,@gmail.com,10,12.64,3,8,uk
2707,@microsoft.com,11,20.08,9,5,usa
2708,@gmail.com,5,1.74,3,4,uk
2709,@microsoft.com,19,14.91,6,6,
2710,@uber.com,10,7.84,4,5,INDIA
2711,@gmail.com,9,5.76,1,3,GERMANY
2712,@gmail.com,7,10.61,3,5,
2713,@meta.com,7,24.5,1,4,uk
2714,@yahoo.com,20,7.98,6,3,
2715,@gmail.com,6,18.18,1,3,usa
2716,,13,13.33,12,5,usa
2717,@gmail.com,6,37.18,4,5,uk
2718,@uber.com,14,8.83,0,4,uk
2719,,8,25.72,2,4,UK
2720,@gmail.com,6,27.68,2,8,UK
2721,@gmail.com,4,9.36,4,3,uk
2722,@gmail.com,3,10.06,3,5,INDIA
2723,@gmail.com,5,6.08,3,7,GERMANY
2724,@gmail.com,9,10.26,1,4,uk
2725,@uber.com,13,4.3,15,8,India
2726,@gmail.com,4,29.31,3,2,united states
2727,@yahoo.com,11,4.31,9,5,USA
2728,,10,4.47,2,5,united states
2729,@accenture.com,9,33.9,0,2,UK
2730,@microsoft.com,6,11.39,2,3,USA
2731,@gmail.com,6,1.67,2,6,usa
2732,@microsoft.com,10,6.36,0,4,
2733,@yahoo.com,11,18.33,3,4,GERMANY
2734,@yahoo.com,7,7.81,0,6,GERMANY
2735,@gmail.com,11,8.25,9,4,UK
2736,@netflix.com,13,,9,11,India
2737,@yahoo.com,13,3.78,6,5,
2738,@gmail.com,2,8.28,2,6,uk
2739,@gmail.com,4,3.64,0,4,GERMANY
2740,@yahoo.com,4,6.48,5,4,GERMANY
2741,@accenture.com,3,11.4,2,6,USA
2742,@meta.com,12,17.75,15,7,usa
2743,@meta.com,11,15.07,21,6,
2744,@gmail.com,12,12.85,15,1,
2745,@yahoo.com,16,13.58,6,3,USA
2746,@yahoo.com,10,10.73,3,3,usa
2747,@gmail.com,5,14.3,3,5,India
2748,@gmail.com,5,7.06,4,2,India
2749,@meta.com,4,34.46,4,8,USA
2750,@gmail.com,4,13.39,1,9,USA
2751,@yahoo.com,15,41.37,15,4,India
2752,@gmail.com,6,7.78,5,8,
2753,@gmail.com,5,7.53,1,5,usa
2754,@gmail.com,7,50.29,2,7,united states
2755,@unknown_typo,18,19.59,24,2,united states
2756,@accenture.com,15,10.97,18,6,
2757,@unknown_typo,6,,5,5,USA
2758,@yahoo.com,19,7.58,3,8,INDIA
2759,@gmail.com,1,21.33,4,6,UK
2760,@yahoo.com,9,3.53,3,7,UK
2761,@yahoo.com,11,45.2,6,6,united states
2762,@accenture.com,11,9.27,9,8,INDIA
2763,@gmail.com,10,1.46,2,5,India
2764,@yahoo.com,9,27.97,1,4,GERMANY
2765,@gmail.com,8,33.72,2,5,India
2766,@gmail.com,5,19.64,5,5,USA
2767,@meta.com,21,14.9,12,6,USA
2768,@yahoo.com,9,39.55,6,3,
2769,@gmail.com,5,14.6,5,7,UK
2770,@gmail.com,3,23.51,7,3,uk
2771,@yahoo.com,7,9.56,1,5,
2772,@meta.com,15,,6,6,GERMANY
2773,@netflix.com,14,103.35,15,6,INDIA
2774,@unknown_typo,13,7.23,9,5,GERMANY
2775,@meta.com,4,19.1,1,1,united states
2776,@gmail.com,5,2.42,1,7,GERMANY
2777,@uber.com,10,15.12,1,4,
2778,@yahoo.com,16,5.85,24,4,USA
2779,@gmail.com,9,30.22,1,3,UK
2780,@accenture.com,9,6.69,3,7,
2781,@gmail.com,5,,3,3,united states
2782,@netflix.com,11,58.91,6,9,India
2783,@yahoo.com,6,3.64,1,7,UK
2784,@microsoft.com,12,12.48,12,8,usa
2785,@uber.com,20,29.9,12,5,India
2786,@netflix.com,22,5.67,3,2,GERMANY
2787,@microsoft.com,14,0.23,3,7,USA
2788,@microsoft.com,28,34.0,6,5,India
2789,@gmail.com,5,14.5,2,5,usa
2790,@yahoo.com,28,3.93,18,4,USA
2791,@gmail.com,5,4.85,4,2,INDIA
2792,@meta.com,11,24.11,21,7,USA
2793,@yahoo.com,14,15.41,6,2,
2794,@uber.com,8,19.79,4,6,united states
2795,@gmail.com,6,12.91,6,3,usa
2796,@gmail.com,5,23.41,3,4,usa
2797,@uber.com,7,25.81,2,6,usa
2798,@gmail.com,5,7.34,3,6,INDIA
2799,@gmail.com,12,34.68,9,5,
2800,@gmail.com,3,10.55,3,5,India
2801,@unknown_typo,5,2.62,2,8,
2802,@meta.com,14,3.7,18,7,India
2803,@gmail.com,4,19.85,2,8,India
2804,@gmail.com,13,7.11,9,3,INDIA
2805,@gmail.com,5,4.57,3,7,GERMANY
2806,@meta.com,7,13.92,1,8,united states
2807,@uber.com,10,22.87,3,4,India
2808,@gmail.com,6,1.73,2,6,USA
2809,@gmail.com,5,8.94,0,8,GERMANY
2810,@gmail.com,5,22.14,5,2,usa
2811,@uber.com,17,35.09,24,5,India
2812,@meta.com,9,0.2,3,5,usa
2813,@gmail.com,4,16.01,3,7,GERMANY
2814,@gmail.com,3,13.65,6,6,INDIA
2815,@gmail.com,1,10.94,4,5,uk
2816,@unknown_typo,12,2.62,9,8,INDIA
2817,@gmail.com,6,20.31,1,7,India
2818,@meta.com,14,7.48,6,6,uk
2819,@microsoft.com,18,,18,4,USA
2820,@gmail.com,3,28.46,0,4,united states
2821,@gmail.com,8,5.5,5,2,INDIA
2822,@gmail.com,7,3.32,4,7,UK
2823,@microsoft.com,14,5.61,15,4,GERMANY
2824,@meta.com,14,3.0,3,6,uk
2825,@microsoft.com,8,22.53,3,0,usa
2826,@yahoo.com,19,3.01,0,5,GERMANY
2827,@gmail.com,4,18.92,3,8,united states
2828,@unknown_typo,19,2.66,6,6,uk
2829,@meta.com,15,3.85,9,4,GERMANY
2830,@gmail.com,11,6.29,9,10,
2831,@unknown_typo,8,44.95,2,8,USA
2832,@microsoft.com,6,36.77,2,7,UK
2833,@microsoft.com,11,1.33,9,2,
2834,@meta.com,15,6.14,6,5,India
2835,@accenture.com,3,6.38,4,2,uk
2836,@uber.com,16,3.57,9,3,UK
2837,@gmail.com,4,8.58,5,1,India
2838,@gmail.com,9,20.67,1,2,GERMANY
2839,@netflix.com,19,1.57,9,5,INDIA
2840,@gmail.com,13,,9,8,India
2841,@gmail.com,5,4.53,1,2,UK
2842,@yahoo.com,22,15.43,6,11,India
2843,@yahoo.com,14,17.18,9,8,USA
2844,@microsoft.com,11,19.54,12,8,GERMANY
2845,@netflix.com,10,29.68,3,6,uk
2846,@gmail.com,0,34.48,3,3,UK
2847,@gmail.com,3,21.35,4,4,GERMANY
2848,@gmail.com,11,9.84,9,5,USA
2849,@netflix.com,12,0.68,3,4,uk
2850,@microsoft.com,8,41.49,5,2,INDIA
2851,@gmail.com,3,13.79,2,6,USA
2852,@accenture.com,10,11.47,3,5,
2853,@accenture.com,11,4.11,9,3,
2854,@accenture.com,25,17.29,12,4,usa
2855,@netflix.com,5,78.69,1,6,UK
2856,@gmail.com,5,6.01,5,7,united states
2857,@meta.com,15,24.11,15,5,united states
2858,@yahoo.com,17,5.16,6,4,India
2859,@accenture.com,12,10.03,6,5,UK
2860,@uber.com,7,3.6,3,6,uk
2861,@meta.com,9,10.79,3,5,uk
2862,@uber.com,14,9.22,9,8,India
2863,@gmail.com,13,0.6,21,6,uk
2864,@yahoo.com,7,7.21,5,3,usa
2865,,10,0.97,2,3,uk
2866,@netflix.com,13,8.98,0,4,GERMANY
2867,@gmail.com,6,58.81,2,4,GERMANY
2868,@gmail.com,1,5.2,1,6,usa
2869,@gmail.com,5,10.87,5,12,united states
2870,@uber.com,11,2.09,3,4,united states
2871,@accenture.com,19,2.51,6,5,UK
2872,@gmail.com,5,6.59,3,2,GERMANY
2873,@yahoo.com,3,10.09,0,2,UK
2874,@accenture.com,10,18.13,1,5,USA
2875,@meta.com,2,,8,12,UK
2876,@yahoo.com,12,0.37,9,2,USA
2877,@microsoft.com,12,4.74,12,4,
2878,@yahoo.com,10,0.38,0,3,USA
2879,@gmail.com,4,37.5,4,3,USA
2880,@microsoft.com,15,0.44,12,4,USA
2881,@uber.com,8,0.76,1,7,
2882,@accenture.com,11,5.31,15,2,united states
2883,@microsoft.com,4,15.01,2,5,India
2884,@meta.com,18,6.65,15,4,united states
2885,@gmail.com,22,0.95,3,9,
2886,@yahoo.com,17,27.14,3,4,united states
2887,@gmail.com,3,18.07,0,5,GERMANY
2888,@gmail.com,4,7.57,6,3,usa
2889,@uber.com,9,,0,4,India
2890,,12,4.82,6,4,
2891,@gmail.com,9,,5,5,INDIA
2892,@yahoo.com,9,31.87,4,6,USA
2893,@accenture.com,19,1.71,6,4,
2894,@gmail.com,13,28.15,6,4,GERMANY
2895,@microsoft.com,15,23.31,0,4,uk
2896,@meta.com,4,44.67,0,6,GERMANY
2897,@microsoft.com,21,10.82,6,1,usa
2898,@gmail.com,5,4.82,3,4,uk
2899,@gmail.com,4,6.53,1,9,
2900,@meta.com,15,15.32,15,1,UK
2901,@microsoft.com,14,2.28,15,3,India
2902,@gmail.com,2,6.5,2,2,uk
2903,@meta.com,8,19.44,4,5,usa
2904,@gmail.com,6,12.79,3,4,GERMANY
2905,@meta.com,21,0.97,6,6,GERMANY
2906,@gmail.com,7,10.3,4,6,uk
2907,@unknown_typo,4,11.14,3,10,
2908,@gmail.com,4,,2,8,USA
2909,@gmail.com,8,0.16,3,7,
2910,@gmail.com,3,8.39,4,3,INDIA
2911,@gmail.com,3,32.65,3,8,UK
2912,@accenture.com,21,0.38,9,3,USA
2913,,4,16.74,2,7,uk
2914,@gmail.com,5,3.79,3,7,UK
2915,@yahoo.com,10,7.35,2,3,GERMANY
2916,@uber.com,7,32.33,1,4,India
2917,@netflix.com,9,6.75,3,6,uk
2918,@microsoft.com,1,11.83,6,3,INDIA
2919,@gmail.com,3,1.41,1,3,
2920,@yahoo.com,13,5.89,12,7,INDIA
2921,@uber.com,17,2.29,12,7,UK
2922,@gmail.com,3,12.37,2,5,INDIA
2923,@microsoft.com,6,9.24,4,6,India
2924,@gmail.com,10,4.61,3,12,usa
2925,@meta.com,6,118.26,2,4,USA
2926,@gmail.com,5,2.5,2,4,uk
2927,@microsoft.com,2,26.19,3,9,
2928,@yahoo.com,16,,18,6,India
2929,@microsoft.com,16,28.14,15,3,
2930,@gmail.com,7,9.72,2,4,UK
2931,@microsoft.com,32,,9,7,UK
2932,@microsoft.com,11,20.63,6,7,
2933,@microsoft.com,7,12.75,2,5,usa
2934,@microsoft.com,9,6.97,3,2,usa
2935,@uber.com,15,16.43,12,5,UK
2936,@accenture.com,9,26.81,3,4,usa
2937,@gmail.com,12,10.5,3,4,
2938,@accenture.com,8,,5,7,USA
2939,@yahoo.com,13,2.31,15,4,united states
2940,@gmail.com,9,33.99,0,6,India
2941,@gmail.com,7,4.67,3,5,INDIA
2942,@gmail.com,1,1.98,6,1,India
2943,@meta.com,7,1.03,4,3,UK
2944,@uber.com,15,20.84,15,4,uk
2945,@meta.com,9,16.86,3,4,uk
2946,@yahoo.com,17,1.93,15,1,UK
2947,@yahoo.com,7,11.33,4,1,uk
2948,@gmail.com,3,2.49,7,4,GERMANY
2949,@gmail.com,5,7.26,5,6,UK
2950,@yahoo.com,6,22.91,2,6,uk
2951,@gmail.com,9,3.88,6,3,uk
2952,@gmail.com,5,0.42,5,3,USA
2953,@microsoft.com,0,3.22,2,5,united states
2954,@meta.com,7,7.67,4,9,UK
2955,,13,4.15,6,1,uk
2956,@netflix.com,11,19.21,12,8,uk
2957,@microsoft.com,7,23.35,4,4,India
2958,@yahoo.com,16,4.13,18,7,UK
2959,@microsoft.com,20,4.69,15,6,uk
2960,@meta.com,8,12.32,1,7,
2961,@gmail.com,5,20.95,5,1,GERMANY
2962,@yahoo.com,18,48.05,12,3,united states
2963,@accenture.com,2,5.36,5,7,uk
2964,@gmail.com,6,36.3,4,3,GERMANY
2965,@microsoft.com,6,3.01,0,5,usa
2966,@microsoft.com,12,0.63,9,5,united states
2967,@gmail.com,5,23.59,3,7,GERMANY
2968,@gmail.com,6,9.77,4,5,united states
2969,@gmail.com,7,1.2,1,2,united states
2970,@gmail.com,7,1.11,2,6,
2971,@gmail.com,7,,1,3,uk
2972,@accenture.com,8,5.49,4,5,united states
2973,@gmail.com,2,19.94,2,6,uk
2974,@yahoo.com,12,16.42,18,7,uk
2975,@gmail.com,1,120.15,4,6,uk
2976,@netflix.com,16,13.52,15,5,united states
2977,@gmail.com,9,1.76,0,6,usa
2978,@yahoo.com,11,57.6,3,4,UK
2979,@accenture.com,10,17.71,4,2,USA
2980,@accenture.com,9,7.03,4,7,GERMANY
2981,@gmail.com,5,4.26,1,4,INDIA
2982,@accenture.com,14,3.77,12,7,
2983,@yahoo.com,17,46.93,15,3,
2984,@yahoo.com,12,8.16,15,4,uk
2985,@gmail.com,4,10.01,4,4,GERMANY
2986,@gmail.com,10,,3,9,uk
2987,@uber.com,10,49.81,1,6,usa
2988,@yahoo.com,18,0.07,12,8,
2989,@yahoo.com,6,69.45,4,3,India
2990,@uber.com,14,1.18,15,8,united states
2991,@meta.com,17,27.19,6,4,INDIA
2992,@gmail.com,13,45.03,3,4,GERMANY
2993,@microsoft.com,6,12.35,1,3,usa
2994,@gmail.com,2,12.03,1,6,India
2995,@meta.com,1,16.59,2,1,India
2996,@uber.com,11,6.53,12,3,usa
2997,@unknown_typo,8,2.72,4,8,uk
2998,@gmail.com,3,1.03,5,9,
2999,@gmail.com,7,31.94,0,5,usa
3000,@gmail.com,9,11.89,3,5,GERMANY
3001,@gmail.com,2,17.77,5,5,
3002,@gmail.com,12,6.05,6,5,usa
3003,@netflix.com,8,24.68,0,7,UK
3004,@gmail.com,2,6.46,4,7,united states
3005,@gmail.com,6,0.45,4,8,uk
3006,@meta.com,10,6.16,4,7,India
3007,@yahoo.com,11,,9,5,
3008,@meta.com,3,31.3,1,4,USA
3009,@gmail.com,4,40.94,5,5,INDIA
3010,@yahoo.com,14,10.38,15,3,USA
3011,@gmail.com,0,47.06,3,4,UK
3012,@gmail.com,7,10.37,3,5,usa
3013,@netflix.com,2,2.51,3,3,
3014,@gmail.com,4,10.46,2,8,USA
3015,@yahoo.com,20,30.44,6,2,INDIA
3016,@yahoo.com,14,23.1,15,6,
3017,@gmail.com,4,8.54,1,6,GERMANY
3018,@netflix.com,8,3.58,1,8,
3019,@gmail.com,2,13.05,2,7,GERMANY
3020,@uber.com,14,40.15,3,4,uk
3021,@unknown_typo,21,2.93,12,7,uk
3022,@microsoft.com,15,26.32,6,6,
3023,@netflix.com,18,2.39,9,7,USA
3024,@gmail.com,3,37.81,6,4,
3025,@yahoo.com,19,17.73,15,2,India
3026,@gmail.com,1,1.73,3,3,usa
3027,@meta.com,23,3.39,24,5,INDIA
3028,,7,39.24,4,0,INDIA
3029,@gmail.com,9,10.63,3,3,
3030,@uber.com,27,9.06,6,4,India
3031,@gmail.com,8,0.9,4,5,USA
3032,@microsoft.com,14,1.32,6,5,INDIA
3033,@yahoo.com,8,17.65,2,7,INDIA
3034,@unknown_typo,12,22.5,12,0,INDIA
3035,@microsoft.com,7,30.26,2,8,India
3036,@gmail.com,7,10.48,3,4,GERMANY
3037,@gmail.com,4,5.98,1,4,GERMANY
3038,@gmail.com,5,14.73,4,5,GERMANY
3039,@gmail.com,8,14.47,3,7,GERMANY
3040,@gmail.com,5,0.53,3,3,
3041,@accenture.com,11,41.9,15,8,UK
3042,@microsoft.com,9,15.43,3,7,usa
3043,@yahoo.com,22,0.1,12,6,usa
3044,@gmail.com,4,48.15,5,7,USA
3045,@accenture.com,3,45.75,2,5,India
3046,@uber.com,9,43.76,3,5,INDIA
3047,@gmail.com,8,32.96,2,4,INDIA
3048,@uber.com,3,3.06,3,4,USA
3049,@yahoo.com,11,56.7,18,3,UK
3050,@gmail.com,5,21.53,5,5,uk
3051,@yahoo.com,16,15.36,6,3,uk
3052,@yahoo.com,5,42.88,1,6,usa
3053,@gmail.com,2,7.2,6,5,uk
3054,@netflix.com,8,40.19,7,3,India
3055,@accenture.com,6,13.96,6,7,UK
3056,@uber.com,5,,1,5,INDIA
3057,@yahoo.com,8,15.57,1,1,INDIA
3058,@yahoo.com,9,21.05,2,7,united states
3059,@uber.com,22,8.83,15,6,uk
3060,@yahoo.com,11,,0,4,uk
3061,@gmail.com,7,1.39,2,4,uk
3062,@yahoo.com,11,36.77,21,6,UK
3063,@accenture.com,25,16.07,3,6,USA
3064,@yahoo.com,15,36.11,12,9,INDIA
3065,@gmail.com,6,6.9,6,5,usa
3066,@meta.com,24,26.49,18,3,GERMANY
3067,@gmail.com,8,14.36,1,3,UK
3068,@gmail.com,6,26.68,2,4,united states
3069,@gmail.com,4,5.9,5,2,united states
3070,@gmail.com,3,37.39,2,4,India
3071,@meta.com,17,38.7,6,6,INDIA
3072,@yahoo.com,9,9.66,3,7,usa
3073,@gmail.com,8,7.67,3,5,GERMANY
3074,@accenture.com,4,12.84,3,7,usa
3075,@accenture.com,21,3.35,9,3,usa
3076,@accenture.com,13,10.28,6,5,INDIA
3077,@gmail.com,3,34.07,4,3,uk
3078,@yahoo.com,11,6.82,9,5,usa
3079,,20,19.98,9,2,uk
3080,@meta.com,17,14.64,3,3,India
3081,@gmail.com,5,4.54,3,6,uk
3082,@gmail.com,9,11.38,4,8,united states
3083,@yahoo.com,7,28.72,1,5,India
3084,@netflix.com,6,12.14,7,7,united states
3085,@yahoo.com,15,17.9,18,8,GERMANY
3086,@yahoo.com,12,,9,7,uk
3087,@gmail.com,2,0.76,2,6,GERMANY
3088,@uber.com,13,0.79,6,3,UK
3089,@accenture.com,13,1.83,3,3,UK
3090,@gmail.com,4,2.67,6,7,UK
3091,@meta.com,8,25.03,4,6,USA
3092,@unknown_typo,12,8.58,12,7,INDIA
3093,@gmail.com,2,3.07,2,12,uk
3094,@yahoo.com,3,,2,3,UK
3095,@gmail.com,6,21.62,4,7,
3096,@meta.com,10,2.26,3,3,usa
3097,@microsoft.com,9,6.33,2,3,INDIA
3098,@microsoft.com,7,3.24,2,8,GERMANY
3099,@meta.com,3,15.59,4,5,USA
3100,@gmail.com,0,2.21,2,9,INDIA
3101,@netflix.com,11,22.79,18,8,UK
3102,@yahoo.com,11,3.49,9,5,uk
3103,@gmail.com,9,0.91,7,2,uk
3104,@uber.com,3,36.26,2,5,uk
3105,@meta.com,17,6.08,15,2,usa
3106,@gmail.com,3,10.48,5,4,usa
3107,@accenture.com,13,1.6,9,5,UK
3108,@netflix.com,12,9.79,9,3,united states
3109,@gmail.com,3,3.78,2,5,India
3110,,22,27.52,6,3,INDIA
3111,@gmail.com,4,18.76,3,2,INDIA
3112,@gmail.com,4,16.33,0,7,USA
3113,@gmail.com,8,22.8,4,3,uk
3114,@netflix.com,4,5.22,2,3,USA
3115,@uber.com,4,9.07,3,7,GERMANY
3116,@gmail.com,8,1.36,7,6,usa
3117,@yahoo.com,13,1.05,9,5,UK
3118,@microsoft.com,10,5.99,2,3,GERMANY
3119,@gmail.com,9,25.95,4,4,UK
3120,@netflix.com,7,13.66,2,5,
3121,@accenture.com,18,8.29,12,4,GERMANY
3122,@yahoo.com,11,51.16,0,7,uk
3123,@unknown_typo,14,8.76,9,6,united states
3124,@yahoo.com,13,9.49,6,6,UK
3125,,5,73.45,3,5,uk
3126,@uber.com,11,2.11,12,3,usa
3127,@microsoft.com,13,4.43,6,3,India
3128,@gmail.com,4,9.06,1,12,GERMANY
3129,@netflix.com,7,12.7,5,6,UK
3130,@yahoo.com,6,2.4,3,6,INDIA
3131,@gmail.com,1,5.98,4,3,usa
3132,@gmail.com,3,3.73,3,5,united states
3133,@microsoft.com,10,28.45,3,3,USA
3134,@yahoo.com,20,26.99,9,6,INDIA
3135,@uber.com,21,4.11,6,7,USA
3136,@netflix.com,24,8.56,12,3,united states
3137,@gmail.com,11,15.82,9,8,
3138,@meta.com,4,0.74,1,4,India
3139,@gmail.com,7,32.26,4,4,
3140,@accenture.com,10,10.73,2,6,
3141,@accenture.com,22,3.85,12,6,uk
3142,@yahoo.com,15,7.58,12,7,GERMANY
3143,@uber.com,10,34.79,0,4,India
3144,@gmail.com,9,,3,2,UK
3145,@yahoo.com,9,2.31,1,6,USA
3146,@accenture.com,8,3.21,2,7,GERMANY
3147,@yahoo.com,9,0.93,2,2,usa
3148,@gmail.com,3,3.83,2,4,INDIA
3149,@yahoo.com,6,25.49,2,8,GERMANY
3150,@accenture.com,12,11.23,12,7,united states
3151,@gmail.com,9,13.95,3,3,usa
3152,@gmail.com,3,2.54,3,6,
3153,@uber.com,8,4.89,2,4,united states
3154,@accenture.com,4,37.42,7,7,India
3155,@gmail.com,5,3.54,3,4,united states
3156,@gmail.com,6,35.59,3,0,UK
3157,@gmail.com,16,16.32,3,8,
3158,@gmail.com,2,10.48,1,8,uk
3159,@yahoo.com,7,2.87,1,9,UK
3160,@meta.com,5,16.79,6,5,united states
3161,@uber.com,13,32.63,6,5,usa
3162,@microsoft.com,11,2.61,9,5,INDIA
3163,@gmail.com,7,0.09,1,2,INDIA
3164,@accenture.com,22,20.21,12,6,uk
3165,@yahoo.com,16,,9,4,GERMANY
3166,@unknown_typo,5,,3,5,united states
3167,@microsoft.com,10,9.13,3,7,uk
3168,@gmail.com,2,10.33,2,5,
3169,@uber.com,9,,2,7,uk
3170,@gmail.com,6,1.29,2,3,
3171,@uber.com,5,22.42,1,3,
3172,@gmail.com,6,9.46,3,4,USA
3173,@gmail.com,3,26.14,4,2,USA
3174,@accenture.com,29,60.45,3,6,UK
3175,@gmail.com,1,2.83,7,4,uk
3176,@accenture.com,2,23.66,2,4,
3177,@gmail.com,2,56.93,3,3,usa
3178,@microsoft.com,11,19.33,15,5,usa
3179,@uber.com,10,4.23,1,7,
3180,@yahoo.com,11,34.02,18,7,India
3181,@gmail.com,5,23.64,4,4,USA
3182,@gmail.com,4,8.95,1,3,India
3183,@gmail.com,3,12.75,3,5,UK
3184,@gmail.com,7,,3,2,INDIA
3185,@uber.com,7,1.99,0,5,India
3186,@netflix.com,6,,3,1,usa
3187,@accenture.com,4,65.66,4,4,India
3188,@meta.com,6,6.02,2,9,USA
3189,@meta.com,7,18.83,1,6,
3190,@uber.com,9,8.2,1,5,INDIA
3191,@gmail.com,4,0.42,2,4,USA
3192,@netflix.com,11,47.81,3,3,USA
3193,@uber.com,2,2.3,0,4,usa
3194,@microsoft.com,15,1.17,3,10,
3195,@gmail.com,1,27.23,4,3,GERMANY
3196,@yahoo.com,12,0.52,6,4,GERMANY
3197,@yahoo.com,17,17.47,9,6,
3198,@accenture.com,16,39.91,9,4,INDIA
3199,@yahoo.com,3,7.82,4,7,UK
3200,@gmail.com,2,1.06,0,3,India
3201,@unknown_typo,8,3.69,2,7,united states
3202,@gmail.com,4,44.44,3,5,USA
3203,@yahoo.com,19,9.39,12,3,
3204,@gmail.com,4,11.69,2,4,GERMANY
3205,@meta.com,11,2.55,0,3,
3206,@netflix.com,11,37.52,6,2,USA
3207,@gmail.com,6,10.92,3,4,uk
3208,@accenture.com,23,11.29,9,10,India
3209,@gmail.com,7,12.87,5,5,UK
3210,@netflix.com,14,21.87,21,4,UK
3211,@meta.com,13,3.4,9,7,USA
3212,@accenture.com,14,42.8,9,6,UK
3213,@gmail.com,1,2.89,2,5,INDIA
3214,@unknown_typo,13,3.3,3,4,India
3215,@uber.com,12,0.19,12,5,united states
3216,@gmail.com,2,0.3,3,5,usa
3217,@accenture.com,9,8.4,2,7,GERMANY
3218,@gmail.com,5,3.03,3,2,usa
3219,@accenture.com,29,3.57,6,7,India
3220,@gmail.com,6,66.25,2,7,
3221,@uber.com,11,39.74,3,9,uk
3222,@yahoo.com,11,5.84,9,5,usa
3223,@gmail.com,4,6.3,1,2,GERMANY
3224,@gmail.com,4,5.18,2,4,GERMANY
3225,@gmail.com,4,32.09,3,5,
3226,@yahoo.com,9,1.55,2,4,USA
3227,@gmail.com,5,13.16,2,4,UK
3228,@microsoft.com,9,3.09,1,6,USA
3229,@gmail.com,1,21.29,5,2,UK
3230,@gmail.com,8,14.97,6,4,uk
3231,@meta.com,13,7.36,18,4,usa
3232,@gmail.com,4,1.55,3,4,INDIA
3233,@netflix.com,5,21.88,0,5,usa
3234,@accenture.com,12,1.2,9,9,united states
3235,@uber.com,23,4.8,9,8,India
3236,@microsoft.com,14,4.39,24,7,usa
3237,@netflix.com,6,12.96,3,4,India
3238,@gmail.com,1,10.81,4,8,uk
3239,@gmail.com,5,4.92,2,9,GERMANY
3240,@gmail.com,8,8.44,1,12,usa
3241,@meta.com,13,8.6,15,1,united states
3242,@gmail.com,6,12.78,1,3,USA
3243,@microsoft.com,7,34.28,2,8,UK
3244,,20,2.3,6,5,
3245,@accenture.com,14,12.24,9,7,USA
3246,@yahoo.com,3,0.28,2,2,India
3247,@gmail.com,8,17.97,3,7,GERMANY
3248,@accenture.com,16,15.34,12,4,INDIA
3249,@microsoft.com,3,17.76,1,6,GERMANY
3250,@gmail.com,4,9.66,1,6,
3251,@gmail.com,5,3.1,2,4,UK
3252,@netflix.com,14,8.92,9,3,uk
3253,@uber.com,23,0.36,12,3,united states
3254,@accenture.com,9,7.21,2,5,united states
3255,@accenture.com,13,27.36,18,6,India
3256,@microsoft.com,15,6.2,6,4,GERMANY
3257,@yahoo.com,14,13.44,6,9,usa
3258,@yahoo.com,10,4.54,1,3,united states
3259,@gmail.com,7,2.16,4,1,India
3260,@yahoo.com,23,11.04,9,6,India
3261,@meta.com,3,0.55,3,6,UK
3262,@microsoft.com,16,35.23,12,2,USA
3263,@netflix.com,6,22.52,3,6,GERMANY
3264,@yahoo.com,17,92.62,9,0,usa
3265,@microsoft.com,5,74.83,3,5,USA
3266,@microsoft.com,2,19.58,3,5,united states
3267,@microsoft.com,7,22.49,3,4,UK
3268,@uber.com,13,11.26,9,5,GERMANY
3269,@gmail.com,24,3.7,12,7,united states
3270,@yahoo.com,12,,6,1,USA
3271,@gmail.com,1,4.71,4,6,
3272,@gmail.com,7,15.75,1,6,UK
3273,@yahoo.com,11,19.69,9,5,India
3274,@uber.com,18,12.46,9,2,united states
3275,@unknown_typo,9,16.3,4,4,UK
3276,@microsoft.com,2,5.2,5,9,united states
3277,@meta.com,10,21.44,2,9,uk
3278,@yahoo.com,3,43.12,1,5,GERMANY
3279,@microsoft.com,16,9.92,9,8,UK
3280,@gmail.com,13,1.93,12,5,INDIA
3281,@gmail.com,5,14.5,1,5,USA
3282,@gmail.com,7,6.26,3,2,INDIA
3283,@yahoo.com,6,8.15,1,5,
3284,@gmail.com,8,2.47,2,7,GERMANY
3285,@gmail.com,2,14.74,2,2,USA
3286,@gmail.com,7,23.21,5,8,usa
3287,@unknown_typo,3,21.81,3,3,GERMANY
3288,@gmail.com,4,76.45,4,7,UK
3289,@yahoo.com,11,3.58,9,7,united states
3290,@gmail.com,3,36.83,2,1,united states
3291,@microsoft.com,13,19.79,3,3,INDIA
3292,@gmail.com,2,18.44,0,4,united states
3293,@gmail.com,3,17.27,1,10,uk
3294,@yahoo.com,7,11.59,2,5,INDIA
3295,@gmail.com,9,7.14,1,9,
3296,@gmail.com,5,43.06,4,6,GERMANY
3297,@gmail.com,3,,1,0,uk
3298,@gmail.com,8,2.9,1,3,India
3299,@gmail.com,3,0.25,2,4,INDIA
3300,@gmail.com,3,20.17,2,4,INDIA
3301,@accenture.com,24,33.66,9,7,UK
3302,@microsoft.com,16,3.09,6,6,USA
3303,@yahoo.com,28,0.53,3,3,GERMANY
3304,@gmail.com,3,4.2,2,3,USA
3305,@netflix.com,5,32.27,5,3,united states
3306,@gmail.com,3,,2,5,USA
3307,@gmail.com,6,1.6,1,4,
3308,@microsoft.com,17,0.38,9,2,uk
3309,@gmail.com,4,43.01,3,6,UK
3310,@gmail.com,4,2.18,5,7,UK
3311,@yahoo.com,16,34.6,6,6,India
3312,@accenture.com,15,9.62,6,6,united states
3313,@yahoo.com,20,7.53,0,4,USA
3314,@uber.com,7,8.34,3,9,GERMANY
3315,,4,8.14,2,7,usa
3316,@gmail.com,13,6.27,9,4,uk
3317,@gmail.com,4,24.97,2,6,INDIA
3318,@gmail.com,10,10.64,4,4,united states
3319,@yahoo.com,8,70.63,3,9,
3320,@yahoo.com,21,10.94,21,2,usa
3321,@netflix.com,5,25.6,3,6,GERMANY
3322,@uber.com,9,20.5,5,7,uk
3323,@microsoft.com,2,7.69,4,2,USA
3324,@gmail.com,4,23.31,3,3,USA
3325,@accenture.com,7,2.53,3,6,INDIA
3326,@unknown_typo,2,3.41,2,2,UK
3327,@accenture.com,19,14.47,3,2,USA
3328,@gmail.com,6,18.65,4,3,uk
3329,@microsoft.com,10,15.49,2,8,USA
3330,@gmail.com,17,,0,5,USA
3331,@gmail.com,1,2.22,2,2,USA
3332,@gmail.com,7,7.0,2,3,uk
3333,@microsoft.com,9,13.93,4,5,
3334,@uber.com,21,3.84,6,4,usa
3335,@gmail.com,2,15.23,3,8,uk
3336,@gmail.com,4,4.0,3,8,uk
3337,@yahoo.com,10,1.54,1,2,uk
3338,@gmail.com,4,5.88,3,9,USA
3339,@gmail.com,2,4.78,2,6,USA
3340,@yahoo.com,25,24.95,6,2,united states
3341,@meta.com,16,9.91,6,2,uk
3342,@gmail.com,7,0.99,1,1,India
3343,@gmail.com,1,25.36,3,2,India
3344,@gmail.com,2,4.69,3,3,united states
3345,@netflix.com,5,12.59,5,6,UK
3346,@uber.com,6,11.7,0,3,
3347,@uber.com,6,53.41,4,8,usa
3348,@gmail.com,5,4.41,2,5,usa
3349,@microsoft.com,4,2.35,6,5,USA
3350,@gmail.com,2,4.48,1,5,UK
3351,@microsoft.com,3,12.89,3,4,USA
3352,@netflix.com,22,3.68,3,3,INDIA
3353,@microsoft.com,14,6.24,6,6,India
3354,@accenture.com,19,16.1,6,4,
3355,@uber.com,5,1.86,4,4,INDIA
3356,@gmail.com,7,,5,4,India
3357,@netflix.com,20,11.4,9,6,
3358,@gmail.com,3,9.91,1,5,UK
3359,@yahoo.com,20,6.77,15,7,GERMANY
3360,@gmail.com,7,4.23,4,8,GERMANY
3361,@gmail.com,6,9.91,7,2,USA
3362,@yahoo.com,8,9.99,2,4,
3363,@gmail.com,3,0.87,3,7,USA
3364,@yahoo.com,17,28.2,18,2,united states
3365,@microsoft.com,7,25.79,5,5,
3366,@gmail.com,5,8.91,5,4,India
3367,@gmail.com,3,,1,9,united states
3368,@microsoft.com,7,10.37,2,3,USA
3369,@gmail.com,8,3.75,5,2,UK
3370,@uber.com,11,0.01,6,7,India
3371,@uber.com,13,6.56,6,8,GERMANY
3372,@accenture.com,13,0.27,6,8,uk
3373,@uber.com,11,0.62,3,6,usa
3374,@yahoo.com,11,0.45,15,4,usa
3375,@uber.com,14,31.81,6,3,GERMANY
3376,@gmail.com,6,2.33,1,8,INDIA
3377,@gmail.com,4,4.4,6,9,India
3378,@meta.com,10,10.11,5,3,united states
3379,@yahoo.com,14,11.3,12,6,UK
3380,@meta.com,10,1.95,2,9,united states
3381,@accenture.com,5,36.04,2,6,INDIA
3382,@accenture.com,18,3.94,6,7,united states
3383,@netflix.com,6,42.86,2,2,united states
3384,@yahoo.com,8,,5,6,USA
3385,@gmail.com,9,0.04,4,5,GERMANY
3386,@microsoft.com,3,53.56,4,6,India
3387,@gmail.com,2,9.92,2,5,uk
3388,@microsoft.com,9,31.65,6,3,USA
3389,@uber.com,11,19.88,9,6,UK
3390,@uber.com,22,2.96,12,2,usa
3391,@gmail.com,4,27.99,3,4,INDIA
3392,@gmail.com,4,0.79,2,2,INDIA
3393,@yahoo.com,14,10.63,12,4,united states
3394,@gmail.com,4,4.4,3,3,GERMANY
3395,@netflix.com,15,6.73,12,2,India
3396,@gmail.com,6,21.22,3,4,USA
3397,@gmail.com,11,17.25,12,4,INDIA
3398,@gmail.com,4,8.7,3,1,GERMANY
3399,@microsoft.com,8,0.71,3,8,GERMANY
3400,@microsoft.com,8,0.61,6,5,usa
3401,@gmail.com,3,18.17,5,2,India
3402,@gmail.com,6,44.59,4,4,united states
3403,@yahoo.com,12,28.19,6,10,usa
3404,@gmail.com,3,1.95,8,4,usa
3405,@uber.com,19,,6,10,united states
3406,@microsoft.com,16,14.14,3,1,uk
3407,@gmail.com,3,16.08,7,4,India
3408,@gmail.com,4,14.38,4,3,GERMANY
3409,,6,32.49,4,4,united states
3410,@yahoo.com,7,3.94,2,7,GERMANY
3411,@uber.com,8,2.84,3,3,
3412,@gmail.com,3,,4,3,India
3413,@yahoo.com,4,19.21,4,4,India
3414,@gmail.com,12,18.66,9,10,INDIA
3415,@yahoo.com,11,6.13,12,2,INDIA
3416,@unknown_typo,11,14.83,9,4,united states
3417,@gmail.com,3,19.46,1,3,UK
3418,@gmail.com,12,13.75,12,2,USA
3419,@gmail.com,6,19.99,3,10,GERMANY
3420,@gmail.com,5,13.38,7,7,USA
3421,@gmail.com,5,60.29,5,3,GERMANY
3422,@gmail.com,5,10.16,3,4,uk
3423,@meta.com,8,0.19,2,3,uk
3424,@yahoo.com,5,2.68,7,4,GERMANY
3425,@gmail.com,9,49.93,1,4,UK
3426,@netflix.com,10,9.51,1,11,INDIA
3427,@gmail.com,5,1.93,1,5,
3428,@unknown_typo,19,2.54,9,4,
3429,@gmail.com,6,0.44,2,6,
3430,@netflix.com,22,3.85,6,2,INDIA
3431,@microsoft.com,12,64.74,15,5,India
3432,@accenture.com,13,5.98,3,7,united states
3433,,13,4.32,6,3,
3434,@gmail.com,6,16.52,3,6,united states
3435,@unknown_typo,4,16.82,2,3,USA
3436,@gmail.com,3,51.55,3,3,USA
3437,@gmail.com,7,,2,5,USA
3438,@gmail.com,7,1.75,5,4,united states
3439,@yahoo.com,19,63.61,21,4,united states
3440,@gmail.com,4,20.81,3,5,united states
3441,@microsoft.com,16,4.5,0,8,India
3442,@yahoo.com,10,4.54,2,5,
3443,@meta.com,7,48.28,5,5,INDIA
3444,@accenture.com,14,3.21,12,3,
3445,@yahoo.com,4,3.87,6,5,USA
3446,@gmail.com,5,6.67,7,1,INDIA
3447,@gmail.com,6,17.07,2,3,uk
3448,@gmail.com,7,8.42,4,4,united states
3449,@gmail.com,13,5.59,3,3,India
3450,@gmail.com,10,4.67,3,7,USA
3451,@gmail.com,10,2.0,4,7,UK
3452,@unknown_typo,10,11.85,4,4,UK
3453,@microsoft.com,17,4.79,6,10,UK
3454,@gmail.com,4,6.04,5,6,usa
3455,@microsoft.com,18,0.12,12,6,united states
3456,@gmail.com,5,11.36,4,6,India
3457,@yahoo.com,9,17.88,5,7,GERMANY
3458,@microsoft.com,5,39.37,4,6,India
3459,@yahoo.com,14,3.29,12,2,INDIA
3460,@yahoo.com,6,37.77,3,6,uk
3461,,6,6.72,1,4,united states
3462,@netflix.com,21,24.32,18,5,INDIA
3463,@microsoft.com,9,34.07,3,6,usa
3464,@microsoft.com,4,48.8,2,4,INDIA
3465,@microsoft.com,4,5.91,3,7,INDIA
3466,@gmail.com,12,4.53,9,6,UK
3467,@gmail.com,7,8.69,5,7,INDIA
3468,@gmail.com,6,12.13,6,7,India
3469,@yahoo.com,5,17.6,4,6,INDIA
3470,@yahoo.com,2,17.66,3,3,UK
3471,@gmail.com,3,1.86,2,7,uk
3472,@unknown_typo,2,14.19,4,7,UK
3473,@netflix.com,7,2.76,1,7,India
3474,@uber.com,6,18.64,2,10,uk
3475,@yahoo.com,9,56.31,1,4,usa
3476,@accenture.com,5,22.1,4,4,usa
3477,@gmail.com,9,17.8,3,3,usa
3478,@meta.com,21,1.21,27,5,UK
3479,@gmail.com,6,,1,5,INDIA
3480,@meta.com,18,6.58,9,4,usa
3481,@gmail.com,4,40.65,4,5,USA
3482,@accenture.com,5,6.03,2,4,UK
3483,@netflix.com,8,,0,1,united states
3484,@gmail.com,3,1.64,1,7,INDIA
3485,@yahoo.com,9,16.27,1,4,USA
3486,,5,22.65,3,6,GERMANY
3487,@yahoo.com,15,,6,9,INDIA
3488,@accenture.com,8,21.84,2,6,
3489,@microsoft.com,19,19.29,15,4,UK
3490,@gmail.com,3,9.72,4,7,USA
3491,@gmail.com,10,30.09,3,8,INDIA
3492,@gmail.com,5,6.27,5,4,INDIA
3493,@meta.com,20,8.31,3,3,INDIA
3494,@gmail.com,3,11.64,3,6,INDIA
3495,@yahoo.com,18,2.1,9,5,united states
3496,@yahoo.com,10,10.86,3,3,INDIA
3497,@microsoft.com,15,5.88,6,6,INDIA
3498,@accenture.com,6,4.45,2,3,USA
3499,,19,12.9,12,5,USA
3500,@yahoo.com,9,6.0,4,4,GERMANY
3501,@accenture.com,7,29.02,3,9,usa
3502,@meta.com,7,7.91,6,3,usa
3503,@microsoft.com,12,7.99,6,1,
3504,@unknown_typo,10,60.21,3,3,united states
3505,@gmail.com,4,6.27,4,7,INDIA
3506,@gmail.com,3,,6,7,India
3507,@accenture.com,14,31.38,9,5,USA
3508,@yahoo.com,17,37.33,3,6,
3509,@accenture.com,8,3.85,3,5,INDIA
3510,@netflix.com,8,32.07,3,4,India
3511,@gmail.com,8,,6,4,
3512,@netflix.com,12,0.67,3,6,India
3513,@yahoo.com,13,11.94,9,7,uk
3514,@yahoo.com,4,28.33,5,5,UK
3515,@microsoft.com,4,7.58,0,4,usa
3516,@netflix.com,5,12.01,4,9,GERMANY
3517,@gmail.com,7,,3,6,India
3518,@yahoo.com,3,27.7,3,10,united states
3519,@uber.com,6,1.7,2,6,INDIA
3520,@uber.com,9,1.49,0,10,united states
3521,@uber.com,14,40.67,15,7,India
3522,@gmail.com,16,,6,2,uk
3523,@gmail.com,4,12.83,8,6,
3524,@gmail.com,3,1.68,1,2,usa
3525,@accenture.com,11,11.84,6,2,usa
3526,@gmail.com,1,37.99,6,7,usa
3527,@gmail.com,1,14.21,5,5,usa
3528,@unknown_typo,13,3.31,12,6,INDIA
3529,@gmail.com,0,35.44,3,8,
3530,,9,30.09,3,5,GERMANY
3531,@uber.com,13,11.86,9,4,
3532,@accenture.com,1,28.68,1,3,UK
3533,@gmail.com,5,0.87,0,4,usa
3534,@gmail.com,6,9.28,2,7,
3535,@meta.com,8,2.94,3,8,USA
3536,@accenture.com,22,27.26,18,9,GERMANY
3537,@meta.com,5,53.21,3,3,INDIA
3538,@gmail.com,11,40.04,9,9,GERMANY
3539,@meta.com,13,10.5,9,8,usa
3540,@meta.com,6,10.73,4,6,uk
3541,@uber.com,16,35.83,12,7,India
3542,@meta.com,11,19.19,6,4,uk
3543,@accenture.com,10,1.16,3,4,usa
3544,@microsoft.com,14,2.06,3,5,USA
3545,@gmail.com,5,45.46,3,8,UK
3546,@yahoo.com,27,6.83,18,6,INDIA
3547,@gmail.com,5,3.11,6,6,UK
3548,@yahoo.com,10,19.95,1,5,UK
3549,@yahoo.com,6,31.77,1,7,USA
3550,@gmail.com,9,3.47,5,5,India
3551,@gmail.com,5,4.34,2,7,GERMANY
3552,@gmail.com,2,34.53,2,0,
3553,@accenture.com,9,0.2,2,9,GERMANY
3554,@netflix.com,4,35.78,1,4,India
3555,@gmail.com,3,0.6,1,3,USA
3556,@unknown_typo,7,1.5,1,2,usa
3557,@yahoo.com,16,29.74,6,3,usa
3558,@gmail.com,1,4.28,8,4,USA
3559,@gmail.com,4,3.82,7,2,GERMANY
3560,@yahoo.com,8,27.88,2,4,UK
3561,@meta.com,4,11.72,5,5,usa
3562,@uber.com,10,6.48,6,3,India
3563,@gmail.com,11,18.79,3,3,UK
3564,@gmail.com,6,24.89,2,8,uk
3565,@yahoo.com,5,29.79,3,1,UK
3566,@gmail.com,10,1.91,2,6,usa
3567,@gmail.com,5,13.1,5,2,GERMANY
3568,@gmail.com,4,17.01,1,4,India
3569,@accenture.com,10,1.86,6,6,GERMANY
3570,@netflix.com,2,14.13,6,5,UK
3571,@yahoo.com,18,0.49,9,8,uk
3572,@netflix.com,10,6.27,4,5,usa
3573,@gmail.com,7,2.83,4,3,usa
3574,@yahoo.com,12,12.36,24,5,united states
3575,@gmail.com,9,3.18,2,3,
3576,@microsoft.com,4,23.35,3,2,
3577,@unknown_typo,20,1.94,6,4,India
3578,@microsoft.com,1,21.27,3,8,INDIA
3579,@gmail.com,5,1.56,4,7,GERMANY
3580,@microsoft.com,12,8.76,9,5,
3581,@gmail.com,7,17.99,4,6,UK
3582,@netflix.com,8,2.64,0,7,USA
3583,@yahoo.com,13,20.94,9,11,USA
3584,@yahoo.com,9,46.0,2,6,USA
3585,@microsoft.com,7,7.01,2,3,INDIA
3586,@microsoft.com,17,0.0,0,9,USA
3587,@gmail.com,4,9.72,5,7,
3588,@uber.com,13,34.91,0,2,uk
3589,@gmail.com,7,16.4,2,4,
3590,@uber.com,13,18.22,18,3,GERMANY
3591,@accenture.com,8,23.59,2,6,uk
3592,@accenture.com,21,35.82,6,2,GERMANY
3593,@microsoft.com,14,2.0,12,11,
3594,@yahoo.com,7,,5,9,
3595,@gmail.com,4,33.07,2,11,
3596,@meta.com,21,22.43,9,5,UK
3597,@gmail.com,7,4.29,3,9,India
3598,@yahoo.com,10,31.14,2,5,UK
3599,@gmail.com,3,5.22,3,4,INDIA
3600,@gmail.com,3,7.94,3,10,united states
3601,@microsoft.com,4,3.08,4,6,usa
3602,@gmail.com,4,32.47,1,4,uk
3603,@meta.com,10,1.46,3,7,usa
3604,@gmail.com,6,77.01,4,4,GERMANY
3605,@gmail.com,2,5.98,3,9,UK
3606,@yahoo.com,13,18.61,6,6,USA
3607,@gmail.com,2,2.07,5,5,India
3608,@gmail.com,5,10.04,3,8,USA
3609,@uber.com,17,0.61,3,1,uk
3610,@gmail.com,5,31.61,6,2,
3611,@accenture.com,22,8.87,6,5,uk
3612,@gmail.com,8,20.37,5,4,GERMANY
3613,@gmail.com,12,33.74,6,5,USA
3614,@meta.com,16,1.07,12,6,India
3615,@gmail.com,7,10.74,4,6,INDIA
3616,@gmail.com,3,,3,2,UK
3617,@gmail.com,11,1.07,9,10,united states
3618,@gmail.com,1,14.59,3,4,united states
3619,@accenture.com,4,1.82,6,5,united states
3620,@gmail.com,9,10.16,1,3,GERMANY
3621,@meta.com,12,3.29,24,7,usa
3622,@netflix.com,7,3.3,2,7,united states
3623,@yahoo.com,2,11.1,5,2,GERMANY
3624,@netflix.com,9,12.16,4,3,India
3625,@gmail.com,2,0.05,5,5,uk
3626,@unknown_typo,6,10.42,2,3,USA
3627,@gmail.com,5,16.62,3,5,USA
3628,@uber.com,10,17.02,6,8,UK
3629,@yahoo.com,15,28.44,15,3,
3630,@gmail.com,2,33.85,4,4,
3631,@microsoft.com,9,14.63,2,4,
3632,@uber.com,1,9.86,1,5,USA
3633,@gmail.com,2,3.42,0,2,
3634,@gmail.com,6,2.03,2,1,usa
3635,@uber.com,15,14.09,3,7,INDIA
3636,@uber.com,16,43.94,9,4,India
3637,@unknown_typo,7,4.89,3,5,united states
3638,@meta.com,19,1.57,9,3,uk
3639,@unknown_typo,6,8.27,2,5,united states
3640,@uber.com,7,0.01,3,2,GERMANY
3641,@gmail.com,13,12.1,15,3,GERMANY
3642,@gmail.com,6,0.76,4,3,INDIA
3643,@meta.com,24,40.1,18,15,usa
3644,@microsoft.com,11,30.6,0,2,UK
3645,@gmail.com,7,1.83,3,6,USA
3646,@gmail.com,1,2.38,2,4,USA
3647,@unknown_typo,19,46.01,18,2,INDIA
3648,@yahoo.com,23,25.19,3,4,INDIA
3649,@yahoo.com,9,42.72,3,4,India
3650,@yahoo.com,4,6.11,1,6,INDIA
3651,@gmail.com,4,1.76,2,2,
3652,@gmail.com,6,14.33,1,5,
3653,@gmail.com,5,51.04,5,5,UK
3654,@gmail.com,13,2.09,12,3,USA
3655,@meta.com,2,25.63,1,8,USA
3656,@yahoo.com,8,6.69,1,5,INDIA
3657,@accenture.com,4,1.84,1,6,usa
3658,@accenture.com,9,9.22,6,10,INDIA
3659,@gmail.com,4,10.06,0,3,INDIA
3660,@uber.com,12,0.14,6,4,INDIA
3661,@yahoo.com,7,9.65,6,5,INDIA
3662,@netflix.com,5,15.64,0,5,united states
3663,@gmail.com,11,21.7,6,4,USA
3664,@uber.com,8,1.56,2,4,
3665,@microsoft.com,30,31.38,15,7,united states
3666,@gmail.com,7,,5,6,India
3667,@gmail.com,5,16.11,1,7,uk
3668,@uber.com,5,12.07,1,4,USA
3669,@meta.com,15,31.81,9,4,UK
3670,@gmail.com,12,0.59,9,5,India
3671,@microsoft.com,15,3.19,15,7,India
3672,@gmail.com,6,1.95,2,3,uk
3673,@uber.com,17,5.95,9,9,USA
3674,@gmail.com,7,6.21,5,5,INDIA
3675,@netflix.com,4,1.39,3,10,
3676,@gmail.com,4,10.83,6,0,usa
3677,@gmail.com,3,1.85,1,2,USA
3678,@gmail.com,2,,3,8,uk
3679,@gmail.com,4,0.51,6,8,USA
3680,@yahoo.com,10,39.71,4,8,uk
3681,@gmail.com,6,7.58,2,3,India
3682,@accenture.com,6,5.0,2,2,
3683,@gmail.com,10,9.87,0,5,India
3684,@gmail.com,5,2.57,2,2,UK
3685,@gmail.com,3,7.82,3,3,usa
3686,@gmail.com,6,3.17,0,6,GERMANY
3687,@gmail.com,6,5.44,4,5,USA
3688,@yahoo.com,9,38.7,4,3,USA
3689,@yahoo.com,9,2.41,1,2,GERMANY
3690,@yahoo.com,19,9.63,9,3,INDIA
3691,@yahoo.com,14,16.22,9,4,united states
3692,@microsoft.com,9,37.52,3,2,
3693,@gmail.com,6,38.46,4,12,
3694,@yahoo.com,21,4.26,0,4,united states
3695,@unknown_typo,8,43.01,2,7,India
3696,@yahoo.com,4,6.04,5,4,uk
3697,@uber.com,10,33.8,4,8,GERMANY
3698,@gmail.com,6,1.47,3,2,usa
3699,@meta.com,8,3.32,2,3,USA
3700,@meta.com,14,1.23,3,5,India
3701,@yahoo.com,16,,6,7,UK
3702,@unknown_typo,9,31.05,4,4,
3703,@gmail.com,5,2.6,2,7,uk
3704,@gmail.com,8,3.82,3,6,INDIA
3705,@meta.com,8,3.65,3,4,usa
3706,@accenture.com,6,4.82,3,6,UK
3707,@gmail.com,7,0.28,3,4,UK
3708,@gmail.com,2,8.27,7,3,united states
3709,@gmail.com,3,56.13,2,6,uk
3710,@gmail.com,2,8.92,4,4,INDIA
3711,@meta.com,5,25.18,5,7,uk
3712,@yahoo.com,5,12.71,5,4,united states
3713,@gmail.com,6,0.22,4,4,uk
3714,@gmail.com,4,13.21,3,2,USA
3715,@gmail.com,4,43.92,5,6,India
3716,@gmail.com,5,12.1,3,6,uk
3717,@microsoft.com,8,11.26,3,5,INDIA
3718,@unknown_typo,11,16.64,9,6,India
3719,@accenture.com,11,30.71,9,5,India
3720,@gmail.com,4,12.48,2,2,
3721,@netflix.com,5,7.82,5,3,India
3722,@meta.com,1,0.57,2,2,INDIA
3723,@meta.com,21,1.77,6,5,UK
3724,@yahoo.com,13,15.69,9,3,
3725,@gmail.com,3,14.47,4,5,uk
3726,@gmail.com,8,4.1,3,5,UK
3727,@gmail.com,10,,5,2,UK
3728,@gmail.com,11,4.92,3,0,usa
3729,@gmail.com,3,5.46,4,2,
3730,@yahoo.com,11,0.95,15,8,UK
3731,@meta.com,20,11.99,21,9,India
3732,@yahoo.com,8,5.09,5,3,usa
3733,@gmail.com,3,25.63,2,2,India
3734,@unknown_typo,12,24.25,15,3,
3735,@netflix.com,5,2.06,1,6,USA
3736,@meta.com,15,2.62,3,4,USA
3737,,11,5.81,9,3,GERMANY
3738,@yahoo.com,16,13.04,12,5,
3739,@unknown_typo,8,6.29,1,3,united states
3740,@gmail.com,5,6.47,4,5,uk
3741,@gmail.com,3,2.26,2,1,GERMANY
3742,@gmail.com,6,6.13,4,6,INDIA
3743,@gmail.com,2,9.53,3,3,GERMANY
3744,@gmail.com,0,62.72,1,10,usa
3745,@microsoft.com,8,27.3,2,4,INDIA
3746,@meta.com,13,23.62,6,5,uk
3747,@microsoft.com,6,12.31,5,4,USA
3748,@gmail.com,7,6.7,1,2,GERMANY
3749,@accenture.com,11,29.17,6,5,INDIA
3750,@microsoft.com,23,6.4,0,2,uk
3751,@gmail.com,10,13.48,1,6,usa
3752,@uber.com,10,4.46,3,7,UK
3753,@gmail.com,6,22.47,2,5,India
3754,@gmail.com,2,10.84,6,4,uk
3755,@netflix.com,16,33.83,9,10,USA
3756,@gmail.com,7,12.62,6,3,
3757,@yahoo.com,16,2.69,6,7,usa
3758,@netflix.com,4,74.32,5,3,India
3759,@uber.com,10,10.46,3,1,
3760,@gmail.com,3,4.33,3,5,INDIA
3761,@gmail.com,11,5.99,12,9,USA
3762,@gmail.com,5,1.94,2,2,UK
3763,@microsoft.com,21,1.15,9,4,united states
3764,@yahoo.com,9,8.98,3,5,usa
3765,@gmail.com,3,45.51,5,6,INDIA
3766,@unknown_typo,15,1.97,0,3,uk
3767,@yahoo.com,9,34.95,2,7,united states
3768,@gmail.com,2,23.9,3,5,
3769,@yahoo.com,20,24.63,6,6,GERMANY
3770,@uber.com,11,18.57,9,2,India
3771,@gmail.com,11,13.44,15,5,USA
3772,@gmail.com,3,1.94,0,5,UK
3773,@accenture.com,4,12.86,1,6,USA
3774,@yahoo.com,9,6.51,0,5,INDIA
3775,@yahoo.com,8,1.67,6,2,USA
3776,@yahoo.com,13,24.43,3,3,INDIA
3777,@gmail.com,6,11.86,5,1,UK
3778,@gmail.com,3,20.49,4,7,USA
3779,@yahoo.com,14,,3,5,uk
3780,@gmail.com,3,12.03,4,7,UK
3781,@gmail.com,3,18.69,5,3,usa
3782,@accenture.com,12,4.25,12,5,India
3783,,17,28.16,6,7,INDIA
3784,@meta.com,4,8.2,4,7,
3785,@accenture.com,8,18.49,2,4,GERMANY
3786,@gmail.com,7,5.92,8,8,uk
3787,@unknown_typo,4,,4,6,united states
3788,@gmail.com,5,0.67,1,5,uk
3789,@unknown_typo,6,39.73,5,6,India
3790,,14,23.19,15,4,usa
3791,@uber.com,9,16.4,2,3,USA
3792,,9,,3,12,united states
3793,@microsoft.com,8,,2,8,USA
3794,@gmail.com,5,21.89,5,6,
3795,@yahoo.com,4,9.05,2,5,GERMANY
3796,@microsoft.com,10,3.3,6,8,USA
3797,@gmail.com,7,2.89,5,7,USA
3798,@microsoft.com,14,10.05,6,5,united states
3799,,8,22.95,2,4,uk
3800,@gmail.com,9,18.8,3,6,India
3801,@meta.com,19,,3,7,usa
3802,@netflix.com,13,3.43,12,1,
3803,@netflix.com,26,4.1,3,2,united states
3804,@unknown_typo,14,0.89,6,8,USA
3805,@yahoo.com,11,2.92,12,1,INDIA
3806,@unknown_typo,18,0.19,9,4,INDIA
3807,@meta.com,7,16.84,0,10,GERMANY
3808,@gmail.com,10,13.31,3,5,uk
3809,@yahoo.com,27,66.29,12,7,USA
3810,@uber.com,3,21.58,4,2,united states
3811,@gmail.com,3,4.24,3,7,usa
3812,@microsoft.com,10,18.46,7,4,GERMANY
3813,@uber.com,10,0.18,2,2,INDIA
3814,@gmail.com,5,64.2,3,3,UK
3815,@microsoft.com,8,14.3,4,6,
3816,@meta.com,6,1.91,3,6,united states
3817,@yahoo.com,22,10.35,9,7,USA
3818,@gmail.com,4,42.36,3,4,
3819,@gmail.com,4,28.43,5,13,
3820,@gmail.com,6,5.33,2,6,uk
3821,@netflix.com,7,7.57,7,5,INDIA
3822,@gmail.com,3,28.82,3,7,UK
3823,@microsoft.com,13,34.54,9,3,India
3824,@gmail.com,3,36.91,2,2,USA
3825,@gmail.com,0,44.32,1,3,INDIA
3826,@accenture.com,5,10.41,0,2,INDIA
3827,@uber.com,7,29.66,6,5,uk
3828,@gmail.com,3,6.39,2,3,GERMANY
3829,@yahoo.com,20,27.31,6,2,uk
3830,@gmail.com,3,6.4,4,5,UK
3831,@yahoo.com,23,14.06,9,4,united states
3832,@uber.com,16,9.48,9,6,usa
3833,@gmail.com,6,33.52,0,7,uk
3834,@gmail.com,4,1.03,0,4,GERMANY
3835,@gmail.com,5,44.58,2,7,uk
3836,@netflix.com,7,9.3,1,9,uk
3837,,1,9.85,3,1,USA
3838,@gmail.com,6,26.39,5,2,usa
3839,@meta.com,9,16.46,3,2,united states
3840,@gmail.com,3,46.09,1,8,UK
3841,@gmail.com,9,11.87,3,2,united states
3842,@meta.com,20,12.27,15,6,united states
3843,@netflix.com,3,53.47,4,4,INDIA
3844,@unknown_typo,9,39.14,2,7,united states
3845,@microsoft.com,17,3.51,3,8,India
3846,@gmail.com,9,5.5,3,4,GERMANY
3847,@meta.com,19,14.73,3,6,USA
3848,@gmail.com,5,42.05,2,4,
3849,@microsoft.com,11,12.43,6,6,INDIA
3850,@gmail.com,2,19.8,1,0,UK
3851,@uber.com,15,1.48,12,5,India
3852,@gmail.com,3,11.09,2,5,usa
3853,@gmail.com,7,2.4,4,7,GERMANY
3854,@netflix.com,7,,3,6,GERMANY
3855,@gmail.com,2,2.73,2,8,GERMANY
3856,@yahoo.com,9,2.72,1,5,UK
3857,@gmail.com,7,71.89,5,4,united states
3858,@gmail.com,4,5.31,1,5,GERMANY
3859,@gmail.com,3,12.5,6,4,INDIA
3860,@gmail.com,5,0.3,4,7,
3861,@accenture.com,4,,3,3,
3862,@gmail.com,8,17.1,4,4,uk
3863,@unknown_typo,6,3.9,4,8,
3864,@microsoft.com,12,0.55,9,4,
3865,@yahoo.com,13,4.82,6,6,united states
3866,@microsoft.com,20,14.86,9,3,usa
3867,@yahoo.com,7,0.23,2,5,India
3868,@meta.com,11,1.18,3,7,uk
3869,@gmail.com,5,7.9,2,4,UK
3870,@gmail.com,4,2.9,2,4,India
3871,@netflix.com,13,14.99,0,7,uk
3872,@netflix.com,23,2.88,3,9,INDIA
3873,@netflix.com,28,75.81,12,4,India
3874,@yahoo.com,7,8.59,5,7,uk
3875,@meta.com,11,2.41,9,9,usa
3876,@yahoo.com,16,,12,8,usa
3877,@yahoo.com,11,8.19,6,7,uk
3878,@gmail.com,11,24.84,15,3,
3879,@microsoft.com,9,8.67,2,4,India
3880,@gmail.com,3,2.28,5,4,India
3881,@gmail.com,5,10.06,1,1,GERMANY
3882,@accenture.com,9,6.17,1,3,USA
3883,@gmail.com,5,10.45,4,4,usa
3884,@gmail.com,3,7.44,2,6,uk
3885,@gmail.com,12,15.66,12,7,usa
3886,@netflix.com,6,24.42,1,8,
3887,@yahoo.com,17,32.63,9,3,GERMANY
3888,@yahoo.com,9,20.28,4,4,uk
3889,@accenture.com,14,6.58,12,4,united states
3890,@accenture.com,7,8.93,0,4,usa
3891,@gmail.com,2,,4,6,GERMANY
3892,@uber.com,6,3.72,4,5,USA
3893,@meta.com,19,18.15,15,3,UK
3894,@uber.com,24,15.74,9,1,India
3895,@gmail.com,9,16.03,5,6,usa
3896,@accenture.com,13,6.08,6,3,uk
3897,@yahoo.com,5,13.8,3,6,GERMANY
3898,@gmail.com,3,3.3,4,4,India
3899,@yahoo.com,10,3.16,4,8,USA
3900,@gmail.com,5,21.95,0,7,usa
3901,@gmail.com,8,,3,10,INDIA
3902,@meta.com,6,11.8,4,4,usa
3903,@gmail.com,2,,4,6,INDIA
3904,@yahoo.com,8,4.03,3,5,USA
3905,@yahoo.com,3,22.7,4,5,
3906,@gmail.com,2,23.71,2,4,united states
3907,@unknown_typo,10,27.14,2,0,uk
3908,@gmail.com,5,28.91,6,5,INDIA
3909,@gmail.com,7,7.95,0,7,uk
3910,@gmail.com,3,24.83,2,3,India
3911,@gmail.com,8,6.37,5,6,usa
3912,@gmail.com,10,0.81,1,5,USA
3913,@uber.com,15,17.54,24,5,
3914,@unknown_typo,10,3.33,3,3,uk
3915,@gmail.com,7,9.01,2,4,UK
3916,@uber.com,5,2.68,4,5,India
3917,@meta.com,11,7.45,0,6,INDIA
3918,@accenture.com,12,32.42,3,7,united states
3919,@yahoo.com,21,14.25,12,7,uk
3920,@gmail.com,1,2.4,2,11,usa
3921,@gmail.com,4,19.39,7,6,
3922,@uber.com,13,28.24,6,3,
3923,@accenture.com,13,2.73,9,2,united states
3924,@gmail.com,7,20.44,3,4,GERMANY
3925,@gmail.com,6,11.95,6,5,usa
3926,@netflix.com,13,13.91,3,4,uk
3927,@accenture.com,15,,9,1,usa
3928,,10,0.56,4,4,India
3929,@meta.com,30,15.27,18,4,INDIA
3930,@gmail.com,3,1.28,5,7,GERMANY
3931,@microsoft.com,10,23.38,2,3,USA
3932,@uber.com,25,33.97,9,7,uk
3933,@gmail.com,7,1.36,2,7,INDIA
3934,@yahoo.com,8,0.39,2,9,united states
3935,@uber.com,9,46.74,7,7,USA
3936,@gmail.com,6,39.16,5,7,USA
3937,@meta.com,4,38.61,1,6,united states
3938,@microsoft.com,17,42.12,3,5,GERMANY
3939,@unknown_typo,14,10.4,6,3,
3940,@gmail.com,12,56.52,9,3,united states
3941,@gmail.com,2,33.43,1,7,GERMANY
3942,@microsoft.com,7,1.54,1,7,UK
3943,@gmail.com,4,25.13,3,4,India
3944,@uber.com,6,18.7,4,5,UK
3945,@meta.com,15,2.16,9,3,GERMANY
3946,@gmail.com,8,,2,2,India
3947,@yahoo.com,12,9.95,12,6,India
3948,@yahoo.com,11,28.84,6,4,united states
3949,@gmail.com,4,25.62,3,9,India
3950,@netflix.com,4,42.8,1,5,USA
3951,@accenture.com,6,1.17,2,5,UK
3952,@uber.com,10,18.58,2,5,UK
3953,@uber.com,5,7.1,6,3,
3954,@yahoo.com,9,22.44,1,3,India
3955,@netflix.com,13,13.84,12,4,USA
3956,@uber.com,7,10.27,4,7,India
3957,@uber.com,16,0.06,9,7,
3958,@accenture.com,13,14.02,9,5,GERMANY
3959,@gmail.com,4,8.18,0,3,USA
3960,@accenture.com,9,6.06,2,11,
3961,@gmail.com,4,67.34,3,4,uk
3962,@gmail.com,2,18.08,2,3,united states
3963,@gmail.com,6,11.64,2,8,
3964,@unknown_typo,5,30.46,3,3,India
3965,@accenture.com,4,3.86,1,3,usa
3966,@uber.com,9,14.51,0,3,usa
3967,@uber.com,16,29.59,12,5,India
3968,@microsoft.com,21,1.98,9,6,uk
3969,@netflix.com,8,4.04,1,0,GERMANY
3970,@yahoo.com,10,1.29,2,4,India
3971,@gmail.com,11,73.28,12,5,
3972,@gmail.com,7,13.05,3,6,uk
3973,@meta.com,14,10.09,9,6,united states
3974,@meta.com,11,6.2,9,8,UK
3975,@gmail.com,3,8.95,4,8,united states
3976,@gmail.com,5,,2,5,uk
3977,@accenture.com,16,37.28,12,5,GERMANY
3978,@gmail.com,2,1.66,1,7,India
3979,@uber.com,13,5.34,15,8,India
3980,@unknown_typo,12,3.14,12,6,UK
3981,@yahoo.com,10,8.58,2,1,GERMANY
3982,@gmail.com,5,11.34,4,4,GERMANY
3983,@uber.com,14,19.16,3,3,united states
3984,@accenture.com,13,31.27,12,4,USA
3985,@yahoo.com,5,11.72,1,3,India
3986,@unknown_typo,5,10.06,2,4,GERMANY
3987,@gmail.com,7,12.86,5,5,united states
3988,@yahoo.com,3,32.89,6,6,GERMANY
3989,@uber.com,14,15.69,6,10,uk
3990,@accenture.com,22,23.22,12,2,united states
3991,@gmail.com,6,19.07,5,5,USA
3992,@accenture.com,13,38.56,12,1,UK
3993,@microsoft.com,7,25.47,4,5,INDIA
3994,@gmail.com,6,6.26,1,8,INDIA
3995,@gmail.com,7,28.9,2,1,united states
3996,@accenture.com,4,9.45,1,4,united states
3997,@gmail.com,4,28.18,1,6,GERMANY
3998,@gmail.com,13,35.43,15,1,UK
3999,@gmail.com,6,,4,7,UK
4000,@accenture.com,16,19.03,6,2,USA
4001,@uber.com,6,2.28,4,6,India
4002,@meta.com,10,5.87,6,4,USA
4003,@gmail.com,11,12.24,6,3,UK
4004,@microsoft.com,14,0.05,21,7,India
4005,@microsoft.com,5,28.19,3,9,USA
4006,@accenture.com,17,6.92,3,5,USA
4007,@netflix.com,11,19.28,3,5,united states
4008,@gmail.com,1,22.0,3,1,India
4009,@uber.com,7,11.91,4,3,
4010,@gmail.com,3,23.43,6,5,UK
4011,@yahoo.com,4,17.2,6,4,GERMANY
4012,@gmail.com,5,6.69,5,6,GERMANY
4013,@gmail.com,3,25.41,1,3,uk
4014,@gmail.com,7,,6,6,united states
4015,@microsoft.com,27,2.62,3,1,GERMANY
4016,@gmail.com,10,22.23,2,6,united states
4017,@meta.com,20,16.91,3,10,united states
4018,@yahoo.com,6,5.02,1,4,united states
4019,@gmail.com,8,27.68,3,6,UK
4020,@meta.com,18,7.03,9,3,UK
4021,@gmail.com,3,12.07,1,4,
4022,@yahoo.com,13,6.3,9,8,INDIA
4023,@uber.com,4,19.33,4,4,UK
4024,@gmail.com,5,13.05,1,5,GERMANY
4025,@gmail.com,7,9.53,4,5,UK
4026,@gmail.com,2,0.31,5,3,INDIA
4027,@netflix.com,7,14.02,3,4,united states
4028,@microsoft.com,8,14.61,1,9,INDIA
4029,@uber.com,12,3.0,9,5,uk
4030,@microsoft.com,10,,2,8,
4031,@gmail.com,4,31.65,4,6,UK
4032,@yahoo.com,14,11.95,21,6,USA
4033,@meta.com,3,8.57,2,7,
4034,@gmail.com,6,41.22,1,2,uk
4035,@gmail.com,6,25.07,2,2,UK
4036,@gmail.com,6,1.54,4,0,INDIA
4037,@yahoo.com,23,29.38,6,5,USA
4038,,8,2.43,1,2,uk
4039,@gmail.com,12,2.88,15,2,united states
4040,@yahoo.com,27,1.18,9,3,
4041,@gmail.com,7,9.85,4,8,GERMANY
4042,@unknown_typo,17,15.52,6,2,UK
4043,@gmail.com,3,21.02,2,2,uk
4044,@yahoo.com,7,0.41,5,4,united states
4045,@meta.com,7,2.94,2,4,India
4046,@uber.com,8,14.56,1,10,USA
4047,@yahoo.com,25,11.19,12,5,India
4048,@gmail.com,18,0.79,3,3,usa
4049,@gmail.com,7,41.1,1,5,usa
4050,@gmail.com,3,21.31,3,4,India
4051,@gmail.com,3,6.67,6,2,uk
4052,@yahoo.com,10,11.53,3,3,INDIA
4053,@gmail.com,9,7.03,2,3,uk
4054,@gmail.com,7,9.11,4,3,usa
4055,@uber.com,11,13.6,9,6,INDIA
4056,@unknown_typo,19,7.62,12,5,UK
4057,@microsoft.com,5,14.54,3,5,USA
4058,@gmail.com,4,,3,4,usa
4059,@gmail.com,3,16.06,5,7,India
4060,@unknown_typo,6,4.56,1,3,united states
4061,@gmail.com,10,2.82,1,3,united states
4062,@gmail.com,2,0.21,3,8,INDIA
4063,@microsoft.com,11,13.82,12,4,GERMANY
4064,@microsoft.com,2,59.28,3,5,GERMANY
4065,@microsoft.com,13,8.18,15,6,uk
4066,@gmail.com,8,3.59,2,6,UK
4067,@gmail.com,3,0.2,3,6,UK
4068,@unknown_typo,20,10.79,3,4,USA
4069,@gmail.com,9,73.81,4,4,uk
4070,@uber.com,20,61.82,9,4,GERMANY
4071,@uber.com,17,1.6,18,4,India
4072,@microsoft.com,12,25.43,3,5,India
4073,@gmail.com,6,2.86,3,5,usa
4074,@gmail.com,2,24.86,4,1,
4075,@microsoft.com,6,28.82,2,10,united states
4076,@accenture.com,6,0.12,0,8,united states
4077,@netflix.com,20,4.06,3,6,usa
4078,@gmail.com,6,0.87,4,7,united states
4079,@gmail.com,3,10.36,1,6,UK
4080,@netflix.com,8,0.41,1,5,uk
4081,@meta.com,11,14.76,3,3,uk
4082,@netflix.com,12,12.26,6,5,united states
4083,@gmail.com,2,7.16,3,8,
4084,@microsoft.com,16,9.29,9,4,UK
4085,@uber.com,15,69.22,18,7,GERMANY
4086,@uber.com,5,2.75,9,5,INDIA
4087,@yahoo.com,14,19.7,3,8,uk
4088,@gmail.com,8,15.55,4,5,UK
4089,@microsoft.com,10,16.35,2,7,uk
4090,@gmail.com,3,6.36,3,2,
4091,@yahoo.com,13,3.66,3,7,united states
4092,@unknown_typo,21,15.78,3,8,India
4093,@gmail.com,2,36.58,3,5,USA
4094,@accenture.com,17,55.94,9,7,INDIA
4095,@gmail.com,4,9.84,0,5,uk
4096,@uber.com,19,8.32,9,9,usa
4097,@unknown_typo,4,6.44,5,2,GERMANY
4098,@gmail.com,3,24.91,1,4,uk
4099,@gmail.com,2,4.42,3,3,GERMANY
4100,@yahoo.com,13,10.79,0,5,
4101,@gmail.com,3,6.35,8,6,united states
4102,@meta.com,12,31.28,3,8,united states
4103,@netflix.com,14,4.98,3,7,India
4104,@yahoo.com,13,17.4,9,7,INDIA
4105,@gmail.com,6,13.33,1,7,INDIA
4106,@yahoo.com,20,5.97,12,3,India
4107,@uber.com,22,4.41,9,4,
4108,@gmail.com,6,24.43,1,5,GERMANY
4109,@microsoft.com,10,10.72,1,5,UK
4110,@microsoft.com,1,14.18,3,9,uk
4111,@microsoft.com,9,49.09,5,9,usa
4112,@gmail.com,6,7.61,1,3,GERMANY
4113,@uber.com,10,,7,12,usa
4114,@gmail.com,8,15.27,1,10,INDIA
4115,@gmail.com,8,13.5,5,5,USA
4116,@accenture.com,11,0.84,9,2,UK
4117,@meta.com,4,36.52,1,6,UK
4118,@gmail.com,4,3.89,3,7,
4119,@gmail.com,5,9.61,2,5,USA
4120,@gmail.com,4,20.92,2,5,GERMANY
4121,@gmail.com,5,11.08,7,2,UK
4122,@gmail.com,3,0.07,4,10,uk
4123,@gmail.com,5,44.65,2,1,INDIA
4124,@yahoo.com,7,0.31,4,3,UK
4125,@meta.com,17,1.41,6,4,usa
4126,@microsoft.com,15,3.81,3,3,USA
4127,@uber.com,16,13.71,3,2,UK
4128,@gmail.com,6,53.18,4,4,INDIA
4129,@unknown_typo,3,38.39,0,5,India
4130,@accenture.com,15,15.8,12,4,united states
4131,@accenture.com,27,20.3,6,6,UK
4132,@accenture.com,8,18.67,6,5,GERMANY
4133,@netflix.com,20,17.42,12,6,UK
4134,@yahoo.com,16,25.1,12,5,
4135,@gmail.com,6,6.23,5,3,
4136,@microsoft.com,7,3.75,3,2,GERMANY
4137,@meta.com,5,6.41,0,4,
4138,@meta.com,4,0.75,5,6,USA
4139,@yahoo.com,7,51.19,3,4,united states
4140,@gmail.com,8,20.18,3,4,uk
4141,@gmail.com,5,3.6,0,9,INDIA
4142,@netflix.com,33,4.43,3,5,
4143,@microsoft.com,7,73.61,2,6,UK
4144,@yahoo.com,4,21.92,4,4,GERMANY
4145,@gmail.com,2,,1,3,GERMANY
4146,@gmail.com,8,,2,5,
4147,@netflix.com,8,0.62,2,7,uk
4148,@uber.com,8,16.6,4,6,USA
4149,@meta.com,5,22.71,2,11,
4150,@yahoo.com,7,1.71,4,5,united states
4151,@microsoft.com,12,0.04,9,3,UK
4152,@gmail.com,7,6.63,4,6,usa
4153,@uber.com,10,16.51,5,8,united states
4154,@yahoo.com,12,38.62,9,5,usa
4155,@yahoo.com,12,31.75,6,10,INDIA
4156,@microsoft.com,23,17.5,12,5,uk
4157,@netflix.com,12,25.23,21,7,India
4158,@gmail.com,6,6.6,4,3,UK
4159,@accenture.com,17,4.22,0,6,UK
4160,@gmail.com,18,1.99,3,8,USA
4161,@yahoo.com,6,3.01,6,2,
4162,@gmail.com,1,49.42,8,5,GERMANY
4163,@gmail.com,5,39.88,3,7,united states
4164,@yahoo.com,11,0.72,15,5,
4165,@gmail.com,2,9.52,4,9,
4166,@yahoo.com,6,7.01,1,8,uk
4167,@netflix.com,13,15.82,9,8,GERMANY
4168,@gmail.com,2,5.97,4,7,UK
4169,@meta.com,8,4.94,5,5,GERMANY
4170,@yahoo.com,15,24.85,0,3,UK
4171,@uber.com,5,44.09,4,7,usa
4172,@gmail.com,5,3.4,1,7,USA
4173,@gmail.com,12,4.02,18,7,INDIA
4174,@gmail.com,8,8.15,8,5,united states
4175,@gmail.com,4,18.38,1,6,usa
4176,@gmail.com,6,2.74,5,5,INDIA
4177,@uber.com,9,9.46,3,3,USA
4178,@netflix.com,17,27.57,12,5,INDIA
4179,@accenture.com,12,4.0,6,5,united states
4180,@uber.com,11,0.73,3,6,GERMANY
4181,@gmail.com,7,35.6,4,3,uk
4182,@gmail.com,3,23.23,5,7,GERMANY
4183,@gmail.com,8,18.0,1,7,INDIA
4184,@gmail.com,4,1.37,0,8,uk
4185,@yahoo.com,12,34.44,6,7,INDIA
4186,@yahoo.com,13,5.46,6,2,INDIA
4187,@gmail.com,4,3.56,2,0,GERMANY
4188,@gmail.com,10,10.03,0,3,India
4189,@accenture.com,25,38.42,9,9,
4190,@meta.com,15,78.19,15,6,usa
4191,@gmail.com,3,14.28,0,1,UK
4192,@netflix.com,7,46.69,2,2,India
4193,@unknown_typo,20,9.06,12,2,INDIA
4194,@gmail.com,3,0.45,1,5,usa
4195,@gmail.com,4,4.84,3,2,India
4196,@yahoo.com,13,,3,3,UK
4197,@netflix.com,14,22.9,0,4,GERMANY
4198,@accenture.com,17,1.99,12,8,uk
4199,@gmail.com,4,2.88,1,6,GERMANY
4200,@gmail.com,4,14.29,5,3,India
4201,@microsoft.com,5,2.1,1,10,united states
4202,@yahoo.com,5,10.26,2,2,usa
4203,@gmail.com,3,0.54,3,2,
4204,@accenture.com,6,16.58,3,3,INDIA
4205,@uber.com,9,35.85,3,5,united states
4206,@accenture.com,11,31.18,18,5,
4207,@accenture.com,9,,6,4,UK
4208,@meta.com,6,13.41,3,3,uk
4209,@yahoo.com,14,,6,2,united states
4210,@microsoft.com,21,0.83,15,4,INDIA
4211,@gmail.com,7,14.14,3,6,united states
4212,@uber.com,11,12.75,15,4,India
4213,@gmail.com,10,1.48,4,6,INDIA
4214,@uber.com,6,6.69,6,2,UK
4215,@gmail.com,3,5.71,2,6,UK
4216,@gmail.com,10,6.29,2,6,UK
4217,@gmail.com,4,6.08,3,4,India
4218,@gmail.com,4,26.12,2,4,usa
4219,@uber.com,21,6.55,9,7,INDIA
4220,@meta.com,8,6.02,3,4,
4221,@yahoo.com,4,0.45,1,5,usa
4222,@gmail.com,0,23.44,1,4,usa
4223,@gmail.com,5,16.18,5,4,INDIA
4224,@gmail.com,4,6.27,1,6,
4225,@gmail.com,6,9.02,7,6,usa
4226,@netflix.com,19,23.7,9,4,
4227,@gmail.com,10,6.33,1,4,usa
4228,@gmail.com,7,9.62,2,7,united states
4229,@gmail.com,5,0.3,1,6,INDIA
4230,@gmail.com,3,37.57,3,5,uk
4231,@yahoo.com,18,6.96,27,7,usa
4232,@microsoft.com,12,5.27,6,4,USA
4233,@gmail.com,8,14.09,0,8,usa
4234,@gmail.com,6,11.22,3,6,UK
4235,@gmail.com,9,7.69,2,2,USA
4236,@gmail.com,7,38.33,2,6,
4237,@gmail.com,4,6.76,4,4,USA
4238,@unknown_typo,0,96.32,4,4,India
4239,@microsoft.com,11,23.35,12,7,united states
4240,@microsoft.com,4,35.05,3,6,
4241,@yahoo.com,12,4.99,0,5,INDIA
4242,@yahoo.com,7,1.09,4,4,UK
4243,@yahoo.com,14,8.15,3,4,GERMANY
4244,@uber.com,7,5.64,2,3,UK
4245,@uber.com,6,0.94,7,5,
4246,@gmail.com,3,1.11,3,5,UK
4247,@yahoo.com,11,2.87,15,4,GERMANY
4248,@yahoo.com,5,7.12,2,3,usa
4249,@accenture.com,15,41.06,9,7,GERMANY
4250,@microsoft.com,8,16.08,1,4,USA
4251,@yahoo.com,4,7.62,3,6,uk
4252,@gmail.com,9,24.1,1,5,UK
4253,@microsoft.com,5,12.61,1,8,GERMANY
4254,@gmail.com,6,8.11,0,2,
4255,@gmail.com,7,2.34,1,8,INDIA
4256,@gmail.com,6,39.27,4,4,GERMANY
4257,@uber.com,9,14.67,4,6,usa
4258,@gmail.com,4,8.68,5,3,
4259,@gmail.com,6,8.65,2,5,USA
4260,@netflix.com,4,21.72,5,10,
4261,@gmail.com,11,2.97,3,5,GERMANY
4262,@yahoo.com,15,8.11,9,5,USA
4263,@yahoo.com,16,0.98,12,3,uk
4264,@gmail.com,6,1.25,3,3,usa
4265,@meta.com,9,11.21,1,11,UK
4266,@gmail.com,5,7.19,5,9,united states
4267,@yahoo.com,19,19.07,15,4,India
4268,@microsoft.com,10,64.83,4,6,GERMANY
4269,@microsoft.com,22,29.43,6,4,India
4270,@uber.com,9,8.75,2,6,uk
4271,@gmail.com,4,7.12,2,10,INDIA
4272,@gmail.com,1,13.19,1,5,GERMANY
4273,@uber.com,12,1.44,21,3,united states
4274,@yahoo.com,17,65.92,6,5,USA
4275,@accenture.com,20,59.44,3,5,
4276,@accenture.com,8,38.45,3,9,GERMANY
4277,@accenture.com,10,16.28,1,8,INDIA
4278,@yahoo.com,3,10.49,1,6,INDIA
4279,@gmail.com,4,18.4,3,8,GERMANY
4280,@meta.com,18,5.66,6,7,UK
4281,@yahoo.com,9,28.68,1,1,uk
4282,@gmail.com,5,2.17,0,7,INDIA
4283,@accenture.com,19,24.4,12,7,uk
4284,@netflix.com,8,30.32,0,6,
4285,@yahoo.com,10,2.8,5,10,USA
4286,@gmail.com,5,9.77,3,4,
4287,@gmail.com,3,33.34,3,3,USA
4288,@accenture.com,8,48.02,3,6,INDIA
4289,@netflix.com,2,25.02,4,3,India
4290,@gmail.com,5,42.43,1,6,usa
4291,@gmail.com,8,41.47,2,6,INDIA
4292,@accenture.com,7,58.47,3,1,INDIA
4293,@gmail.com,8,8.0,1,9,INDIA
4294,@yahoo.com,13,5.07,9,5,
4295,@unknown_typo,15,15.03,12,4,
4296,@gmail.com,5,3.14,5,4,UK
4297,@microsoft.com,5,12.21,2,3,UK
4298,@gmail.com,2,12.99,6,2,UK
4299,@gmail.com,7,24.63,3,3,usa
4300,@accenture.com,3,6.74,4,5,
4301,@yahoo.com,10,13.81,4,9,GERMANY
4302,,10,35.04,0,2,
4303,@microsoft.com,6,8.22,6,2,uk
4304,@gmail.com,4,12.72,2,1,India
4305,@gmail.com,6,23.22,1,5,UK
4306,@gmail.com,4,4.31,2,7,GERMANY
4307,@gmail.com,0,1.64,2,7,UK
4308,@gmail.com,3,17.18,7,6,USA
4309,@gmail.com,2,6.94,3,3,uk
4310,@yahoo.com,8,7.21,1,6,usa
4311,@uber.com,12,39.91,12,6,UK
4312,@uber.com,6,7.86,1,5,UK
4313,@uber.com,7,,0,6,usa
4314,@gmail.com,6,1.69,4,6,INDIA
4315,@gmail.com,11,6.3,15,3,united states
4316,@uber.com,7,17.71,5,6,India
4317,@yahoo.com,6,2.02,3,3,usa
4318,@gmail.com,12,7.34,3,3,usa
4319,@accenture.com,29,28.63,12,4,INDIA
4320,@meta.com,13,21.52,9,1,uk
4321,@yahoo.com,7,4.97,4,6,UK
4322,@gmail.com,6,6.61,3,6,usa
4323,@meta.com,6,10.55,1,6,INDIA
4324,@microsoft.com,9,19.71,3,4,India
4325,@meta.com,6,2.47,5,5,India
4326,@meta.com,6,11.25,4,4,INDIA
4327,@accenture.com,6,1.14,3,3,uk
4328,@yahoo.com,20,7.61,3,3,uk
4329,@gmail.com,10,3.18,1,2,
4330,@uber.com,11,5.55,15,5,usa
4331,@microsoft.com,14,6.04,9,7,
4332,@meta.com,18,22.05,3,6,GERMANY
4333,@gmail.com,3,,8,7,
4334,@gmail.com,4,16.35,2,3,uk
4335,@netflix.com,13,11.43,9,4,USA
4336,@meta.com,19,24.46,6,1,UK
4337,@netflix.com,19,5.82,0,5,
4338,@meta.com,6,78.48,1,9,INDIA
4339,@microsoft.com,12,5.26,12,4,united states
4340,@uber.com,11,13.0,3,4,
4341,@netflix.com,19,15.0,6,5,usa
4342,@microsoft.com,12,11.59,12,5,INDIA
4343,@microsoft.com,18,29.37,6,6,INDIA
4344,@gmail.com,4,,7,4,united states
4345,@yahoo.com,9,13.64,3,10,UK
4346,@uber.com,13,10.59,9,6,India
4347,@gmail.com,5,8.1,2,4,USA
4348,@gmail.com,4,6.37,2,4,
4349,@gmail.com,3,2.49,6,4,USA
4350,@gmail.com,1,15.75,1,3,USA
4351,@gmail.com,6,1.88,1,5,uk
4352,@yahoo.com,11,26.52,3,10,INDIA
4353,@netflix.com,5,8.91,2,3,
4354,@yahoo.com,4,13.95,2,4,GERMANY
4355,@gmail.com,4,1.21,5,4,UK
4356,@gmail.com,9,1.47,1,4,INDIA
4357,@uber.com,20,4.04,15,4,GERMANY
4358,@gmail.com,5,22.69,1,4,
4359,@accenture.com,6,9.98,1,6,uk
4360,@uber.com,2,5.58,2,7,usa
4361,@meta.com,1,28.4,4,7,united states
4362,@gmail.com,3,3.2,1,5,UK
4363,@uber.com,7,4.51,3,5,united states
4364,@gmail.com,2,22.49,1,3,GERMANY
4365,@netflix.com,4,0.41,2,3,India
4366,@microsoft.com,13,3.73,6,6,uk
4367,@gmail.com,12,11.05,6,8,UK
4368,@gmail.com,16,36.98,6,4,UK
4369,@gmail.com,14,4.64,15,4,GERMANY
4370,@uber.com,17,3.59,9,6,GERMANY
4371,@gmail.com,5,55.28,5,4,usa
4372,@microsoft.com,17,11.15,15,12,uk
4373,@gmail.com,14,0.97,6,2,uk
4374,@uber.com,18,4.85,12,1,uk
4375,@accenture.com,9,11.44,3,5,India
4376,@meta.com,10,1.12,3,6,uk
4377,@meta.com,2,17.69,6,8,uk
4378,@gmail.com,7,11.09,5,2,USA
4379,@gmail.com,9,18.55,3,2,UK
4380,@uber.com,7,6.27,8,11,INDIA
4381,@gmail.com,3,,2,5,INDIA
4382,@yahoo.com,10,39.49,0,4,GERMANY
4383,@gmail.com,3,3.55,5,4,GERMANY
4384,@gmail.com,2,0.6,5,3,GERMANY
4385,@gmail.com,6,60.44,3,6,UK
4386,@accenture.com,14,0.11,0,5,UK
4387,@gmail.com,6,32.87,5,5,GERMANY
4388,@microsoft.com,12,26.23,15,5,
4389,@gmail.com,10,10.03,0,6,India
4390,@uber.com,12,18.33,12,4,uk
4391,@gmail.com,5,1.67,2,4,USA
4392,@netflix.com,7,21.64,2,2,uk
4393,@netflix.com,15,22.97,6,5,INDIA
4394,@gmail.com,6,0.79,1,6,united states
4395,@netflix.com,11,10.31,15,5,INDIA
4396,,22,44.39,9,3,uk
4397,@accenture.com,26,45.28,3,1,UK
4398,@accenture.com,21,62.52,6,1,GERMANY
4399,@gmail.com,8,16.04,1,6,usa
4400,@microsoft.com,6,2.28,1,3,UK
4401,@gmail.com,6,7.99,5,8,USA
4402,@gmail.com,4,19.47,1,5,uk
4403,,6,5.01,2,2,GERMANY
4404,@gmail.com,5,24.92,2,4,
4405,@meta.com,9,29.64,1,6,India
4406,@accenture.com,9,21.63,2,5,INDIA
4407,@accenture.com,26,6.28,9,5,uk
4408,,6,20.29,6,6,India
4409,@gmail.com,0,1.13,4,4,united states
4410,@gmail.com,6,6.12,2,7,GERMANY
4411,@yahoo.com,19,21.76,9,5,UK
4412,@gmail.com,8,,2,7,uk
4413,@gmail.com,3,5.76,4,5,India
4414,@gmail.com,4,48.4,3,5,united states
4415,@meta.com,6,4.79,0,3,
4416,@microsoft.com,21,16.18,6,6,uk
4417,@gmail.com,5,31.67,3,6,USA
4418,@uber.com,8,12.02,4,5,united states
4419,@gmail.com,10,7.98,4,3,united states
4420,@gmail.com,3,3.56,3,4,USA
4421,@meta.com,13,3.28,9,3,uk
4422,@microsoft.com,13,2.6,9,0,INDIA
4423,@meta.com,10,8.78,2,3,uk
4424,@gmail.com,10,11.91,5,1,India
4425,@accenture.com,14,27.4,15,3,uk
4426,@microsoft.com,12,3.68,6,6,
4427,@microsoft.com,11,21.11,12,5,UK
4428,@microsoft.com,10,17.77,4,4,uk
4429,@accenture.com,17,15.1,6,7,India
4430,@microsoft.com,14,6.22,12,4,uk
4431,@microsoft.com,17,5.74,9,5,uk
4432,,23,21.34,9,7,usa
4433,@meta.com,10,4.81,2,4,India
4434,@yahoo.com,7,6.0,6,5,India
4435,@uber.com,26,50.37,15,3,USA
4436,@gmail.com,7,97.18,4,10,uk
4437,@gmail.com,8,0.03,2,4,
4438,@microsoft.com,6,17.41,6,4,India
4439,@netflix.com,9,11.5,3,9,USA
4440,@netflix.com,15,9.25,6,2,
4441,@gmail.com,4,4.84,2,5,
4442,@yahoo.com,13,10.61,9,2,
4443,@gmail.com,5,9.15,1,10,GERMANY
4444,,6,7.7,3,4,
4445,,14,28.44,9,5,uk
4446,@microsoft.com,3,4.73,0,3,India
4447,@accenture.com,13,13.65,9,5,
4448,@uber.com,8,29.95,1,7,USA
4449,@microsoft.com,3,57.95,3,8,GERMANY
4450,@gmail.com,3,13.85,2,4,UK
4451,@yahoo.com,8,11.01,1,11,uk
4452,@uber.com,19,27.54,9,2,GERMANY
4453,@uber.com,9,3.13,2,1,UK
4454,@gmail.com,7,14.91,3,3,India
4455,@netflix.com,3,0.99,2,6,USA
4456,@gmail.com,5,16.18,2,6,uk
4457,@yahoo.com,10,23.83,2,4,uk
4458,@uber.com,2,0.98,2,5,GERMANY
4459,@uber.com,14,28.3,0,1,uk
4460,@microsoft.com,11,1.97,3,5,INDIA
4461,@gmail.com,4,2.9,2,3,usa
4462,@gmail.com,4,27.16,3,5,usa
4463,@microsoft.com,3,2.0,4,3,usa
4464,@microsoft.com,9,16.81,1,8,USA
4465,@gmail.com,6,5.24,5,5,united states
4466,@uber.com,17,4.28,12,3,uk
4467,@yahoo.com,18,15.75,12,8,
4468,@uber.com,11,1.69,9,2,united states
4469,@accenture.com,26,,12,3,GERMANY
4470,@gmail.com,6,38.76,2,6,INDIA
4471,@gmail.com,8,28.6,5,2,GERMANY
4472,@meta.com,28,28.57,3,3,
4473,@microsoft.com,4,5.41,2,5,India
4474,@uber.com,9,18.12,2,2,
4475,@accenture.com,8,22.72,5,10,united states
4476,@accenture.com,17,34.75,12,4,India
4477,@unknown_typo,7,4.6,2,8,
4478,@yahoo.com,9,21.46,5,6,GERMANY
4479,@yahoo.com,10,3.96,4,8,uk
4480,@yahoo.com,16,0.42,6,2,
4481,@gmail.com,5,9.86,2,5,uk
4482,@microsoft.com,24,21.78,6,3,INDIA
4483,@gmail.com,7,3.62,4,6,usa
4484,@netflix.com,5,0.75,4,9,INDIA
4485,@microsoft.com,8,7.02,3,5,uk
4486,@microsoft.com,6,3.4,1,6,uk
4487,@gmail.com,4,7.22,4,5,INDIA
4488,@gmail.com,13,38.04,6,4,USA
4489,@gmail.com,6,20.43,1,5,usa
4490,@yahoo.com,14,7.0,0,9,uk
4491,@gmail.com,7,5.9,4,4,UK
4492,@microsoft.com,7,38.11,0,6,
4493,@netflix.com,15,32.95,12,6,UK
4494,@netflix.com,11,13.9,21,3,
4495,@uber.com,6,6.64,3,3,uk
4496,@gmail.com,4,23.58,0,7,INDIA
4497,@accenture.com,4,16.35,3,4,GERMANY
4498,@netflix.com,5,12.47,4,7,India
4499,@gmail.com,9,20.12,1,6,
4500,@meta.com,4,2.17,5,10,usa
4501,@gmail.com,6,39.92,3,3,usa
4502,@accenture.com,4,54.13,5,6,UK
4503,,6,6.56,8,6,USA
4504,@gmail.com,2,44.01,3,4,UK
4505,@netflix.com,6,23.83,3,1,GERMANY
4506,@microsoft.com,11,42.46,0,8,united states
4507,@unknown_typo,13,37.42,9,4,usa
4508,@yahoo.com,19,3.36,12,7,USA
4509,@accenture.com,4,4.52,1,3,UK
4510,@gmail.com,7,4.53,3,3,India
4511,@gmail.com,1,1.49,4,4,UK
4512,@gmail.com,3,7.6,2,6,GERMANY
4513,@unknown_typo,7,6.76,2,6,usa
4514,@accenture.com,18,6.32,9,7,INDIA
4515,@accenture.com,18,6.44,9,4,uk
4516,@netflix.com,5,0.96,1,6,INDIA
4517,@gmail.com,9,3.09,2,7,
4518,@gmail.com,4,5.26,8,2,
4519,@gmail.com,7,,6,5,UK
4520,@gmail.com,6,39.16,3,7,usa
4521,@gmail.com,10,5.04,3,4,India
4522,@yahoo.com,6,17.77,3,9,
4523,@gmail.com,9,28.52,1,2,India
4524,@gmail.com,3,10.58,6,2,usa
4525,@gmail.com,6,21.13,5,4,USA
4526,@gmail.com,5,55.86,3,5,united states
4527,@unknown_typo,3,2.65,2,5,UK
4528,@meta.com,12,1.1,6,5,
4529,@unknown_typo,17,15.33,6,3,
4530,@yahoo.com,8,10.65,2,3,united states
4531,@gmail.com,8,5.28,3,4,UK
4532,@meta.com,4,37.26,2,6,USA
4533,@gmail.com,13,28.05,15,3,GERMANY
4534,@gmail.com,5,4.61,3,4,UK
4535,@gmail.com,7,22.32,3,5,uk
4536,@gmail.com,3,26.44,6,4,united states
4537,@gmail.com,0,5.9,0,5,
4538,@gmail.com,7,1.57,0,4,INDIA
4539,@uber.com,12,28.5,21,3,united states
4540,@gmail.com,1,1.53,3,2,uk
4541,@gmail.com,3,9.77,4,6,GERMANY
4542,@accenture.com,6,3.24,2,3,united states
4543,@gmail.com,2,,2,10,usa
4544,@gmail.com,8,1.7,3,6,united states
4545,@accenture.com,13,1.86,9,6,USA
4546,@gmail.com,1,18.15,2,3,INDIA
4547,@gmail.com,8,3.45,8,5,GERMANY
4548,@yahoo.com,17,2.13,15,8,UK
4549,@gmail.com,11,,15,5,GERMANY
4550,@microsoft.com,9,13.59,1,3,usa
4551,@accenture.com,10,3.78,4,6,India
4552,@gmail.com,7,7.1,6,0,India
4553,@microsoft.com,17,28.43,9,5,united states
4554,@yahoo.com,17,2.9,6,2,united states
4555,@gmail.com,3,26.25,1,4,united states
4556,@microsoft.com,15,22.4,12,6,
4557,@gmail.com,8,26.68,3,5,UK
4558,@yahoo.com,10,,4,4,UK
4559,@gmail.com,2,9.59,4,4,India
4560,@yahoo.com,13,18.41,12,2,INDIA
4561,@gmail.com,4,0.57,3,1,UK
4562,@accenture.com,13,16.35,24,6,GERMANY
4563,@gmail.com,8,1.92,1,9,uk
4564,@yahoo.com,8,5.1,2,7,India
4565,@yahoo.com,20,24.89,15,5,united states
4566,@uber.com,8,15.13,3,4,GERMANY
4567,@microsoft.com,14,14.59,9,3,united states
4568,@uber.com,21,3.86,9,5,usa
4569,@meta.com,10,16.53,2,4,usa
4570,@accenture.com,8,2.12,3,7,usa
4571,@gmail.com,7,50.2,0,6,USA
4572,@yahoo.com,12,4.37,9,7,INDIA
4573,@accenture.com,18,26.3,18,4,India
4574,,15,37.91,9,2,UK
4575,@netflix.com,12,2.83,12,5,India
4576,@gmail.com,7,0.15,5,4,India
4577,@gmail.com,4,31.11,4,6,usa
4578,@yahoo.com,9,21.66,2,4,uk
4579,@meta.com,8,2.51,6,2,UK
4580,@yahoo.com,11,26.61,6,6,India
4581,@yahoo.com,22,24.95,12,5,India
4582,@accenture.com,6,,0,5,GERMANY
4583,@gmail.com,7,44.01,4,2,usa
4584,@accenture.com,10,13.09,7,6,INDIA
4585,@yahoo.com,13,8.77,9,6,
4586,@gmail.com,7,0.2,2,5,united states
4587,@yahoo.com,23,,3,9,INDIA
4588,@meta.com,13,2.06,12,3,uk
4589,@gmail.com,6,5.27,4,2,
4590,@gmail.com,4,19.61,3,3,GERMANY
4591,@unknown_typo,0,0.08,2,5,uk
4592,@gmail.com,2,11.73,3,5,INDIA
4593,@microsoft.com,9,2.6,2,7,GERMANY
4594,@microsoft.com,6,0.34,4,6,INDIA
4595,@yahoo.com,6,15.39,2,9,GERMANY
4596,@microsoft.com,9,13.86,5,2,GERMANY
4597,@gmail.com,4,19.88,3,6,UK
4598,@microsoft.com,11,14.44,15,2,UK
4599,@gmail.com,1,8.75,3,5,India
4600,@uber.com,22,9.77,9,5,GERMANY
4601,@gmail.com,5,3.73,1,6,usa
4602,@microsoft.com,6,1.31,3,2,usa
4603,@gmail.com,9,29.58,3,7,united states
4604,@gmail.com,1,17.63,6,5,uk
4605,@gmail.com,6,1.97,3,6,united states
4606,@gmail.com,4,4.6,6,4,usa
4607,@accenture.com,4,29.84,3,4,uk
4608,@gmail.com,7,48.22,6,8,
4609,@netflix.com,11,23.49,9,3,India
4610,@unknown_typo,16,12.66,3,4,
4611,@microsoft.com,8,30.51,6,7,India
4612,@gmail.com,6,,3,4,India
4613,@gmail.com,6,18.03,3,7,India
4614,@meta.com,12,26.31,3,6,united states
4615,@gmail.com,2,6.55,5,3,UK
4616,@gmail.com,10,23.02,3,7,united states
4617,@microsoft.com,3,3.48,2,3,uk
4618,@accenture.com,7,3.24,1,2,India
4619,@meta.com,9,25.02,2,7,
4620,@gmail.com,4,12.44,1,4,
4621,@uber.com,8,,2,5,uk
4622,@gmail.com,3,11.12,2,2,INDIA
4623,@gmail.com,10,57.2,6,3,usa
4624,@accenture.com,8,33.69,5,5,INDIA
4625,@gmail.com,2,10.63,1,4,INDIA
4626,@gmail.com,3,11.88,3,8,India
4627,@gmail.com,12,14.29,9,5,uk
4628,@accenture.com,14,23.47,15,6,usa
4629,@meta.com,4,31.05,5,7,GERMANY
4630,@microsoft.com,8,2.38,5,8,uk
4631,@meta.com,15,14.84,12,3,India
4632,@gmail.com,2,3.87,5,6,GERMANY
4633,@yahoo.com,11,14.58,3,9,
4634,@gmail.com,7,2.82,2,3,UK
4635,@gmail.com,4,24.75,2,4,USA
4636,@yahoo.com,19,16.22,12,8,USA
4637,@netflix.com,7,30.15,4,4,INDIA
4638,@gmail.com,5,43.35,4,4,
4639,@gmail.com,2,40.75,4,3,
4640,@gmail.com,7,2.35,5,3,INDIA
4641,@gmail.com,5,7.09,5,3,usa
4642,@netflix.com,16,9.9,3,2,UK
4643,@yahoo.com,17,23.33,3,2,usa
4644,@yahoo.com,7,0.22,1,7,united states
4645,@meta.com,16,38.94,3,7,usa
4646,@gmail.com,12,7.84,6,4,INDIA
4647,@yahoo.com,9,14.96,1,13,
4648,@yahoo.com,8,59.15,4,5,GERMANY
4649,@microsoft.com,12,32.14,15,6,united states
4650,,8,6.75,4,8,India
4651,@meta.com,14,9.94,3,7,UK
4652,@gmail.com,5,22.04,0,4,GERMANY
4653,@accenture.com,11,20.41,9,3,INDIA
4654,@gmail.com,3,18.3,3,6,UK
4655,@gmail.com,2,0.16,2,4,INDIA
4656,@gmail.com,2,3.33,1,7,India
4657,@gmail.com,10,3.76,3,5,UK
4658,@yahoo.com,14,4.33,9,7,India
4659,@microsoft.com,7,1.52,3,3,GERMANY
4660,@netflix.com,8,24.65,4,3,
4661,@yahoo.com,5,6.26,4,10,uk
4662,@yahoo.com,11,22.41,3,3,uk
4663,@gmail.com,4,40.22,4,5,UK
4664,@gmail.com,2,5.63,1,3,INDIA
4665,@microsoft.com,10,9.07,2,3,UK
4666,@yahoo.com,9,1.37,4,4,INDIA
4667,@accenture.com,14,5.24,12,7,USA
4668,@gmail.com,3,11.85,4,4,INDIA
4669,@gmail.com,6,2.98,3,4,uk
4670,@yahoo.com,8,11.55,4,3,uk
4671,@gmail.com,3,5.63,3,4,UK
4672,@gmail.com,3,69.15,1,6,USA
4673,@uber.com,6,7.07,3,5,USA
4674,@gmail.com,8,0.6,1,7,USA
4675,@microsoft.com,6,9.61,3,4,UK
4676,@gmail.com,10,6.1,5,6,united states
4677,@gmail.com,10,6.93,3,3,uk
4678,@gmail.com,3,6.94,4,4,united states
4679,@accenture.com,14,31.95,9,3,INDIA
4680,@gmail.com,4,10.35,1,2,usa
4681,@meta.com,13,4.37,3,8,uk
4682,@gmail.com,9,23.59,1,7,united states
4683,@meta.com,12,8.79,12,3,USA
4684,@gmail.com,1,2.36,1,11,united states
4685,@uber.com,6,97.52,4,7,uk
4686,@microsoft.com,11,0.42,0,5,India
4687,@netflix.com,19,18.53,9,5,USA
4688,@gmail.com,11,28.21,18,8,uk
4689,@gmail.com,7,,4,3,united states
4690,@gmail.com,6,2.57,1,4,
4691,@accenture.com,25,8.61,3,3,
4692,@yahoo.com,22,9.88,9,3,India
4693,@meta.com,29,,6,2,usa
4694,@gmail.com,6,0.29,7,4,
4695,@gmail.com,4,,2,3,united states
4696,@gmail.com,8,24.48,2,3,united states
4697,@unknown_typo,16,14.43,6,3,usa
4698,@uber.com,8,14.91,5,6,USA
4699,@netflix.com,9,31.23,4,7,uk
4700,@gmail.com,4,12.49,2,4,usa
4701,@microsoft.com,14,32.0,15,6,INDIA
4702,@uber.com,11,3.54,15,6,GERMANY
4703,@gmail.com,4,10.89,1,5,UK
4704,@accenture.com,11,0.51,15,8,united states
4705,@netflix.com,12,24.41,12,1,India
4706,@netflix.com,6,22.53,1,6,USA
4707,@meta.com,7,11.62,2,4,UK
4708,@gmail.com,3,7.56,1,6,INDIA
4709,@gmail.com,5,6.93,4,1,USA
4710,@unknown_typo,23,3.37,12,4,GERMANY
4711,@gmail.com,4,8.38,1,7,India
4712,@uber.com,32,5.43,12,2,India
4713,@uber.com,18,12.93,6,2,INDIA
4714,@microsoft.com,16,23.16,3,6,usa
4715,,14,17.77,12,2,usa
4716,@gmail.com,7,10.82,2,4,united states
4717,@gmail.com,1,44.52,4,3,India
4718,@gmail.com,5,3.3,1,5,UK
4719,@yahoo.com,5,15.32,2,5,GERMANY
4720,@gmail.com,2,1.38,2,9,USA
4721,@gmail.com,2,16.77,2,8,
4722,@accenture.com,10,19.38,4,7,USA
4723,@netflix.com,11,22.89,6,5,
4724,@gmail.com,6,16.35,2,6,united states
4725,@gmail.com,5,1.96,6,5,GERMANY
4726,@netflix.com,8,0.68,3,6,UK
4727,@gmail.com,7,18.79,1,4,UK
4728,@gmail.com,2,24.01,2,2,GERMANY
4729,@gmail.com,4,0.5,2,7,UK
4730,@microsoft.com,30,,3,9,USA
4731,@gmail.com,1,23.43,1,7,usa
4732,@unknown_typo,18,51.55,21,6,India
4733,@yahoo.com,12,11.03,9,2,united states
4734,@yahoo.com,16,,12,2,USA
4735,@gmail.com,3,5.81,5,7,USA
4736,@yahoo.com,10,22.81,2,3,INDIA
4737,@uber.com,12,11.75,6,6,usa
4738,@meta.com,3,0.89,5,7,India
4739,@meta.com,12,5.53,6,1,UK
4740,@microsoft.com,12,20.96,24,4,UK
4741,@netflix.com,19,5.91,3,6,UK
4742,@accenture.com,4,8.49,2,9,India
4743,@meta.com,3,35.32,0,3,
4744,@gmail.com,6,62.64,2,4,united states
4745,@gmail.com,6,21.23,2,3,USA
4746,@gmail.com,5,4.12,4,6,India
4747,@uber.com,12,4.18,15,5,INDIA
4748,@yahoo.com,11,5.44,12,12,UK
4749,@yahoo.com,11,2.63,0,3,uk
4750,@netflix.com,13,2.96,12,7,united states
4751,@netflix.com,13,4.44,12,3,USA
4752,@netflix.com,16,16.18,9,8,
4753,@gmail.com,4,14.22,1,2,INDIA
4754,@uber.com,9,6.25,2,6,GERMANY
4755,@gmail.com,1,3.28,3,4,INDIA
4756,@gmail.com,14,14.67,6,8,USA
4757,@gmail.com,10,2.1,1,4,UK
4758,@gmail.com,7,2.37,6,2,usa
4759,@yahoo.com,18,7.25,3,3,united states
4760,@accenture.com,11,12.57,9,3,uk
4761,@gmail.com,2,19.55,2,5,INDIA
4762,@meta.com,10,17.42,1,5,India
4763,@yahoo.com,9,7.13,5,4,usa
4764,@gmail.com,8,15.95,3,5,uk
4765,@yahoo.com,11,3.56,6,4,USA
4766,@gmail.com,6,10.21,2,8,
4767,@microsoft.com,4,14.33,0,4,India
4768,@yahoo.com,8,20.46,3,10,GERMANY
4769,@gmail.com,11,1.24,15,3,GERMANY
4770,@gmail.com,8,1.6,4,6,GERMANY
4771,@yahoo.com,7,1.15,1,3,usa
4772,@netflix.com,12,11.86,9,9,uk
4773,@gmail.com,7,12.66,3,2,UK
4774,@meta.com,17,0.17,9,4,GERMANY
4775,@uber.com,15,16.04,9,6,
4776,@netflix.com,14,21.62,6,3,INDIA
4777,@accenture.com,7,1.86,4,1,united states
4778,@microsoft.com,11,,0,5,UK
4779,@uber.com,22,28.45,9,2,INDIA
4780,@netflix.com,8,17.43,1,5,
4781,@gmail.com,2,5.45,4,7,GERMANY
4782,@gmail.com,6,20.34,7,5,usa
4783,@gmail.com,4,32.74,5,7,India
4784,@accenture.com,35,5.55,15,2,UK
4785,@accenture.com,6,,0,3,UK
4786,@gmail.com,4,1.47,6,6,uk
4787,@microsoft.com,11,0.91,3,9,GERMANY
4788,@yahoo.com,11,13.24,3,4,usa
4789,@gmail.com,4,10.17,5,5,united states
4790,,17,24.92,3,9,India
4791,@gmail.com,10,22.73,2,3,GERMANY
4792,@gmail.com,8,5.07,2,11,UK
4793,@microsoft.com,3,10.77,1,5,UK
4794,@meta.com,17,21.15,12,11,USA
4795,@gmail.com,4,4.74,4,13,usa
4796,@uber.com,5,6.74,3,7,
4797,@yahoo.com,20,0.93,12,4,USA
4798,@gmail.com,5,2.1,2,5,UK
4799,@gmail.com,8,14.13,3,8,GERMANY
4800,@microsoft.com,5,10.3,4,4,united states
4801,@gmail.com,2,2.77,4,6,
4802,@netflix.com,11,0.11,3,1,united states
4803,@accenture.com,14,2.78,12,8,India
4804,,5,20.77,2,4,USA
4805,@gmail.com,4,1.48,2,4,GERMANY
4806,@unknown_typo,5,,1,3,united states
4807,@yahoo.com,8,4.09,1,3,usa
4808,@gmail.com,10,11.96,5,4,GERMANY
4809,@gmail.com,7,10.75,3,6,India
4810,@gmail.com,0,61.08,3,6,united states
4811,@uber.com,19,22.23,3,7,USA
4812,@yahoo.com,8,,9,5,USA
4813,@gmail.com,2,12.94,3,2,
4814,@microsoft.com,12,20.08,12,5,usa
4815,@gmail.com,9,33.82,2,5,USA
4816,@microsoft.com,17,0.63,15,8,united states
4817,@gmail.com,3,37.06,4,7,
4818,@accenture.com,4,3.57,2,9,uk
4819,@accenture.com,14,18.31,6,2,India
4820,@yahoo.com,5,22.26,5,5,uk
4821,@gmail.com,8,1.74,3,8,
4822,@gmail.com,3,45.9,2,4,united states
4823,@accenture.com,6,39.17,3,4,usa
4824,@gmail.com,2,15.94,5,5,
4825,@gmail.com,9,2.53,4,6,
4826,@gmail.com,5,12.52,3,5,uk
4827,@yahoo.com,15,6.33,3,6,united states
4828,@yahoo.com,16,40.05,9,5,India
4829,@accenture.com,2,7.83,3,5,uk
4830,@gmail.com,2,17.75,0,7,UK
4831,@gmail.com,13,15.2,6,9,uk
4832,@accenture.com,7,4.74,6,7,uk
4833,@accenture.com,19,11.5,9,3,usa
4834,@gmail.com,7,7.91,3,5,united states
4835,@yahoo.com,16,7.04,6,7,INDIA
4836,@gmail.com,0,29.93,4,10,UK
4837,@netflix.com,3,2.26,0,6,united states
4838,@gmail.com,5,7.92,6,9,USA
4839,@netflix.com,3,0.1,4,3,united states
4840,@uber.com,4,4.55,2,8,India
4841,@yahoo.com,12,,15,4,UK
4842,@gmail.com,4,1.37,4,7,INDIA
4843,@yahoo.com,7,,3,0,
4844,@yahoo.com,9,31.83,4,5,GERMANY
4845,@gmail.com,3,17.66,6,4,USA
4846,@uber.com,3,1.09,0,2,usa
4847,@unknown_typo,14,,15,6,USA
4848,@microsoft.com,7,43.54,3,1,
4849,@uber.com,18,,6,4,USA
4850,@gmail.com,6,38.24,2,1,uk
4851,@yahoo.com,16,11.98,9,8,uk
4852,@gmail.com,3,39.76,0,7,
4853,@microsoft.com,9,,5,6,usa
4854,@netflix.com,17,17.74,12,5,INDIA
4855,@uber.com,10,5.16,3,10,united states
4856,@gmail.com,5,38.79,3,5,USA
4857,@gmail.com,8,12.78,2,3,USA
4858,@microsoft.com,16,6.27,3,4,
4859,@yahoo.com,8,9.24,1,5,USA
4860,@accenture.com,18,7.82,0,5,GERMANY
4861,@accenture.com,9,41.07,2,6,India
4862,@microsoft.com,3,25.71,4,2,USA
4863,@gmail.com,9,0.48,2,7,USA
4864,@gmail.com,5,0.15,4,8,India
4865,@gmail.com,4,1.08,4,3,GERMANY
4866,@gmail.com,4,14.14,2,5,USA
4867,@yahoo.com,5,25.27,2,6,UK
4868,@uber.com,24,10.85,3,4,usa
4869,@uber.com,20,11.48,24,4,USA
4870,@gmail.com,2,4.12,3,5,uk
4871,@gmail.com,3,9.22,3,5,usa
4872,@gmail.com,5,4.45,3,6,India
4873,@gmail.com,5,4.8,1,6,INDIA
4874,@accenture.com,10,7.44,1,4,united states
4875,@gmail.com,5,0.73,1,9,INDIA
4876,@yahoo.com,6,46.5,6,6,GERMANY
4877,@gmail.com,3,36.85,2,7,UK
4878,@accenture.com,13,23.86,15,2,India
4879,@microsoft.com,8,12.61,3,5,UK
4880,@gmail.com,4,25.15,1,6,uk
4881,@yahoo.com,15,54.82,15,4,usa
4882,@meta.com,7,5.0,1,2,USA
4883,@unknown_typo,12,6.79,12,6,united states
4884,@gmail.com,12,19.59,9,4,united states
4885,@netflix.com,1,15.44,4,3,USA
4886,@netflix.com,8,26.13,6,5,uk
4887,@netflix.com,3,6.39,3,6,GERMANY
4888,@microsoft.com,5,5.58,2,6,INDIA
4889,@microsoft.com,21,13.21,12,6,
4890,@yahoo.com,19,2.36,12,10,INDIA
4891,@meta.com,16,0.61,9,6,usa
4892,@yahoo.com,17,4.2,6,7,UK
4893,@uber.com,7,2.59,3,4,UK
4894,@yahoo.com,10,0.1,3,5,USA
4895,@meta.com,11,22.58,9,2,united states
4896,@accenture.com,7,11.75,5,5,UK
4897,@gmail.com,5,16.58,3,2,
4898,@accenture.com,20,2.67,12,4,India
4899,@yahoo.com,13,4.45,18,10,USA
4900,@accenture.com,10,0.93,3,5,usa
4901,@yahoo.com,13,89.72,6,4,GERMANY
4902,@gmail.com,6,1.63,2,3,USA
4903,@netflix.com,12,1.42,6,6,USA
4904,@gmail.com,5,14.29,3,7,united states
4905,@accenture.com,16,6.05,15,4,UK
4906,@yahoo.com,5,32.78,6,5,united states
4907,@yahoo.com,10,26.71,1,10,USA
4908,@gmail.com,7,30.39,3,9,usa
4909,@microsoft.com,7,19.93,0,7,GERMANY
4910,@gmail.com,2,2.12,5,6,usa
4911,@gmail.com,4,0.99,7,8,India
4912,@gmail.com,8,1.0,4,4,usa
4913,@gmail.com,5,24.28,1,5,GERMANY
4914,@unknown_typo,13,16.06,15,3,uk
4915,@unknown_typo,18,59.44,6,4,INDIA
4916,@gmail.com,8,15.47,3,3,UK
4917,@uber.com,8,4.3,4,7,GERMANY
4918,@gmail.com,6,1.41,2,3,united states
4919,@uber.com,12,6.83,12,6,USA
4920,@accenture.com,11,3.34,0,4,UK
4921,@netflix.com,6,14.85,4,6,
4922,@yahoo.com,10,1.51,2,6,uk
4923,@meta.com,19,22.21,12,9,united states
4924,@gmail.com,5,17.89,1,2,united states
4925,,27,20.0,15,6,INDIA
4926,@gmail.com,4,50.49,4,7,GERMANY
4927,@microsoft.com,9,15.77,2,4,India
4928,@uber.com,14,23.31,12,5,uk
4929,@uber.com,6,1.34,1,5,united states
4930,@gmail.com,9,42.99,3,2,GERMANY
4931,@netflix.com,16,3.7,15,8,uk
4932,@gmail.com,14,,9,3,uk
4933,@microsoft.com,5,47.23,4,7,usa
4934,@gmail.com,6,2.97,4,4,India
4935,@gmail.com,2,0.54,4,4,UK
4936,@yahoo.com,16,5.29,12,1,GERMANY
4937,@yahoo.com,20,2.55,6,5,UK
4938,@gmail.com,5,16.54,2,4,INDIA
4939,@gmail.com,7,4.89,3,8,usa
4940,@yahoo.com,7,0.97,2,2,usa
4941,@meta.com,21,33.53,3,4,united states
4942,@netflix.com,11,0.76,3,8,UK
4943,@gmail.com,3,4.75,1,4,united states
4944,@gmail.com,8,,2,5,uk
4945,@gmail.com,16,,21,5,united states
4946,@gmail.com,4,2.71,1,8,India
4947,@uber.com,24,25.3,9,6,GERMANY
4948,@microsoft.com,17,0.57,15,2,India
4949,@gmail.com,5,0.35,2,6,usa
4950,@gmail.com,0,15.08,6,2,UK
4951,@gmail.com,3,1.4,2,5,usa
4952,@accenture.com,6,6.97,6,2,GERMANY
4953,@unknown_typo,13,0.03,6,2,India
4954,@gmail.com,3,6.75,1,6,UK
4955,@gmail.com,8,5.74,2,4,uk
4956,@accenture.com,9,14.23,4,2,India
4957,@netflix.com,13,10.37,9,5,
4958,@yahoo.com,19,17.02,18,4,UK
4959,@gmail.com,2,41.2,5,5,USA
4960,@gmail.com,10,23.78,1,4,usa
4961,@microsoft.com,28,40.67,15,2,GERMANY
4962,@gmail.com,4,0.84,5,7,united states
4963,@gmail.com,3,,4,4,GERMANY
4964,@microsoft.com,5,5.83,4,6,GERMANY
4965,@gmail.com,9,4.86,3,8,usa
4966,@meta.com,15,7.75,12,7,India
4967,@gmail.com,1,22.94,2,6,
4968,@gmail.com,3,46.28,2,7,GERMANY
4969,@microsoft.com,13,12.12,12,5,INDIA
4970,@gmail.com,5,2.52,3,4,UK
4971,@unknown_typo,10,3.61,6,5,USA
4972,@yahoo.com,10,7.8,3,2,India
4973,@gmail.com,5,6.83,3,5,uk
4974,@uber.com,9,4.08,5,5,usa
4975,@gmail.com,8,28.48,3,3,UK
4976,@netflix.com,13,4.93,6,6,united states
4977,@gmail.com,8,13.48,3,6,India
4978,@yahoo.com,7,9.79,5,7,INDIA
4979,@gmail.com,10,38.55,4,7,usa
4980,@yahoo.com,14,14.87,6,2,USA
4981,@accenture.com,13,6.05,15,6,united states
4982,@accenture.com,10,15.27,2,4,GERMANY
4983,@gmail.com,4,5.76,9,1,INDIA
4984,@gmail.com,3,1.43,3,10,INDIA
4985,@accenture.com,10,9.96,4,4,GERMANY
4986,@netflix.com,7,29.51,4,5,UK
4987,@gmail.com,7,35.98,1,10,
4988,@yahoo.com,13,11.77,3,4,USA
4989,@gmail.com,4,18.04,0,8,uk
4990,@accenture.com,14,14.15,18,6,united states
4991,@gmail.com,1,24.98,6,5,
4992,@gmail.com,3,1.63,4,5,usa
4993,@meta.com,11,,3,5,uk
4994,@gmail.com,6,4.38,4,8,USA
4995,@yahoo.com,18,0.1,6,6,GERMANY
4996,@yahoo.com,4,26.57,5,1,India
4997,@gmail.com,4,2.16,2,5,USA
4998,@gmail.com,12,5.86,6,6,usa
4999,@yahoo.com,9,30.25,0,5,India
5000,@gmail.com,4,19.17,4,4,
5001,@microsoft.com,6,12.58,0,9,GERMANY
5002,@accenture.com,16,5.57,3,7,usa
5003,@meta.com,6,10.86,4,3,INDIA
5004,@gmail.com,0,0.87,5,2,
5005,@gmail.com,4,19.49,3,9,usa
5006,@gmail.com,7,4.06,4,5,usa
5007,@gmail.com,4,9.79,1,6,INDIA
5008,@yahoo.com,14,1.49,6,2,India
5009,@uber.com,9,18.61,4,5,INDIA
5010,@gmail.com,1,33.93,3,4,uk
5011,@gmail.com,7,9.13,1,8,INDIA
5012,@gmail.com,5,1.3,3,8,GERMANY
5013,@uber.com,2,43.53,4,5,UK
5014,@gmail.com,12,8.89,3,5,USA
5015,@microsoft.com,12,1.26,6,7,GERMANY
5016,@gmail.com,4,3.13,2,6,UK
5017,@netflix.com,12,1.91,6,3,GERMANY
5018,@netflix.com,12,3.3,15,3,India
5019,@gmail.com,7,2.54,3,3,UK
5020,@gmail.com,7,38.44,1,1,uk
5021,@yahoo.com,11,3.52,9,8,India
5022,@gmail.com,6,8.75,3,4,uk
5023,@uber.com,12,19.63,9,6,
5024,@accenture.com,13,16.95,9,5,uk
5025,@uber.com,14,47.01,6,1,UK
5026,@accenture.com,3,50.73,2,1,usa
5027,@gmail.com,8,12.68,1,3,INDIA
5028,@gmail.com,5,20.93,4,5,India
5029,@meta.com,20,7.32,12,3,GERMANY
5030,@gmail.com,7,8.41,1,5,GERMANY
5031,@uber.com,5,1.65,5,8,
5032,@gmail.com,5,16.79,0,5,uk
5033,@gmail.com,3,4.73,2,4,INDIA
5034,,0,1.25,4,6,uk
5035,@gmail.com,0,1.55,2,4,usa
5036,,13,19.22,9,4,united states
5037,@unknown_typo,7,3.9,8,4,
5038,@meta.com,12,,3,2,usa
5039,@uber.com,8,35.45,3,5,India
5040,@microsoft.com,19,6.25,3,2,
5041,@accenture.com,6,23.69,2,4,India
5042,@gmail.com,5,8.4,2,5,
5043,@yahoo.com,12,22.19,3,4,USA
5044,@microsoft.com,21,5.49,12,3,united states
5045,@yahoo.com,21,40.21,9,5,uk
5046,@yahoo.com,7,,2,6,INDIA
5047,@gmail.com,3,7.32,5,7,India
5048,@microsoft.com,30,3.33,9,1,GERMANY
5049,@accenture.com,13,17.34,9,1,INDIA
5050,@gmail.com,9,13.14,2,6,India
5051,@netflix.com,2,71.46,2,5,INDIA
5052,@uber.com,6,25.04,1,3,usa
5053,@accenture.com,14,27.04,3,4,INDIA
5054,@microsoft.com,10,19.45,2,6,UK
5055,@meta.com,12,6.48,3,8,GERMANY
5056,@gmail.com,6,41.2,3,8,INDIA
5057,@accenture.com,19,9.4,6,2,India
5058,@gmail.com,5,7.65,4,4,India
5059,@netflix.com,14,3.24,12,5,India
5060,,10,5.44,2,5,UK
5061,@gmail.com,3,,3,4,India
5062,@gmail.com,4,16.18,2,2,uk
5063,@meta.com,5,13.95,2,5,
5064,@gmail.com,4,7.74,4,6,India
5065,@accenture.com,11,51.22,24,2,usa
5066,@gmail.com,5,17.72,1,4,GERMANY
5067,@gmail.com,3,4.17,3,2,uk
5068,@unknown_typo,17,7.14,21,7,
5069,@uber.com,3,10.88,3,7,India
5070,@accenture.com,13,11.82,9,4,uk
5071,@gmail.com,5,4.84,6,5,usa
5072,@uber.com,11,4.3,9,10,united states
5073,@microsoft.com,9,5.34,3,6,GERMANY
5074,@microsoft.com,6,49.6,1,3,
5075,@uber.com,6,6.68,3,7,INDIA
5076,@microsoft.com,17,7.03,3,8,UK
5077,@yahoo.com,16,19.11,3,5,uk
5078,@gmail.com,4,2.66,1,6,India
5079,@meta.com,19,15.46,15,8,USA
5080,@gmail.com,7,16.46,3,8,USA
5081,@uber.com,9,1.0,4,3,uk
5082,@gmail.com,1,3.16,1,6,usa
5083,@microsoft.com,8,9.42,4,5,USA
5084,@meta.com,2,27.07,3,6,USA
5085,@gmail.com,5,19.77,1,7,united states
5086,@gmail.com,5,31.01,3,5,USA
5087,@gmail.com,7,28.56,2,6,united states
5088,@microsoft.com,5,10.75,5,1,India
5089,@accenture.com,3,14.6,10,6,GERMANY
5090,@gmail.com,6,38.04,3,5,UK
5091,@meta.com,8,20.27,2,2,India
5092,@gmail.com,3,6.64,4,4,USA
5093,@yahoo.com,7,,4,7,India
5094,@netflix.com,14,6.85,6,7,UK
5095,@gmail.com,3,10.25,1,5,united states
5096,@yahoo.com,13,6.75,15,7,UK
5097,@gmail.com,14,3.11,6,2,uk
5098,@gmail.com,3,13.56,5,5,united states
5099,@gmail.com,1,30.51,5,3,usa
5100,@gmail.com,6,10.18,2,1,UK
5101,@microsoft.com,8,3.71,3,8,
5102,@yahoo.com,6,25.15,3,8,INDIA
5103,@yahoo.com,20,21.14,6,4,India
5104,@gmail.com,7,18.07,7,7,uk
5105,@gmail.com,4,16.85,4,2,India
5106,@uber.com,4,22.87,1,3,united states
5107,@unknown_typo,5,26.6,2,7,UK
5108,@gmail.com,5,,1,7,USA
5109,@netflix.com,4,14.12,3,9,GERMANY
5110,@microsoft.com,5,7.5,4,7,united states
5111,@microsoft.com,7,1.41,3,6,India
5112,@yahoo.com,6,19.22,4,3,India
5113,@gmail.com,10,2.28,1,10,united states
5114,@gmail.com,13,30.43,6,6,INDIA
5115,@microsoft.com,19,7.81,6,6,INDIA
5116,@gmail.com,3,31.33,6,6,GERMANY
5117,@netflix.com,19,10.96,6,8,USA
5118,@yahoo.com,15,9.06,3,4,USA
5119,@gmail.com,8,6.78,2,1,united states
5120,@uber.com,16,0.95,9,8,UK
5121,@gmail.com,7,0.17,1,7,INDIA
5122,@yahoo.com,14,10.66,9,6,INDIA
5123,@uber.com,3,34.71,4,4,GERMANY
5124,@netflix.com,13,13.23,9,5,united states
5125,@meta.com,5,29.75,4,1,INDIA
5126,@uber.com,9,124.67,2,2,usa
5127,@uber.com,10,2.95,0,8,GERMANY
5128,@netflix.com,16,16.16,3,13,
5129,@gmail.com,11,8.09,12,3,INDIA
5130,@gmail.com,9,3.51,4,3,usa
5131,@gmail.com,3,4.13,1,2,
5132,@gmail.com,7,4.21,2,5,uk
5133,@uber.com,4,19.62,1,8,INDIA
5134,@microsoft.com,9,6.58,7,9,INDIA
5135,@microsoft.com,13,4.43,3,4,INDIA
5136,@gmail.com,3,32.57,2,4,GERMANY
5137,@uber.com,15,0.52,9,10,GERMANY
5138,@gmail.com,5,19.96,4,7,
5139,@uber.com,14,48.49,9,3,usa
5140,@microsoft.com,9,14.74,3,2,USA
5141,@gmail.com,3,11.92,4,3,uk
5142,@gmail.com,3,0.95,2,3,uk
5143,@gmail.com,2,10.49,6,8,India
5144,@accenture.com,17,,3,6,UK
5145,@netflix.com,21,22.58,9,6,united states
5146,@microsoft.com,4,25.05,0,6,united states
5147,@gmail.com,4,2.75,3,8,USA
5148,@yahoo.com,22,11.08,12,3,
5149,@uber.com,24,29.49,12,4,usa
5150,@meta.com,7,14.69,3,2,UK
5151,@gmail.com,11,9.84,0,4,
5152,@gmail.com,3,34.25,3,5,uk
5153,@uber.com,14,50.94,12,8,united states
5154,@gmail.com,3,4.02,3,6,UK
5155,@gmail.com,12,3.03,9,3,
5156,@gmail.com,6,30.02,2,3,UK
5157,@yahoo.com,5,4.17,2,5,INDIA
5158,@accenture.com,9,28.24,0,4,united states
5159,@unknown_typo,8,5.38,4,6,
5160,@microsoft.com,13,0.29,3,5,united states
5161,@yahoo.com,11,8.22,6,5,INDIA
5162,@gmail.com,4,0.62,2,11,GERMANY
5163,@yahoo.com,12,,9,3,united states
5164,@gmail.com,4,9.79,2,3,India
5165,@microsoft.com,8,0.59,5,7,usa
5166,@gmail.com,9,0.51,5,5,India
5167,@gmail.com,2,2.53,2,2,GERMANY
5168,@gmail.com,15,9.32,15,6,UK
5169,@gmail.com,4,,7,3,united states
5170,@gmail.com,2,1.47,4,8,India
5171,@gmail.com,7,14.59,3,3,INDIA
5172,,12,10.31,12,7,India
5173,@yahoo.com,14,0.93,3,11,India
5174,@yahoo.com,7,0.52,7,3,USA
5175,@accenture.com,16,,27,0,India
5176,,5,,3,6,
5177,@microsoft.com,12,49.21,12,5,
5178,@accenture.com,13,12.18,15,5,UK
5179,@gmail.com,7,0.7,4,3,INDIA
5180,@gmail.com,8,4.48,2,5,USA
5181,@yahoo.com,5,42.79,3,5,USA
5182,@uber.com,7,0.19,2,3,India
5183,@uber.com,10,13.83,1,6,UK
5184,@gmail.com,2,2.96,3,3,GERMANY
5185,@gmail.com,8,1.03,0,11,uk
5186,@microsoft.com,4,4.4,4,4,uk
5187,@gmail.com,5,41.47,4,4,
5188,@microsoft.com,6,21.52,5,8,USA
5189,@uber.com,10,2.82,4,6,UK
5190,@uber.com,18,1.02,18,8,united states
5191,@meta.com,8,10.19,5,5,uk
5192,@accenture.com,1,,4,4,GERMANY
5193,@yahoo.com,10,7.76,5,3,USA
5194,@meta.com,4,24.16,5,6,united states
5195,@microsoft.com,8,10.42,2,4,usa
5196,@gmail.com,4,34.07,2,3,UK
5197,@gmail.com,3,23.5,2,5,INDIA
5198,@gmail.com,4,12.15,5,4,united states
5199,@yahoo.com,13,23.44,6,3,INDIA
5200,@microsoft.com,12,1.5,12,4,UK
5201,@accenture.com,13,3.37,9,5,usa
5202,@gmail.com,5,18.08,2,5,uk
5203,@gmail.com,5,0.09,1,6,GERMANY
5204,@unknown_typo,4,0.07,2,5,
5205,@gmail.com,5,,5,8,INDIA
5206,@yahoo.com,2,30.27,0,6,GERMANY
5207,@microsoft.com,5,59.33,0,6,INDIA
5208,@yahoo.com,6,15.74,5,2,uk
5209,@gmail.com,2,45.02,2,6,GERMANY
5210,@gmail.com,1,28.23,5,3,India
5211,@gmail.com,5,3.37,2,4,GERMANY
5212,@microsoft.com,11,7.76,9,2,
5213,@yahoo.com,16,14.66,6,2,
5214,@gmail.com,9,2.46,1,2,usa
5215,@microsoft.com,9,5.63,3,3,uk
5216,@accenture.com,11,21.18,9,6,
5217,@gmail.com,1,6.34,4,5,USA
5218,@yahoo.com,15,39.04,6,6,India
5219,@uber.com,7,7.83,1,3,India
5220,@gmail.com,9,3.72,2,8,GERMANY
5221,@gmail.com,6,3.54,1,11,GERMANY
5222,@microsoft.com,12,17.43,9,2,INDIA
5223,@netflix.com,11,6.89,0,5,usa
5224,@accenture.com,10,4.06,3,4,USA
5225,@microsoft.com,13,17.76,21,5,USA
5226,@meta.com,5,8.21,2,4,uk
5227,@gmail.com,10,28.06,2,5,UK
5228,@microsoft.com,21,11.94,6,10,USA
5229,@yahoo.com,13,53.73,9,7,united states
5230,@gmail.com,11,7.04,6,4,united states
5231,@uber.com,13,,3,7,
5232,@microsoft.com,19,15.52,9,7,uk
5233,@gmail.com,4,18.48,2,4,united states
5234,@netflix.com,9,0.26,3,8,GERMANY
5235,@gmail.com,11,16.6,12,6,INDIA
5236,@gmail.com,1,3.0,5,5,USA
5237,@gmail.com,2,47.86,5,5,INDIA
5238,@meta.com,8,12.87,5,5,uk
5239,@uber.com,15,2.03,15,10,India
5240,@gmail.com,6,0.81,3,2,INDIA
5241,@uber.com,14,31.75,0,2,India
5242,@gmail.com,3,28.52,7,6,united states
5243,@meta.com,3,8.54,5,5,India
5244,@yahoo.com,13,1.37,6,2,INDIA
5245,@yahoo.com,15,7.41,9,10,uk
5246,@netflix.com,10,21.44,2,6,usa
5247,@gmail.com,5,16.25,4,2,India
5248,@gmail.com,6,30.06,5,6,GERMANY
5249,@microsoft.com,8,20.87,4,4,usa
5250,@unknown_typo,13,6.01,9,5,USA
5251,@gmail.com,4,6.26,1,4,uk
5252,@gmail.com,9,15.65,1,3,uk
5253,@gmail.com,9,5.57,2,5,USA
5254,@yahoo.com,19,,21,4,usa
5255,@gmail.com,9,,2,3,uk
5256,@uber.com,9,10.07,2,9,USA
5257,,3,0.66,8,6,UK
5258,@yahoo.com,7,1.88,3,2,India
5259,@gmail.com,8,2.12,5,4,uk
5260,@yahoo.com,37,6.33,6,5,INDIA
5261,@gmail.com,11,,21,6,united states
5262,@netflix.com,10,,2,6,India
5263,@yahoo.com,10,4.7,1,4,
5264,@gmail.com,7,4.77,5,5,usa
5265,@uber.com,16,8.85,6,6,GERMANY
5266,@yahoo.com,20,28.85,6,4,India
5267,@microsoft.com,10,21.52,3,8,usa
5268,@gmail.com,15,32.28,3,5,usa
5269,@accenture.com,14,69.34,6,5,usa
5270,@netflix.com,9,0.17,1,8,India
5271,@microsoft.com,6,17.69,1,5,uk
5272,@unknown_typo,8,1.91,3,6,India
5273,@gmail.com,11,41.43,9,6,uk
5274,@yahoo.com,8,3.86,0,1,UK
5275,@microsoft.com,14,6.46,6,4,usa
5276,@microsoft.com,10,57.99,3,6,UK
5277,@yahoo.com,17,30.28,18,3,INDIA
5278,@gmail.com,3,0.73,2,5,India
5279,@gmail.com,4,0.72,5,5,USA
5280,@gmail.com,5,25.63,1,4,uk
5281,@gmail.com,5,1.09,0,2,uk
5282,@meta.com,14,28.63,9,3,GERMANY
5283,@gmail.com,4,38.78,2,10,usa
5284,@gmail.com,6,0.36,5,6,UK
5285,@microsoft.com,2,3.73,4,5,usa
5286,@microsoft.com,9,0.35,8,1,USA
5287,@accenture.com,17,1.13,18,8,usa
5288,@microsoft.com,12,11.46,12,6,USA
5289,@gmail.com,5,19.65,4,6,usa
5290,@accenture.com,9,9.79,0,5,united states
5291,@yahoo.com,21,7.32,0,6,united states
5292,@gmail.com,7,3.47,3,7,India
5293,@microsoft.com,10,4.05,6,7,usa
5294,@netflix.com,18,13.1,6,7,uk
5295,@gmail.com,3,29.04,2,6,INDIA
5296,@gmail.com,1,,3,6,UK
5297,@gmail.com,5,42.11,5,8,usa
5298,@gmail.com,3,0.8,3,5,GERMANY
5299,@yahoo.com,28,26.51,24,6,UK
5300,@microsoft.com,11,6.2,9,6,India
5301,@gmail.com,3,30.46,2,1,
5302,@netflix.com,16,37.78,18,5,
5303,@meta.com,14,18.08,6,8,UK
5304,@microsoft.com,12,6.58,6,8,
5305,@accenture.com,8,,3,5,united states
5306,@gmail.com,2,12.04,6,4,INDIA
5307,@yahoo.com,15,9.3,3,5,GERMANY
5308,@microsoft.com,17,23.49,6,4,usa
5309,@accenture.com,6,22.15,5,5,USA
5310,@meta.com,15,0.19,9,3,GERMANY
5311,@gmail.com,4,2.47,2,4,uk
5312,@netflix.com,33,6.78,6,3,
5313,@gmail.com,1,16.74,1,6,uk
5314,@accenture.com,5,3.91,1,5,USA
5315,@unknown_typo,17,5.85,6,6,USA
5316,@gmail.com,5,9.3,2,3,
5317,@uber.com,8,13.36,2,6,USA
5318,@gmail.com,2,34.81,2,5,united states
5319,@yahoo.com,29,24.49,12,3,uk
5320,@yahoo.com,12,,18,7,united states
5321,@microsoft.com,25,21.91,12,5,usa
5322,@netflix.com,11,26.82,15,4,usa
5323,@uber.com,10,11.08,4,6,UK
5324,@yahoo.com,17,5.27,6,3,India
5325,@accenture.com,19,42.99,12,5,
5326,@unknown_typo,10,49.15,1,9,USA
5327,@gmail.com,5,,1,9,
5328,,6,23.06,4,5,
5329,@gmail.com,2,0.64,1,2,USA
5330,@accenture.com,15,0.04,15,4,united states
5331,@gmail.com,8,6.5,1,8,GERMANY
5332,@gmail.com,3,9.31,4,6,uk
5333,@yahoo.com,24,11.86,9,6,uk
5334,@microsoft.com,6,7.13,4,4,
5335,@gmail.com,2,2.07,4,4,united states
5336,@gmail.com,3,,3,3,INDIA
5337,@microsoft.com,7,25.87,5,4,USA
5338,@netflix.com,16,6.14,6,5,united states
5339,@gmail.com,8,,3,7,uk
5340,@gmail.com,4,17.13,3,6,
5341,@yahoo.com,26,19.78,0,7,
5342,@gmail.com,5,10.04,2,1,united states
5343,@accenture.com,6,2.02,2,7,usa
5344,@accenture.com,9,34.62,2,3,USA
5345,@microsoft.com,20,4.52,15,1,united states
5346,@gmail.com,3,6.21,2,4,
5347,@meta.com,12,22.29,21,6,
5348,@microsoft.com,29,21.63,9,2,INDIA
5349,@accenture.com,5,34.01,2,3,united states
5350,@microsoft.com,15,0.51,12,6,GERMANY
5351,@meta.com,13,31.13,3,2,
5352,@microsoft.com,7,23.57,1,3,GERMANY
5353,@yahoo.com,4,11.17,2,2,INDIA
5354,@unknown_typo,6,2.61,0,10,India
5355,@yahoo.com,28,11.81,9,9,UK
5356,@microsoft.com,12,3.23,15,1,
5357,@gmail.com,0,50.27,0,11,India
5358,@microsoft.com,7,18.51,1,3,GERMANY
5359,@microsoft.com,24,13.6,15,6,united states
5360,@gmail.com,3,25.18,1,3,GERMANY
5361,@gmail.com,3,11.4,1,3,India
5362,@microsoft.com,12,0.93,9,3,USA
5363,@meta.com,13,4.5,12,4,USA
5364,@yahoo.com,9,60.0,0,3,INDIA
5365,@gmail.com,11,28.54,18,3,India
5366,@uber.com,4,39.35,2,7,united states
5367,@gmail.com,10,1.54,3,5,USA
5368,@yahoo.com,14,4.28,12,3,India
5369,@gmail.com,3,0.98,2,6,USA
5370,@gmail.com,4,25.9,2,6,uk
5371,@gmail.com,4,2.87,4,3,India
5372,@gmail.com,9,7.92,2,3,
5373,@gmail.com,5,4.71,3,7,USA
5374,@gmail.com,4,39.97,3,5,
5375,@yahoo.com,19,14.06,0,8,India
5376,@yahoo.com,11,24.1,9,6,UK
5377,@gmail.com,5,13.82,2,6,
5378,@accenture.com,7,14.22,4,3,India
5379,@gmail.com,7,7.24,1,5,uk
5380,@yahoo.com,21,4.1,6,6,UK
5381,@gmail.com,8,6.42,7,9,INDIA
5382,@gmail.com,8,5.24,6,2,united states
5383,@microsoft.com,21,17.63,3,5,India
5384,@microsoft.com,9,8.24,3,8,INDIA
5385,@accenture.com,16,11.98,12,8,united states
5386,@microsoft.com,8,22.11,2,5,India
5387,@unknown_typo,11,4.65,15,10,uk
5388,@gmail.com,7,8.27,4,5,UK
5389,@gmail.com,5,10.99,1,2,uk
5390,@gmail.com,7,,2,1,
5391,@gmail.com,2,2.48,3,3,INDIA
5392,@yahoo.com,6,0.98,1,9,India
5393,@microsoft.com,7,20.93,3,4,INDIA
5394,@gmail.com,7,5.35,5,2,united states
5395,@netflix.com,10,8.24,1,3,
5396,@accenture.com,9,,1,4,uk
5397,@gmail.com,3,50.93,1,5,uk
5398,@gmail.com,10,24.99,4,4,GERMANY
5399,@gmail.com,3,0.89,2,6,usa
5400,@gmail.com,3,5.47,3,1,India
5401,@gmail.com,5,0.75,4,4,INDIA
5402,@yahoo.com,5,0.95,6,5,INDIA
5403,@gmail.com,7,2.05,3,6,USA
5404,@gmail.com,2,5.81,6,4,united states
5405,,6,3.95,4,6,united states
5406,@uber.com,15,6.51,15,9,INDIA
5407,@netflix.com,16,25.89,6,2,India
5408,@gmail.com,4,23.97,2,5,
5409,@gmail.com,4,6.48,3,6,uk
5410,@microsoft.com,22,16.17,18,5,united states
5411,@gmail.com,10,,3,7,UK
5412,@gmail.com,4,7.32,4,4,UK
5413,@uber.com,8,16.89,2,2,UK
5414,@microsoft.com,10,,3,3,united states
5415,@yahoo.com,5,11.95,4,4,united states
5416,@yahoo.com,10,1.84,1,3,GERMANY
5417,@yahoo.com,14,11.61,3,7,uk
5418,@gmail.com,9,20.32,1,4,usa
5419,@gmail.com,8,32.89,0,6,UK
5420,@gmail.com,4,2.39,1,7,GERMANY
5421,@gmail.com,8,7.93,0,3,united states
5422,@unknown_typo,19,9.99,12,5,united states
5423,@microsoft.com,18,35.28,9,1,GERMANY
5424,@uber.com,9,4.46,5,5,UK
5425,@gmail.com,6,2.72,7,6,
5426,@gmail.com,5,2.29,5,5,INDIA
5427,@gmail.com,2,2.52,3,9,uk
5428,@gmail.com,11,30.55,6,5,USA
5429,@gmail.com,3,14.51,3,2,GERMANY
5430,@meta.com,10,8.19,4,7,India
5431,@uber.com,14,30.23,12,8,India
5432,@yahoo.com,22,5.31,15,4,uk
5433,@yahoo.com,18,39.44,15,2,India
5434,@netflix.com,4,21.34,6,0,INDIA
5435,@gmail.com,11,0.31,12,4,INDIA
5436,@gmail.com,2,9.32,1,6,UK
5437,@gmail.com,7,27.72,2,5,UK
5438,@meta.com,15,7.57,6,5,India
5439,,14,65.31,6,2,
5440,@gmail.com,9,28.12,6,4,UK
5441,@accenture.com,14,20.98,6,7,USA
5442,@accenture.com,10,2.18,6,4,
5443,@gmail.com,5,1.71,5,5,INDIA
5444,@gmail.com,9,15.37,2,7,INDIA
5445,@yahoo.com,5,16.25,4,4,USA
5446,@unknown_typo,7,2.39,4,4,India
5447,@gmail.com,2,28.86,5,5,usa
5448,@meta.com,5,,1,4,UK
5449,@gmail.com,11,8.08,12,10,usa
5450,@meta.com,11,14.04,6,4,uk
5451,@yahoo.com,5,10.72,1,5,
5452,@microsoft.com,10,0.54,3,3,INDIA
5453,@accenture.com,8,1.42,1,5,UK
5454,@accenture.com,19,22.7,9,9,GERMANY
5455,@accenture.com,10,10.05,1,6,usa
5456,@gmail.com,5,14.16,1,5,INDIA
5457,@uber.com,10,14.23,5,7,GERMANY
5458,@gmail.com,9,7.16,2,3,GERMANY
5459,@yahoo.com,7,0.45,3,4,usa
5460,@yahoo.com,11,23.19,3,2,united states
5461,@yahoo.com,14,9.48,15,7,GERMANY
5462,@yahoo.com,9,2.24,1,3,INDIA
5463,,12,0.32,6,7,USA
5464,@gmail.com,10,0.27,2,7,UK
5465,@uber.com,12,0.51,15,1,usa
5466,@gmail.com,5,2.53,3,10,usa
5467,@gmail.com,7,3.95,2,5,INDIA
5468,@gmail.com,6,4.26,0,5,
5469,@netflix.com,16,15.0,9,7,UK
5470,@accenture.com,5,4.15,7,5,India
5471,@netflix.com,29,16.81,9,3,united states
5472,,18,26.0,3,2,usa
5473,@gmail.com,4,7.29,3,6,uk
5474,@gmail.com,5,,7,1,USA
5475,@uber.com,11,1.65,9,7,USA
5476,@yahoo.com,4,5.96,6,4,GERMANY
5477,@yahoo.com,4,17.22,2,7,GERMANY
5478,@gmail.com,3,40.28,5,5,uk
5479,@microsoft.com,24,14.34,6,9,united states
5480,@microsoft.com,9,6.78,5,7,INDIA
5481,@gmail.com,7,5.65,2,8,INDIA
5482,@yahoo.com,10,7.45,4,4,USA
5483,@microsoft.com,12,15.87,9,6,GERMANY
5484,@microsoft.com,7,5.94,3,6,usa
5485,@gmail.com,22,9.52,18,5,usa
5486,@meta.com,13,21.34,18,7,UK
5487,@gmail.com,8,4.07,6,3,usa
5488,@gmail.com,5,18.91,1,1,united states
5489,@meta.com,21,21.5,9,3,India
5490,@microsoft.com,20,29.89,12,4,USA
5491,@gmail.com,6,0.36,2,5,INDIA
5492,@uber.com,17,1.81,12,4,united states
5493,@microsoft.com,8,46.46,3,4,GERMANY
5494,@meta.com,20,2.02,15,11,GERMANY
5495,@meta.com,16,10.04,15,2,USA
5496,@microsoft.com,10,2.74,4,10,USA
5497,@yahoo.com,11,25.06,18,10,GERMANY
5498,@gmail.com,5,1.52,1,4,GERMANY
5499,@gmail.com,6,1.34,4,4,uk
5500,@yahoo.com,10,10.54,3,2,united states
5501,@microsoft.com,9,4.08,1,2,usa
5502,@yahoo.com,12,16.25,6,6,
5503,@gmail.com,9,17.32,2,2,GERMANY
5504,@gmail.com,2,13.23,5,5,UK
5505,@yahoo.com,6,26.99,4,9,usa
5506,@gmail.com,3,17.93,10,2,uk
5507,@meta.com,6,3.11,1,3,uk
5508,@gmail.com,7,1.22,2,6,GERMANY
5509,@microsoft.com,15,20.66,3,4,USA
5510,@netflix.com,5,20.21,3,4,
5511,@gmail.com,9,28.49,8,4,USA
5512,@yahoo.com,8,3.39,6,7,UK
5513,@gmail.com,7,3.79,1,3,GERMANY
5514,@microsoft.com,23,12.89,9,5,usa
5515,@microsoft.com,4,2.54,2,4,
5516,@yahoo.com,7,5.27,3,6,united states
5517,@yahoo.com,4,25.1,7,7,usa
5518,@netflix.com,11,6.1,0,3,INDIA
5519,@gmail.com,2,0.17,5,7,GERMANY
5520,@gmail.com,3,15.78,3,5,India
5521,@accenture.com,34,2.99,9,3,
5522,@microsoft.com,25,3.27,9,6,GERMANY
5523,@netflix.com,9,0.25,3,8,UK
5524,@microsoft.com,5,12.94,1,4,usa
5525,@accenture.com,12,12.38,15,8,
5526,@yahoo.com,23,1.52,6,4,uk
5527,@meta.com,12,,12,5,
5528,@netflix.com,11,10.12,12,3,
5529,@microsoft.com,23,22.8,9,3,USA
5530,@gmail.com,8,46.1,1,4,uk
5531,@gmail.com,4,1.17,1,4,UK
5532,@gmail.com,5,18.47,3,5,INDIA
5533,@gmail.com,3,3.19,5,6,usa
5534,@gmail.com,2,0.52,2,2,USA
5535,@microsoft.com,23,6.11,18,6,India
5536,@microsoft.com,16,12.8,6,6,UK
5537,@yahoo.com,14,13.8,6,3,USA
5538,@microsoft.com,13,0.76,6,7,UK
5539,@gmail.com,12,39.42,3,3,GERMANY
5540,@gmail.com,3,0.84,2,4,usa
5541,@gmail.com,4,3.67,1,7,USA
5542,@yahoo.com,23,8.5,15,8,uk
5543,@gmail.com,8,43.69,2,3,USA
5544,@gmail.com,6,71.05,2,4,usa
5545,@yahoo.com,8,0.01,2,9,India
5546,@accenture.com,29,3.81,6,4,India
5547,@gmail.com,4,10.44,2,5,usa
5548,@microsoft.com,6,17.78,5,7,uk
5549,@uber.com,4,16.04,2,2,GERMANY
5550,@meta.com,12,4.35,15,4,usa
5551,@netflix.com,10,3.3,0,4,united states
5552,@gmail.com,1,0.22,3,4,INDIA
5553,@gmail.com,7,27.76,4,5,united states
5554,@netflix.com,12,7.14,12,12,usa
5555,@yahoo.com,12,29.96,9,4,usa
5556,@microsoft.com,9,5.87,3,3,India
5557,@uber.com,7,21.16,3,5,India
5558,@uber.com,6,1.08,3,5,UK
5559,@netflix.com,6,25.03,3,9,USA
5560,,17,33.25,0,7,GERMANY
5561,@uber.com,11,4.62,9,7,India
5562,@gmail.com,4,2.29,2,6,usa
5563,@accenture.com,12,3.28,9,5,uk
5564,@gmail.com,7,30.35,2,3,USA
5565,@gmail.com,8,5.06,4,4,UK
5566,@netflix.com,8,3.95,4,2,GERMANY
5567,@gmail.com,1,57.87,2,5,uk
5568,@gmail.com,6,16.63,3,11,
5569,@gmail.com,5,,1,8,
5570,@accenture.com,13,20.62,3,6,GERMANY
5571,@yahoo.com,11,7.03,3,3,united states
5572,@uber.com,8,29.79,3,3,USA
5573,@gmail.com,4,13.31,1,8,India
5574,@meta.com,22,16.07,9,3,UK
5575,@meta.com,9,5.92,2,3,uk
5576,@gmail.com,4,59.58,1,6,GERMANY
5577,@yahoo.com,11,28.92,12,9,GERMANY
5578,@gmail.com,7,2.4,3,7,GERMANY
5579,@unknown_typo,11,3.42,15,5,uk
5580,@microsoft.com,21,20.71,3,7,GERMANY
5581,@netflix.com,19,0.39,15,3,usa
5582,@gmail.com,8,6.13,5,4,uk
5583,@meta.com,15,11.41,18,5,UK
5584,@meta.com,12,,9,5,
5585,@uber.com,7,30.97,4,6,GERMANY
5586,@unknown_typo,6,33.01,6,3,uk
5587,@gmail.com,5,47.14,4,8,GERMANY
5588,@gmail.com,1,2.37,7,3,GERMANY
5589,@uber.com,13,1.24,15,6,USA
5590,@uber.com,8,,2,6,GERMANY
5591,@microsoft.com,29,23.58,6,8,UK
5592,@gmail.com,4,5.16,0,3,India
5593,@yahoo.com,10,4.14,3,3,GERMANY
5594,@gmail.com,9,10.94,5,12,INDIA
5595,@yahoo.com,9,9.87,1,3,uk
5596,@microsoft.com,5,9.8,1,2,uk
5597,@meta.com,10,7.79,3,5,USA
5598,@gmail.com,9,19.48,3,3,uk
5599,@yahoo.com,8,14.31,1,9,uk
5600,@gmail.com,1,10.04,5,8,USA
5601,@gmail.com,2,19.13,2,4,united states
5602,@meta.com,18,4.55,3,2,INDIA
5603,@netflix.com,4,33.36,6,3,INDIA
5604,@gmail.com,2,7.27,3,8,usa
5605,@meta.com,11,5.95,3,4,
5606,@netflix.com,9,11.72,1,5,
5607,@accenture.com,13,,9,4,united states
5608,@gmail.com,11,4.69,12,6,usa
5609,@unknown_typo,8,1.22,3,5,India
5610,@gmail.com,14,15.83,9,9,GERMANY
5611,@gmail.com,0,36.58,6,6,uk
5612,@gmail.com,6,17.34,3,2,uk
5613,@yahoo.com,6,12.58,5,2,usa
5614,@gmail.com,4,18.66,2,5,India
5615,@gmail.com,5,50.92,5,5,uk
5616,@gmail.com,4,6.15,1,6,USA
5617,@accenture.com,18,8.45,6,2,UK
5618,@accenture.com,9,5.06,1,1,GERMANY
5619,@gmail.com,5,0.25,4,4,INDIA
5620,@accenture.com,14,6.4,12,5,uk
5621,@accenture.com,10,1.11,3,5,INDIA
5622,@meta.com,6,29.32,4,7,USA
5623,@gmail.com,5,18.86,2,4,GERMANY
5624,@uber.com,7,5.44,2,7,united states
5625,@netflix.com,12,5.96,15,2,USA
5626,@uber.com,15,12.65,12,6,USA
5627,@gmail.com,2,23.99,5,7,USA
5628,@yahoo.com,9,19.03,4,4,UK
5629,@microsoft.com,15,0.44,12,5,usa
5630,@yahoo.com,6,23.08,1,4,USA
5631,@gmail.com,1,31.97,1,7,usa
5632,@gmail.com,7,1.41,3,5,USA
5633,@accenture.com,11,22.05,3,0,INDIA
5634,@accenture.com,12,4.35,6,7,uk
5635,@gmail.com,5,2.86,0,7,
5636,@unknown_typo,10,11.77,2,3,GERMANY
5637,@gmail.com,2,12.07,3,11,usa
5638,@uber.com,14,9.55,9,7,usa
5639,@meta.com,8,34.81,4,5,
5640,@accenture.com,9,4.15,3,7,uk
5641,@netflix.com,16,13.84,3,6,uk
5642,@gmail.com,1,7.91,2,7,usa
5643,@accenture.com,12,31.05,3,2,uk
5644,@gmail.com,4,2.14,3,5,uk
5645,@uber.com,6,1.3,2,6,UK
5646,@meta.com,7,73.92,4,4,INDIA
5647,@uber.com,21,12.91,3,2,GERMANY
5648,@gmail.com,6,36.45,0,5,
5649,@accenture.com,25,7.87,6,8,INDIA
5650,@gmail.com,6,13.91,4,5,
5651,@gmail.com,14,17.77,3,4,united states
5652,@uber.com,35,64.15,6,2,GERMANY
5653,@yahoo.com,17,1.79,9,3,UK
5654,@accenture.com,8,2.0,0,8,
5655,@gmail.com,4,11.11,5,2,UK
5656,@gmail.com,2,0.86,3,4,
5657,@accenture.com,18,19.5,12,3,USA
5658,@yahoo.com,25,70.26,3,6,united states
5659,@gmail.com,4,25.02,4,8,
5660,@uber.com,8,4.63,1,6,GERMANY
5661,@yahoo.com,10,24.11,4,5,GERMANY
5662,@microsoft.com,18,14.83,6,7,usa
5663,@yahoo.com,13,,18,3,India
5664,@accenture.com,16,12.52,12,2,
5665,@accenture.com,12,34.06,18,4,
5666,@uber.com,12,5.14,6,5,USA
5667,@gmail.com,9,16.14,5,7,UK
5668,@accenture.com,9,0.64,3,2,GERMANY
5669,@uber.com,31,26.96,9,5,India
5670,@uber.com,7,3.46,3,4,united states
5671,@gmail.com,9,14.07,4,8,uk
5672,@accenture.com,20,11.14,15,3,usa
5673,@uber.com,12,11.92,0,2,usa
5674,@gmail.com,4,4.39,1,5,
5675,@yahoo.com,11,12.28,3,6,India
5676,@netflix.com,5,13.85,3,8,GERMANY
5677,@gmail.com,3,8.31,2,4,
5678,@unknown_typo,8,15.05,3,5,India
5679,@uber.com,22,3.19,0,9,INDIA
5680,@microsoft.com,6,10.78,4,5,GERMANY
5681,@gmail.com,10,18.92,4,4,uk
5682,@gmail.com,6,,2,3,usa
5683,@netflix.com,42,7.94,15,5,uk
5684,@gmail.com,9,2.69,4,6,GERMANY
5685,@meta.com,8,14.37,2,7,USA
5686,@gmail.com,5,1.98,3,6,UK
5687,@gmail.com,4,10.42,2,3,INDIA
5688,@gmail.com,5,3.54,2,5,
5689,@yahoo.com,12,3.24,12,1,UK
5690,@unknown_typo,14,1.51,6,4,UK
5691,@gmail.com,2,,3,10,GERMANY
5692,@gmail.com,7,30.31,3,1,USA
5693,@gmail.com,10,13.93,3,4,UK
5694,@yahoo.com,4,22.65,4,5,
5695,@yahoo.com,5,1.83,6,8,usa
5696,@accenture.com,15,5.64,12,1,usa
5697,@yahoo.com,5,7.38,4,11,GERMANY
5698,@yahoo.com,11,29.49,6,3,USA
5699,@gmail.com,3,16.38,1,5,uk
5700,,16,10.11,3,10,India
5701,@gmail.com,2,5.36,5,2,USA
5702,@gmail.com,3,21.4,2,3,INDIA
5703,@uber.com,5,32.88,1,2,
5704,@microsoft.com,14,11.54,21,8,USA
5705,@yahoo.com,10,0.67,5,7,united states
5706,@yahoo.com,10,4.76,2,3,GERMANY
5707,@meta.com,18,20.54,9,5,GERMANY
5708,@gmail.com,8,7.36,5,3,USA
5709,@accenture.com,11,14.75,6,8,India
5710,@microsoft.com,11,11.15,6,3,USA
5711,@yahoo.com,10,35.74,6,8,USA
5712,@yahoo.com,4,5.5,3,6,uk
5713,@gmail.com,3,,3,7,
5714,@meta.com,11,1.0,18,7,usa
5715,@yahoo.com,5,24.52,3,7,united states
5716,@gmail.com,16,5.91,9,4,united states
5717,@microsoft.com,19,19.2,12,8,united states
5718,,8,0.05,6,0,INDIA
5719,@yahoo.com,10,30.31,2,4,INDIA
5720,@netflix.com,2,53.61,2,4,UK
5721,@gmail.com,4,9.52,1,1,GERMANY
5722,@gmail.com,2,9.88,1,8,India
5723,@gmail.com,5,14.37,2,7,INDIA
5724,@yahoo.com,10,55.4,2,10,GERMANY
5725,@gmail.com,0,12.27,3,3,usa
5726,@gmail.com,4,1.15,6,5,INDIA
5727,@netflix.com,26,12.49,3,3,usa
5728,@accenture.com,13,8.15,9,5,united states
5729,@meta.com,6,21.46,5,8,USA
5730,@gmail.com,3,5.42,3,3,united states
5731,@gmail.com,5,38.75,1,4,GERMANY
5732,@gmail.com,9,24.15,2,7,usa
5733,@uber.com,19,5.93,18,6,INDIA
5734,@netflix.com,6,6.51,1,7,usa
5735,@yahoo.com,12,10.94,9,4,UK
5736,@gmail.com,11,1.57,9,7,usa
5737,@yahoo.com,9,17.57,2,4,
5738,@gmail.com,6,14.09,5,3,INDIA
5739,@gmail.com,3,5.76,0,4,uk
5740,@microsoft.com,2,15.24,2,3,INDIA
5741,@uber.com,5,1.55,4,2,UK
5742,@gmail.com,13,45.56,6,3,
5743,@gmail.com,7,1.04,7,6,
5744,,7,5.98,4,4,united states
5745,@gmail.com,5,52.87,2,5,united states
5746,@gmail.com,5,7.62,2,3,
5747,@gmail.com,8,32.52,3,4,
5748,@gmail.com,6,2.45,4,4,usa
5749,@gmail.com,8,,1,4,INDIA
5750,@accenture.com,4,,4,3,USA
5751,@gmail.com,6,53.66,5,2,usa
5752,@yahoo.com,6,1.39,1,5,GERMANY
5753,@uber.com,8,15.82,3,1,INDIA
5754,@yahoo.com,22,8.71,9,1,USA
5755,@accenture.com,14,29.58,9,6,uk
5756,@accenture.com,20,5.23,6,2,uk
5757,@gmail.com,2,0.44,2,10,uk
5758,@meta.com,22,20.71,9,8,united states
5759,@yahoo.com,4,13.33,4,4,uk
5760,,18,8.55,6,6,INDIA
5761,@yahoo.com,7,5.85,9,2,GERMANY
5762,,8,34.45,3,9,united states
5763,@meta.com,8,1.95,1,5,
5764,@gmail.com,0,2.29,2,5,
5765,@yahoo.com,9,0.22,2,5,INDIA
5766,,13,1.13,21,6,usa
5767,@accenture.com,18,29.2,0,6,GERMANY
5768,@gmail.com,16,23.67,12,6,GERMANY
5769,@uber.com,16,1.62,0,5,INDIA
5770,@gmail.com,3,22.7,4,7,
5771,@gmail.com,12,15.37,18,6,UK
5772,@yahoo.com,5,7.35,3,5,
5773,@gmail.com,1,,1,1,united states
5774,@accenture.com,13,13.83,15,6,uk
5775,@gmail.com,3,27.46,3,7,UK
5776,@accenture.com,15,8.19,3,12,USA
5777,@gmail.com,1,8.28,6,1,united states
5778,@gmail.com,6,26.29,4,7,USA
5779,@gmail.com,3,3.55,2,5,USA
5780,@gmail.com,13,2.84,9,3,INDIA
5781,@gmail.com,4,17.84,2,5,GERMANY
5782,@gmail.com,2,16.03,3,6,USA
5783,@microsoft.com,21,36.48,3,3,USA
5784,@gmail.com,2,6.1,4,5,uk
5785,@yahoo.com,12,3.38,6,11,GERMANY
5786,@gmail.com,5,8.4,7,9,usa
5787,@accenture.com,13,7.26,3,4,
5788,@netflix.com,27,41.73,6,11,uk
5789,@yahoo.com,12,37.44,0,8,India
5790,@gmail.com,4,8.38,3,2,INDIA
5791,@gmail.com,5,7.98,4,6,India
5792,@unknown_typo,8,8.83,4,5,uk
5793,@gmail.com,6,19.69,4,7,USA
5794,@gmail.com,7,11.98,1,2,INDIA
5795,@gmail.com,3,5.09,2,12,
5796,@gmail.com,4,21.96,5,7,USA
5797,@gmail.com,8,35.12,1,7,GERMANY
5798,@meta.com,10,,4,2,USA
5799,@gmail.com,1,3.25,2,9,
5800,@microsoft.com,15,23.54,3,2,USA
5801,@gmail.com,5,67.58,4,2,
5802,@gmail.com,4,17.34,3,7,INDIA
5803,@netflix.com,12,4.19,15,4,usa
5804,@gmail.com,8,0.08,2,6,India
5805,@accenture.com,8,7.3,4,5,
5806,@yahoo.com,5,9.53,5,4,united states
5807,@gmail.com,5,36.06,3,4,
5808,@unknown_typo,10,14.5,4,3,
5809,@gmail.com,7,4.96,4,6,India
5810,@accenture.com,7,17.65,2,5,GERMANY
5811,@gmail.com,6,1.45,2,5,GERMANY
5812,@accenture.com,19,,6,1,GERMANY
5813,@gmail.com,1,20.47,5,7,UK
5814,@yahoo.com,22,5.29,15,2,INDIA
5815,@meta.com,17,0.47,9,7,united states
5816,@netflix.com,10,10.3,1,7,UK
5817,@netflix.com,14,16.1,12,8,uk
5818,@accenture.com,8,23.34,4,7,India
5819,@netflix.com,12,,9,12,
5820,@gmail.com,6,8.29,4,2,UK
5821,@gmail.com,6,12.2,3,4,GERMANY
5822,@gmail.com,4,1.16,4,3,India
5823,@gmail.com,6,3.3,4,4,united states
5824,@gmail.com,2,6.91,6,7,
5825,@yahoo.com,7,4.66,2,8,united states
5826,@gmail.com,7,9.41,4,12,united states
5827,@uber.com,6,15.78,4,8,united states
5828,@gmail.com,14,11.64,6,7,UK
5829,@gmail.com,5,22.32,2,7,INDIA
5830,@yahoo.com,12,14.77,6,8,UK
5831,@meta.com,13,,24,3,
5832,@meta.com,12,1.92,12,6,GERMANY
5833,@microsoft.com,5,,2,0,UK
5834,@gmail.com,3,3.57,2,4,
5835,@yahoo.com,18,5.76,15,4,GERMANY
5836,@gmail.com,5,,4,5,usa
5837,@gmail.com,6,3.73,7,9,UK
5838,@yahoo.com,16,11.58,12,3,UK
5839,@gmail.com,7,1.49,1,7,united states
5840,@gmail.com,2,8.08,4,4,India
5841,@unknown_typo,4,58.89,3,5,
5842,@unknown_typo,19,46.31,6,5,GERMANY
5843,@gmail.com,3,43.95,4,7,usa
5844,@gmail.com,11,13.56,0,3,India
5845,@gmail.com,3,5.24,3,2,usa
5846,@gmail.com,4,6.58,4,3,uk
5847,@netflix.com,19,3.46,6,3,united states
5848,@gmail.com,1,1.54,5,7,uk
5849,@meta.com,20,2.77,12,4,GERMANY
5850,@gmail.com,5,9.45,6,3,
5851,,4,0.41,3,2,uk
5852,@gmail.com,2,42.0,2,7,uk
5853,@meta.com,11,12.37,3,5,UK
5854,@gmail.com,1,2.86,2,2,usa
5855,@microsoft.com,20,8.08,6,6,India
5856,@gmail.com,3,7.08,3,2,GERMANY
5857,@gmail.com,8,27.06,2,8,UK
5858,@netflix.com,6,1.93,5,1,united states
5859,@netflix.com,20,8.43,9,5,USA
5860,@netflix.com,11,18.64,9,7,INDIA
5861,@microsoft.com,13,7.01,3,3,usa
5862,@accenture.com,29,6.64,6,7,united states
5863,@gmail.com,9,6.24,4,2,GERMANY
5864,@gmail.com,5,21.53,3,7,usa
5865,@gmail.com,7,1.91,3,9,India
5866,@microsoft.com,4,29.14,5,3,uk
5867,@gmail.com,3,1.1,3,3,India
5868,@gmail.com,6,5.76,2,2,united states
5869,@microsoft.com,10,7.39,6,5,India
5870,@accenture.com,18,,9,7,India
5871,@gmail.com,3,3.12,2,4,united states
5872,@gmail.com,3,13.86,1,4,INDIA
5873,@gmail.com,3,9.07,4,3,UK
5874,@gmail.com,6,12.58,2,8,united states
5875,@gmail.com,9,14.31,1,2,usa
5876,@microsoft.com,5,3.19,2,8,usa
5877,@microsoft.com,10,37.94,1,2,USA
5878,@uber.com,13,26.59,3,7,UK
5879,@gmail.com,5,26.44,2,5,usa
5880,@accenture.com,20,11.38,6,1,GERMANY
5881,@gmail.com,3,25.73,2,11,India
5882,@yahoo.com,34,14.81,6,3,usa
5883,@accenture.com,16,8.98,9,9,UK
5884,@gmail.com,9,20.94,2,3,INDIA
5885,@gmail.com,4,13.74,1,2,
5886,@netflix.com,11,0.03,18,6,
5887,@gmail.com,8,87.15,3,4,GERMANY
5888,@uber.com,13,8.43,15,4,UK
5889,@gmail.com,3,12.72,5,6,India
5890,@uber.com,16,7.81,3,5,
5891,@gmail.com,4,1.59,3,3,USA
5892,@gmail.com,5,26.94,2,7,India
5893,@microsoft.com,11,17.21,12,7,USA
5894,@gmail.com,1,,4,4,uk
5895,@gmail.com,6,9.92,4,5,
5896,@gmail.com,3,23.53,2,4,united states
5897,@gmail.com,4,23.97,0,5,USA
5898,@gmail.com,6,6.15,4,2,united states
5899,@gmail.com,7,0.06,5,7,GERMANY
5900,@netflix.com,8,29.47,2,8,GERMANY
5901,@gmail.com,11,3.06,15,6,united states
5902,@yahoo.com,17,30.46,12,4,USA
5903,@gmail.com,9,14.45,2,4,GERMANY
5904,@gmail.com,5,15.11,3,5,usa
5905,@netflix.com,16,4.26,9,3,united states
5906,@gmail.com,5,7.73,1,2,INDIA
5907,@unknown_typo,4,5.61,6,9,India
5908,@gmail.com,3,3.17,0,6,united states
5909,@meta.com,17,19.34,9,4,USA
5910,@yahoo.com,18,1.51,12,7,GERMANY
5911,@netflix.com,4,10.76,5,6,USA
5912,@microsoft.com,2,11.52,2,5,UK
5913,@yahoo.com,11,46.65,15,4,usa
5914,@gmail.com,2,30.53,0,13,united states
5915,@gmail.com,4,10.15,7,2,INDIA
5916,@netflix.com,20,27.89,6,4,united states
5917,@gmail.com,6,23.45,4,7,India
5918,@gmail.com,5,0.42,2,4,USA
5919,@meta.com,8,38.29,1,2,GERMANY
5920,@gmail.com,3,17.47,1,6,UK
5921,@unknown_typo,6,16.72,3,7,usa
5922,@meta.com,8,18.75,6,5,usa
5923,@microsoft.com,12,3.82,12,6,united states
5924,@netflix.com,24,0.44,6,4,
5925,@gmail.com,10,3.96,0,2,INDIA
5926,@gmail.com,7,23.74,4,8,
5927,@yahoo.com,19,13.64,3,8,INDIA
5928,@gmail.com,6,6.72,2,2,GERMANY
5929,@meta.com,5,4.15,2,7,India
5930,@netflix.com,11,24.13,9,3,GERMANY
5931,@yahoo.com,15,9.18,18,3,GERMANY
5932,@gmail.com,2,14.19,4,3,
5933,@unknown_typo,6,0.19,1,2,
5934,@yahoo.com,10,8.43,3,7,
5935,@yahoo.com,7,0.23,1,3,uk
5936,@gmail.com,5,23.23,2,6,GERMANY
5937,@netflix.com,1,4.3,6,4,USA
5938,@microsoft.com,7,2.74,2,8,usa
5939,@meta.com,5,39.14,3,4,uk
5940,@accenture.com,11,0.27,12,3,GERMANY
5941,@gmail.com,2,3.31,3,4,India
5942,@yahoo.com,8,4.13,2,4,
5943,@accenture.com,7,25.96,4,5,
5944,@gmail.com,3,18.57,5,7,united states
5945,@meta.com,11,51.36,6,6,united states
5946,@netflix.com,14,17.8,0,10,UK
5947,@microsoft.com,12,4.04,12,6,India
5948,@meta.com,8,2.74,2,3,India
5949,@accenture.com,10,21.12,3,3,USA
5950,@accenture.com,18,34.67,6,5,
5951,@gmail.com,5,36.4,4,8,united states
5952,@gmail.com,10,22.12,2,8,USA
5953,@yahoo.com,7,23.72,2,6,INDIA
5954,@uber.com,7,16.29,1,6,uk
5955,@yahoo.com,5,19.97,3,7,India
5956,@meta.com,7,1.85,0,4,usa
5957,@gmail.com,6,5.99,3,6,united states
5958,@microsoft.com,17,9.19,0,4,UK
5959,@gmail.com,9,16.37,4,5,GERMANY
5960,@meta.com,6,8.11,5,5,
5961,@yahoo.com,14,7.05,6,5,
5962,@gmail.com,9,12.44,1,8,united states
5963,@gmail.com,4,7.52,3,2,USA
5964,@meta.com,11,1.13,9,5,
5965,@yahoo.com,13,52.31,0,7,INDIA
5966,@gmail.com,2,39.09,2,6,usa
5967,@unknown_typo,7,0.6,3,4,united states
5968,@uber.com,10,11.3,2,1,India
5969,@unknown_typo,5,18.71,2,5,uk
5970,@yahoo.com,9,14.12,2,4,USA
5971,@yahoo.com,6,6.54,1,6,GERMANY
5972,@netflix.com,9,24.39,2,3,UK
5973,@yahoo.com,27,14.31,21,5,
5974,@uber.com,14,4.1,6,8,GERMANY
5975,@gmail.com,7,14.17,3,6,USA
5976,@yahoo.com,20,4.82,12,4,GERMANY
5977,@gmail.com,8,13.59,2,6,UK
5978,@gmail.com,5,21.68,1,2,united states
5979,@gmail.com,7,5.4,3,8,united states
5980,@gmail.com,6,4.98,0,10,GERMANY
5981,@unknown_typo,16,19.46,6,2,
5982,@gmail.com,8,10.65,2,4,
5983,@uber.com,5,2.24,2,2,uk
5984,@accenture.com,5,11.83,4,10,uk
5985,@microsoft.com,10,16.32,9,7,
5986,@gmail.com,6,10.14,2,6,UK
5987,@uber.com,11,14.68,0,9,India
5988,@microsoft.com,9,6.81,5,3,usa
5989,@meta.com,5,31.53,5,3,GERMANY
5990,@meta.com,11,4.12,6,5,INDIA
5991,@unknown_typo,4,4.96,4,2,uk
5992,@microsoft.com,21,22.29,12,6,GERMANY
5993,@gmail.com,8,0.89,4,7,GERMANY
5994,@microsoft.com,15,65.59,3,7,USA
5995,@gmail.com,7,14.87,3,4,GERMANY
5996,@netflix.com,5,24.71,6,4,UK
5997,@gmail.com,3,13.15,3,2,
5998,@gmail.com,4,23.15,3,2,united states
5999,@accenture.com,10,8.54,3,5,GERMANY
6000,@microsoft.com,15,12.9,9,6,USA
6001,@gmail.com,1,16.27,2,9,uk
6002,@yahoo.com,8,34.83,3,5,India
6003,@accenture.com,6,0.53,2,6,usa
6004,@gmail.com,2,1.73,2,9,INDIA
6005,@accenture.com,9,17.6,3,8,INDIA
6006,@gmail.com,6,6.33,3,4,GERMANY
6007,@meta.com,8,16.99,0,4,
6008,@accenture.com,28,3.88,18,6,GERMANY
6009,@gmail.com,5,14.84,3,1,uk
6010,@yahoo.com,19,9.75,12,4,usa
6011,@gmail.com,7,1.97,2,6,India
6012,@uber.com,9,39.77,2,5,
6013,@yahoo.com,4,23.57,9,4,India
6014,@microsoft.com,14,22.79,6,1,INDIA
6015,@gmail.com,7,17.91,3,1,uk
6016,@gmail.com,4,0.32,3,5,UK
6017,@gmail.com,2,10.54,1,7,GERMANY
6018,@gmail.com,4,20.85,3,5,
6019,@microsoft.com,18,3.66,3,3,usa
6020,@accenture.com,10,14.33,2,5,INDIA
6021,@uber.com,6,39.78,4,3,
6022,@yahoo.com,7,20.97,2,4,united states
6023,@unknown_typo,10,11.9,3,6,
6024,@uber.com,3,5.56,2,5,
6025,@netflix.com,6,15.18,3,5,usa
6026,@yahoo.com,16,18.8,6,1,GERMANY
6027,@gmail.com,7,15.23,4,2,GERMANY
6028,@gmail.com,7,21.12,2,2,INDIA
6029,@uber.com,8,4.91,1,5,united states
6030,@gmail.com,4,10.63,3,4,united states
6031,@gmail.com,6,11.93,3,8,
6032,@yahoo.com,9,1.41,0,4,united states
6033,@microsoft.com,11,2.91,9,4,usa
6034,@microsoft.com,3,5.49,3,8,INDIA
6035,@gmail.com,16,0.73,6,1,USA
6036,@gmail.com,4,3.99,2,5,USA
6037,@microsoft.com,7,11.08,1,5,GERMANY
6038,@unknown_typo,12,,6,7,INDIA
6039,@uber.com,8,4.3,3,3,united states
6040,@netflix.com,14,43.92,9,6,united states
6041,@meta.com,10,9.44,4,6,usa
6042,@microsoft.com,6,15.21,2,5,USA
6043,@gmail.com,2,0.46,3,5,
6044,@uber.com,12,7.64,9,4,uk
6045,@microsoft.com,11,11.72,6,6,INDIA
6046,@microsoft.com,6,5.62,1,3,uk
6047,@yahoo.com,8,2.82,4,5,usa
6048,@yahoo.com,10,3.37,5,6,GERMANY
6049,@gmail.com,11,9.43,6,6,uk
6050,@yahoo.com,9,1.1,2,7,INDIA
6051,@gmail.com,5,4.01,5,5,INDIA
6052,@accenture.com,21,19.07,9,3,USA
6053,@gmail.com,2,3.63,0,3,GERMANY
6054,@gmail.com,6,1.87,3,5,GERMANY
6055,@yahoo.com,9,1.31,3,6,united states
6056,@uber.com,9,67.28,2,3,INDIA
6057,@yahoo.com,18,1.36,12,6,USA
6058,@gmail.com,2,8.52,4,5,UK
6059,@microsoft.com,29,10.73,3,3,INDIA
6060,@gmail.com,4,50.11,1,4,UK
6061,@netflix.com,8,33.26,1,6,INDIA
6062,@netflix.com,1,4.07,1,3,INDIA
6063,@yahoo.com,29,1.33,6,15,INDIA
6064,@gmail.com,10,8.64,3,5,uk
6065,@meta.com,9,1.6,4,3,united states
6066,@gmail.com,5,30.73,6,5,uk
6067,@yahoo.com,5,,4,7,India
6068,@gmail.com,7,43.18,1,3,GERMANY
6069,@netflix.com,10,12.64,6,3,uk
6070,@gmail.com,3,6.8,3,5,uk
6071,@microsoft.com,9,10.42,3,6,united states
6072,@meta.com,6,2.63,0,1,INDIA
6073,@yahoo.com,21,9.33,12,6,India
6074,@gmail.com,4,99.77,3,8,united states
6075,@unknown_typo,15,17.59,15,7,INDIA
6076,@yahoo.com,9,0.97,1,3,USA
6077,@microsoft.com,11,19.4,9,6,GERMANY
6078,@gmail.com,5,1.59,4,4,India
6079,@yahoo.com,16,7.43,9,2,INDIA
6080,@yahoo.com,15,23.14,12,2,
6081,@gmail.com,3,2.06,0,6,
6082,@gmail.com,4,5.2,2,5,USA
6083,@accenture.com,7,3.26,1,5,uk
6084,@gmail.com,7,30.61,2,4,
6085,@gmail.com,4,2.4,1,12,India
6086,@yahoo.com,8,11.51,4,4,India
6087,@meta.com,8,4.83,4,7,usa
6088,@gmail.com,6,10.62,2,5,
6089,@microsoft.com,19,2.75,18,9,usa
6090,@gmail.com,4,21.26,1,4,united states
6091,@gmail.com,7,15.45,1,9,united states
6092,@gmail.com,5,0.67,4,5,INDIA
6093,@accenture.com,6,44.22,1,3,uk
6094,@gmail.com,9,33.52,3,5,uk
6095,@gmail.com,5,5.3,4,6,
6096,@yahoo.com,11,5.18,6,5,uk
6097,@accenture.com,22,10.37,3,3,GERMANY
6098,@gmail.com,5,14.48,3,8,UK
6099,@yahoo.com,17,5.16,15,5,India
6100,@gmail.com,6,23.8,2,3,GERMANY
6101,@yahoo.com,16,1.23,0,7,united states
6102,@microsoft.com,5,7.61,1,4,India
6103,@microsoft.com,15,12.17,6,3,UK
6104,@gmail.com,3,24.12,0,7,GERMANY
6105,@gmail.com,7,30.81,0,3,USA
6106,@gmail.com,10,4.2,6,6,UK
6107,@gmail.com,1,4.14,4,4,India
6108,@gmail.com,7,6.89,5,6,INDIA
6109,@meta.com,9,8.37,2,4,USA
6110,@unknown_typo,7,28.3,3,4,uk
6111,@unknown_typo,8,0.11,4,4,USA
6112,@accenture.com,15,17.33,12,4,GERMANY
6113,@microsoft.com,3,3.73,3,5,GERMANY
6114,@uber.com,9,32.11,4,8,UK
6115,@gmail.com,1,5.73,3,5,USA
6116,@microsoft.com,12,11.57,15,3,united states
6117,@yahoo.com,6,5.99,4,1,UK
6118,@yahoo.com,12,8.31,12,5,usa
6119,@meta.com,6,11.08,0,6,GERMANY
6120,@gmail.com,4,20.65,2,6,INDIA
6121,@gmail.com,6,1.93,3,8,USA
6122,@netflix.com,22,6.51,9,3,USA
6123,@gmail.com,3,15.31,4,6,USA
6124,@yahoo.com,11,13.33,6,2,uk
6125,@netflix.com,6,22.77,2,5,GERMANY
6126,@microsoft.com,4,32.98,4,6,GERMANY
6127,@yahoo.com,12,1.48,9,1,USA
6128,@gmail.com,10,18.77,2,4,
6129,@gmail.com,7,5.01,2,4,
6130,@accenture.com,24,9.85,3,7,usa
6131,@microsoft.com,7,14.82,4,1,GERMANY
6132,@yahoo.com,16,2.45,12,3,INDIA
6133,@gmail.com,4,6.38,5,6,
6134,@gmail.com,9,56.0,0,2,united states
6135,@unknown_typo,14,2.2,9,5,India
6136,@gmail.com,8,1.31,5,5,
6137,@microsoft.com,4,27.19,8,1,GERMANY
6138,@gmail.com,8,8.45,1,6,USA
6139,@uber.com,10,16.85,5,4,GERMANY
6140,@netflix.com,10,5.47,5,2,GERMANY
6141,@microsoft.com,4,3.32,2,3,USA
6142,@gmail.com,2,3.58,1,6,GERMANY
6143,@microsoft.com,10,3.26,4,5,united states
6144,@meta.com,8,4.25,3,5,UK
6145,@yahoo.com,16,3.75,9,5,united states
6146,@accenture.com,16,25.21,3,7,
6147,@microsoft.com,15,11.43,18,4,INDIA
6148,@netflix.com,10,5.28,2,2,uk
6149,@microsoft.com,19,6.35,9,6,USA
6150,@gmail.com,3,,4,4,
6151,@gmail.com,4,3.05,2,9,India
6152,@gmail.com,9,32.67,5,5,INDIA
6153,@netflix.com,12,20.02,15,6,UK
6154,@meta.com,9,14.26,4,5,united states
6155,@uber.com,1,,3,9,India
6156,@gmail.com,6,8.25,4,8,uk
6157,@gmail.com,2,8.67,1,6,united states
6158,@meta.com,19,23.85,12,2,USA
6159,@yahoo.com,13,24.98,6,6,GERMANY
6160,@gmail.com,2,12.7,3,7,India
6161,@microsoft.com,13,,6,5,INDIA
6162,@gmail.com,4,24.92,5,4,INDIA
6163,@gmail.com,8,6.05,1,2,USA
6164,@yahoo.com,5,14.65,4,3,India
6165,@gmail.com,7,8.59,4,4,
6166,,11,1.55,6,5,united states
6167,@gmail.com,5,15.68,2,4,USA
6168,@gmail.com,3,13.28,4,5,
6169,@gmail.com,5,1.62,1,4,INDIA
6170,@meta.com,15,1.1,9,7,GERMANY
6171,@yahoo.com,3,4.31,2,7,
6172,@microsoft.com,14,26.88,6,3,India
6173,@gmail.com,3,0.99,1,10,usa
6174,@gmail.com,3,9.25,5,3,UK
6175,@yahoo.com,11,2.96,6,6,usa
6176,@accenture.com,9,4.39,4,1,GERMANY
6177,@netflix.com,18,22.04,3,7,UK
6178,@gmail.com,8,28.52,3,3,
6179,@yahoo.com,0,13.02,5,6,USA
6180,@netflix.com,13,29.84,9,7,GERMANY
6181,@gmail.com,6,29.16,4,5,USA
6182,@accenture.com,6,3.76,5,6,India
6183,@gmail.com,3,15.54,5,9,USA
6184,@netflix.com,15,22.6,15,4,INDIA
6185,@meta.com,16,12.35,3,2,India
6186,@netflix.com,8,24.58,5,7,
6187,@uber.com,8,14.87,6,4,INDIA
6188,@gmail.com,5,5.02,3,4,uk
6189,@netflix.com,8,17.36,3,2,INDIA
6190,@gmail.com,11,,15,6,usa
6191,@gmail.com,11,14.71,9,8,INDIA
6192,@uber.com,10,1.5,4,2,UK
6193,@meta.com,17,2.02,12,6,USA
6194,@netflix.com,8,,5,7,GERMANY
6195,@gmail.com,3,8.47,3,5,INDIA
6196,@meta.com,3,3.64,4,8,GERMANY
6197,@meta.com,5,1.46,3,10,united states
6198,@gmail.com,9,4.58,4,2,uk
6199,@gmail.com,6,5.25,3,4,India
6200,@gmail.com,3,61.09,5,1,UK
6201,@gmail.com,3,26.98,4,7,INDIA
6202,,8,1.23,1,9,united states
6203,@microsoft.com,5,,3,4,uk
6204,@uber.com,7,12.45,5,2,UK
6205,@unknown_typo,1,,5,8,GERMANY
6206,@gmail.com,1,20.59,1,11,usa
6207,@accenture.com,4,,3,4,GERMANY
6208,@yahoo.com,9,19.73,1,4,USA
6209,@accenture.com,6,33.85,2,6,usa
6210,@gmail.com,8,32.13,1,5,uk
6211,@netflix.com,21,22.2,6,3,usa
6212,@gmail.com,9,40.94,2,5,uk
6213,@gmail.com,14,18.43,18,4,uk
6214,@meta.com,10,17.41,5,2,
6215,@gmail.com,2,0.4,3,5,uk
6216,@microsoft.com,7,2.87,0,4,UK
6217,@yahoo.com,8,22.81,4,7,India
6218,@meta.com,5,89.89,3,2,united states
6219,@gmail.com,14,19.09,9,5,India
6220,@gmail.com,4,13.01,3,2,India
6221,@gmail.com,6,3.04,4,5,
6222,@yahoo.com,13,44.32,12,1,united states
6223,@gmail.com,4,,4,4,USA
6224,@gmail.com,1,10.07,4,5,UK
6225,@gmail.com,6,29.64,7,4,USA
6226,@gmail.com,2,45.95,2,8,uk
6227,@microsoft.com,20,6.96,6,4,UK
6228,@netflix.com,2,10.88,2,4,usa
6229,@gmail.com,6,1.83,3,6,UK
6230,@microsoft.com,16,,12,5,UK
6231,@uber.com,21,1.93,15,5,India
6232,@yahoo.com,12,39.68,9,3,usa
6233,@uber.com,8,,2,6,
6234,@yahoo.com,5,35.92,5,6,GERMANY
6235,@yahoo.com,9,9.03,2,8,united states
6236,@gmail.com,5,13.45,4,5,usa
6237,@uber.com,4,0.54,5,1,GERMANY
6238,@uber.com,10,,6,5,USA
6239,@gmail.com,2,10.2,4,4,USA
6240,@gmail.com,5,0.14,2,5,
6241,@unknown_typo,6,16.22,4,8,uk
6242,@yahoo.com,8,27.39,2,9,India
6243,@yahoo.com,16,0.38,0,3,united states
6244,@netflix.com,15,10.17,3,6,united states
6245,@uber.com,7,0.51,3,6,India
6246,@microsoft.com,9,30.99,6,6,India
6247,@meta.com,9,2.63,6,4,India
6248,@accenture.com,12,0.9,9,5,
6249,@yahoo.com,12,29.25,9,2,united states
6250,@yahoo.com,7,8.82,2,6,USA
6251,@gmail.com,5,1.5,2,3,GERMANY
6252,@unknown_typo,7,15.66,6,5,INDIA
6253,@uber.com,19,18.34,9,8,usa
6254,@gmail.com,6,12.6,0,5,usa
6255,@accenture.com,5,6.05,2,6,India
6256,@yahoo.com,11,8.29,6,2,
6257,@gmail.com,1,46.46,1,5,INDIA
6258,@yahoo.com,7,11.47,4,5,uk
6259,@yahoo.com,15,7.59,3,4,uk
6260,@accenture.com,6,18.47,4,6,UK
6261,@gmail.com,9,1.19,4,7,
6262,@accenture.com,10,5.14,5,6,usa
6263,@microsoft.com,3,3.85,4,5,
6264,@gmail.com,9,,4,4,GERMANY
6265,@unknown_typo,6,13.89,5,3,India
6266,@yahoo.com,15,21.37,12,6,
6267,@gmail.com,13,8.35,3,5,India
6268,@yahoo.com,15,2.87,3,5,uk
6269,@accenture.com,12,3.03,9,5,usa
6270,@gmail.com,6,33.42,2,3,INDIA
6271,@gmail.com,6,1.17,0,2,
6272,@gmail.com,3,13.53,1,6,usa
6273,@gmail.com,7,3.95,5,2,INDIA
6274,@meta.com,11,3.62,3,10,usa
6275,@yahoo.com,25,1.55,6,6,USA
6276,@gmail.com,3,58.15,3,4,united states
6277,@gmail.com,4,0.94,1,4,GERMANY
6278,@gmail.com,5,2.4,6,4,INDIA
6279,@netflix.com,12,6.82,0,8,UK
6280,@gmail.com,7,9.13,2,4,UK
6281,,8,45.18,1,6,uk
6282,@yahoo.com,16,4.15,15,8,UK
6283,@gmail.com,8,19.15,3,3,India
6284,@netflix.com,9,16.02,8,1,usa
6285,@yahoo.com,13,10.93,12,10,GERMANY
6286,@uber.com,10,,3,8,INDIA
6287,,8,2.56,1,2,UK
6288,@gmail.com,4,2.91,3,4,India
6289,@gmail.com,4,6.37,3,6,uk
6290,@uber.com,11,2.21,12,8,GERMANY
6291,@gmail.com,2,98.36,2,4,INDIA
6292,@gmail.com,11,8.85,3,4,India
6293,@gmail.com,3,11.62,3,5,GERMANY
6294,@gmail.com,5,14.37,2,7,USA
6295,@meta.com,8,3.27,6,4,united states
6296,@gmail.com,2,9.86,1,5,usa
6297,@yahoo.com,11,0.97,15,7,USA
6298,@microsoft.com,8,52.19,3,4,USA
6299,@yahoo.com,8,9.6,0,7,united states
6300,@gmail.com,3,0.45,1,3,USA
6301,@meta.com,21,13.71,3,5,
6302,@gmail.com,6,1.58,2,4,USA
6303,@meta.com,1,23.41,4,5,USA
6304,@netflix.com,21,45.98,0,7,
6305,@yahoo.com,7,37.25,3,4,USA
6306,@yahoo.com,19,8.37,15,6,INDIA
6307,@yahoo.com,9,18.7,2,5,united states
6308,@gmail.com,9,2.54,4,5,united states
6309,@netflix.com,22,1.18,6,5,UK
6310,@netflix.com,7,25.81,1,1,usa
6311,@gmail.com,0,17.82,1,4,usa
6312,@microsoft.com,5,35.64,1,7,UK
6313,@netflix.com,7,36.9,4,3,India
6314,@unknown_typo,10,6.4,1,13,INDIA
6315,@yahoo.com,6,5.76,4,2,usa
6316,@yahoo.com,21,8.75,12,5,India
6317,@gmail.com,6,16.43,3,5,united states
6318,@unknown_typo,13,0.08,3,5,uk
6319,@gmail.com,6,11.47,2,4,uk
6320,@microsoft.com,6,0.3,5,6,GERMANY
6321,@gmail.com,4,8.99,1,8,usa
6322,@gmail.com,6,1.29,3,3,united states
6323,@yahoo.com,16,12.39,21,8,
6324,,4,,4,3,GERMANY
6325,@gmail.com,1,9.78,2,5,united states
6326,@microsoft.com,8,47.44,5,6,uk
6327,@gmail.com,3,6.25,4,3,India
6328,@gmail.com,5,19.06,2,2,united states
6329,@yahoo.com,14,17.25,6,4,INDIA
6330,@yahoo.com,16,30.48,6,1,usa
6331,@gmail.com,7,6.11,4,2,
6332,@gmail.com,9,0.87,3,5,
6333,@gmail.com,1,52.92,8,6,uk
6334,@gmail.com,7,6.75,0,7,UK
6335,@unknown_typo,14,3.23,9,5,USA
6336,@netflix.com,22,36.82,6,5,India
6337,@gmail.com,4,3.17,0,5,GERMANY
6338,@microsoft.com,15,11.29,6,6,GERMANY
6339,@netflix.com,8,21.13,1,4,united states
6340,@gmail.com,2,19.7,3,5,USA
6341,@accenture.com,6,0.45,2,4,UK
6342,@netflix.com,18,3.39,6,4,USA
6343,@gmail.com,7,32.91,6,3,usa
6344,@gmail.com,15,12.08,12,5,INDIA
6345,@unknown_typo,19,17.43,6,5,uk
6346,@yahoo.com,14,,0,1,INDIA
6347,@gmail.com,12,20.51,9,5,uk
6348,@gmail.com,8,5.12,2,7,INDIA
6349,@yahoo.com,12,3.96,6,6,INDIA
6350,@uber.com,14,87.71,12,9,INDIA
6351,@meta.com,9,2.57,2,5,usa
6352,,12,59.74,21,1,India
6353,@gmail.com,4,39.16,2,1,UK
6354,@yahoo.com,23,18.81,12,5,uk
6355,@yahoo.com,3,13.08,4,4,usa
6356,@yahoo.com,6,0.07,7,1,USA
6357,@gmail.com,3,15.13,5,4,GERMANY
6358,@unknown_typo,12,22.2,6,5,usa
6359,@accenture.com,13,,9,5,UK
6360,@yahoo.com,10,2.83,2,5,GERMANY
6361,@microsoft.com,5,11.8,2,6,USA
6362,@gmail.com,8,11.98,2,4,UK
6363,@yahoo.com,15,15.87,6,9,united states
6364,@uber.com,13,26.66,6,3,GERMANY
6365,@yahoo.com,6,17.97,1,5,INDIA
6366,,7,2.29,5,4,GERMANY
6367,@microsoft.com,4,0.29,5,7,INDIA
6368,@gmail.com,15,2.2,12,6,GERMANY
6369,@meta.com,26,0.62,12,5,uk
6370,@gmail.com,6,8.61,4,4,
6371,@gmail.com,2,5.01,2,7,INDIA
6372,@gmail.com,9,0.11,1,5,USA
6373,@yahoo.com,18,1.26,9,5,GERMANY
6374,@meta.com,13,7.6,3,7,INDIA
6375,@yahoo.com,15,42.14,9,2,usa
6376,@meta.com,9,78.88,4,7,united states
6377,@microsoft.com,4,0.77,0,1,UK
6378,@gmail.com,9,26.63,2,9,India
6379,@accenture.com,12,9.82,12,6,India
6380,@gmail.com,2,14.55,2,6,INDIA
6381,@gmail.com,3,10.58,1,8,
6382,@yahoo.com,9,38.76,0,4,usa
6383,@gmail.com,7,9.77,3,5,INDIA
6384,@gmail.com,5,,0,3,India
6385,@microsoft.com,21,22.7,9,5,united states
6386,@yahoo.com,21,10.82,9,5,India
6387,@yahoo.com,20,1.87,9,11,uk
6388,@unknown_typo,11,9.29,6,5,united states
6389,@microsoft.com,7,17.44,4,5,INDIA
6390,@accenture.com,11,5.26,3,6,usa
6391,@gmail.com,0,36.45,5,8,UK
6392,@microsoft.com,14,28.45,3,5,UK
6393,@accenture.com,12,12.59,6,2,united states
6394,@microsoft.com,8,0.84,4,1,GERMANY
6395,@uber.com,18,13.13,3,2,USA
6396,@gmail.com,4,8.06,2,5,GERMANY
6397,@gmail.com,10,19.31,5,3,GERMANY
6398,@yahoo.com,9,4.66,1,5,usa
6399,@gmail.com,5,13.96,2,11,GERMANY
6400,@accenture.com,9,12.13,1,6,INDIA
6401,@gmail.com,2,11.23,2,8,USA
6402,@unknown_typo,16,1.85,0,4,INDIA
6403,@unknown_typo,8,10.1,3,3,USA
6404,@gmail.com,14,12.0,12,3,UK
6405,@gmail.com,8,39.4,1,4,
6406,@netflix.com,5,9.27,2,5,UK
6407,@unknown_typo,10,15.32,4,5,usa
6408,@yahoo.com,7,12.63,1,1,GERMANY
6409,@gmail.com,5,3.26,2,6,uk
6410,@yahoo.com,10,3.06,3,3,usa
6411,@uber.com,5,20.17,1,7,INDIA
6412,@gmail.com,4,11.11,3,8,INDIA
6413,@meta.com,13,33.96,6,5,INDIA
6414,@gmail.com,4,35.81,1,6,uk
6415,@gmail.com,3,5.29,0,4,INDIA
6416,@gmail.com,1,1.61,2,3,united states
6417,@gmail.com,8,6.33,4,5,
6418,@gmail.com,3,1.04,1,4,GERMANY
6419,@yahoo.com,6,22.8,2,9,uk
6420,@gmail.com,4,2.37,3,8,India
6421,@gmail.com,9,30.19,2,3,India
6422,@gmail.com,4,8.05,4,0,uk
6423,@unknown_typo,8,,4,5,USA
6424,@yahoo.com,15,10.44,12,9,USA
6425,@yahoo.com,13,13.95,3,5,GERMANY
6426,@microsoft.com,20,18.14,15,5,usa
6427,,4,6.19,8,7,INDIA
6428,@gmail.com,7,61.09,2,5,united states
6429,@uber.com,18,8.23,15,1,India
6430,@uber.com,18,26.98,18,6,GERMANY
6431,@microsoft.com,3,0.53,2,6,
6432,@gmail.com,5,22.57,1,10,usa
6433,@uber.com,11,12.02,12,2,uk
6434,@gmail.com,7,15.31,4,0,uk
6435,@microsoft.com,16,7.0,6,4,INDIA
6436,@meta.com,14,11.81,0,2,usa
6437,@gmail.com,5,40.37,2,1,GERMANY
6438,@accenture.com,7,7.32,2,3,usa
6439,@gmail.com,1,1.68,5,6,united states
6440,@accenture.com,12,19.12,12,8,usa
6441,@yahoo.com,7,10.55,2,1,USA
6442,@gmail.com,4,8.3,3,4,uk
6443,@gmail.com,7,22.56,6,6,INDIA
6444,@unknown_typo,5,12.39,3,1,USA
6445,@gmail.com,3,14.97,0,6,usa
6446,@gmail.com,5,39.07,1,8,UK
6447,@gmail.com,9,0.9,6,4,
6448,@microsoft.com,12,4.56,3,7,INDIA
6449,@yahoo.com,5,34.27,4,6,USA
6450,@gmail.com,2,23.61,0,5,India
6451,@gmail.com,8,3.13,1,7,GERMANY
6452,@gmail.com,5,2.78,7,2,India
6453,@gmail.com,5,26.16,6,3,India
6454,@yahoo.com,11,12.07,15,8,INDIA
6455,@uber.com,7,29.53,4,3,India
6456,@gmail.com,6,37.46,4,5,UK
6457,@gmail.com,6,1.08,2,2,GERMANY
6458,@gmail.com,4,52.49,1,3,INDIA
6459,@unknown_typo,7,18.91,3,10,
6460,@unknown_typo,12,26.98,6,2,USA
6461,@accenture.com,2,14.93,4,10,
6462,@gmail.com,8,5.46,1,4,GERMANY
6463,@gmail.com,5,13.72,7,5,GERMANY
6464,@gmail.com,1,10.88,0,7,united states
6465,@gmail.com,7,40.34,3,5,
6466,@yahoo.com,3,12.15,1,5,usa
6467,@meta.com,16,0.42,12,6,UK
6468,@accenture.com,11,17.38,9,2,GERMANY
6469,@accenture.com,21,0.78,12,4,uk
6470,@gmail.com,2,43.24,0,3,UK
6471,@uber.com,3,10.0,2,7,uk
6472,@gmail.com,7,51.63,3,7,USA
6473,@gmail.com,3,0.39,4,9,GERMANY
6474,@uber.com,19,11.42,15,2,UK
6475,@gmail.com,5,3.85,5,4,uk
6476,@yahoo.com,5,15.36,4,6,INDIA
6477,@gmail.com,6,10.34,5,6,UK
6478,@uber.com,15,12.52,6,5,uk
6479,@meta.com,6,6.69,6,3,united states
6480,@gmail.com,5,0.79,4,3,uk
6481,@accenture.com,17,1.68,15,6,USA
6482,@gmail.com,3,29.34,2,6,India
6483,@yahoo.com,5,18.2,4,2,UK
6484,@uber.com,11,22.01,9,5,uk
6485,@uber.com,9,1.96,3,6,INDIA
6486,,9,0.76,4,4,
6487,@gmail.com,3,,5,5,India
6488,@uber.com,18,11.07,9,4,India
6489,@microsoft.com,16,10.42,3,7,uk
6490,@netflix.com,12,1.76,3,9,
6491,@gmail.com,4,6.38,4,4,usa
6492,@meta.com,8,11.33,4,6,USA
6493,@microsoft.com,18,16.9,9,5,GERMANY
6494,@gmail.com,7,,2,4,USA
6495,@yahoo.com,11,15.38,18,3,India
6496,@gmail.com,4,0.46,2,4,uk
6497,@microsoft.com,19,13.23,9,4,uk
6498,@netflix.com,5,1.38,3,3,united states
6499,@microsoft.com,7,12.48,2,2,UK
6500,@microsoft.com,12,7.07,3,5,
6501,@yahoo.com,19,5.06,12,5,usa
6502,@gmail.com,4,9.86,1,5,GERMANY
6503,@gmail.com,4,7.21,1,9,united states
6504,@yahoo.com,12,,9,14,UK
6505,@gmail.com,1,3.85,2,6,UK
6506,@gmail.com,5,2.21,3,7,
6507,@yahoo.com,12,27.21,15,6,
6508,@gmail.com,3,4.18,4,7,usa
6509,@gmail.com,10,0.49,3,3,India
6510,@yahoo.com,9,7.34,2,4,USA
6511,@gmail.com,7,25.64,4,4,usa
6512,@netflix.com,7,8.48,3,6,uk
6513,@accenture.com,10,9.53,3,7,GERMANY
6514,@uber.com,8,0.73,5,9,UK
6515,@gmail.com,12,18.62,9,4,USA
6516,@meta.com,23,6.32,3,7,united states
6517,@accenture.com,20,19.56,9,5,
6518,@meta.com,12,7.94,6,7,united states
6519,@gmail.com,3,11.23,3,4,uk
6520,@microsoft.com,10,13.36,4,5,India
6521,@accenture.com,7,3.29,5,6,uk
6522,@microsoft.com,11,5.22,3,3,usa
6523,@microsoft.com,13,13.21,9,4,India
6524,@yahoo.com,18,25.97,6,3,GERMANY
6525,@yahoo.com,14,48.83,9,2,uk
6526,@gmail.com,7,11.14,2,2,USA
6527,@microsoft.com,8,1.15,8,6,uk
6528,@gmail.com,5,46.86,2,3,united states
6529,@yahoo.com,12,8.19,6,3,USA
6530,@gmail.com,6,1.62,3,4,UK
6531,@yahoo.com,14,,9,6,UK
6532,@gmail.com,3,4.94,3,8,India
6533,@uber.com,11,16.04,6,10,USA
6534,@meta.com,20,2.33,6,3,INDIA
6535,@gmail.com,3,19.07,2,6,USA
6536,@gmail.com,5,56.14,3,5,GERMANY
6537,@gmail.com,4,,2,6,
6538,@accenture.com,12,2.02,15,8,INDIA
6539,@yahoo.com,18,21.96,15,9,UK
6540,@yahoo.com,2,16.37,4,8,usa
6541,@gmail.com,5,24.25,0,1,uk
6542,@microsoft.com,15,6.08,12,4,GERMANY
6543,@accenture.com,12,,12,6,India
6544,@accenture.com,7,6.27,3,5,UK
6545,@microsoft.com,10,21.82,1,4,
6546,@gmail.com,5,24.84,6,6,GERMANY
6547,@gmail.com,3,4.3,4,6,
6548,@gmail.com,3,12.76,2,7,India
6549,@gmail.com,3,2.02,4,6,India
6550,@gmail.com,5,0.2,2,6,GERMANY
6551,@gmail.com,6,14.13,1,7,
6552,@gmail.com,7,27.51,5,4,GERMANY
6553,@netflix.com,15,35.56,18,2,UK
6554,@microsoft.com,8,14.53,1,4,
6555,@accenture.com,22,24.81,12,10,USA
6556,@uber.com,18,7.77,9,6,usa
6557,@gmail.com,6,31.23,1,4,GERMANY
6558,@meta.com,10,22.36,3,7,UK
6559,@gmail.com,6,5.53,3,6,uk
6560,@microsoft.com,10,13.64,1,3,uk
6561,@gmail.com,7,0.79,3,6,UK
6562,,9,2.38,4,3,
6563,@gmail.com,4,43.96,5,3,USA
6564,@gmail.com,5,0.15,7,10,
6565,@netflix.com,5,3.41,3,3,INDIA
6566,@gmail.com,5,2.24,1,5,USA
6567,@uber.com,12,18.0,9,7,GERMANY
6568,@uber.com,13,1.68,15,4,uk
6569,@accenture.com,11,0.31,15,5,USA
6570,@unknown_typo,13,39.99,9,5,united states
6571,@unknown_typo,13,30.93,6,4,GERMANY
6572,@gmail.com,7,6.66,3,5,united states
6573,@accenture.com,9,1.59,2,8,uk
6574,@microsoft.com,10,17.01,4,1,
6575,@microsoft.com,5,32.2,1,4,USA
6576,@gmail.com,2,55.13,4,4,usa
6577,@uber.com,13,2.09,18,1,united states
6578,,13,13.75,9,4,GERMANY
6579,@netflix.com,18,8.45,6,4,GERMANY
6580,@yahoo.com,6,2.56,5,4,united states
6581,@gmail.com,7,24.75,1,5,united states
6582,@gmail.com,8,,4,4,
6583,@accenture.com,12,50.14,6,7,USA
6584,@uber.com,15,1.34,6,2,UK
6585,@yahoo.com,30,4.09,3,3,INDIA
6586,@gmail.com,2,26.37,3,5,USA
6587,@yahoo.com,12,7.55,15,8,INDIA
6588,@yahoo.com,2,9.69,3,7,INDIA
6589,@netflix.com,34,14.18,6,5,usa
6590,@microsoft.com,12,7.88,12,5,usa
6591,@gmail.com,13,0.54,3,3,uk
6592,@yahoo.com,9,13.89,2,6,GERMANY
6593,@gmail.com,9,3.9,2,4,USA
6594,@unknown_typo,24,52.04,6,5,united states
6595,@gmail.com,5,17.58,3,3,
6596,@yahoo.com,17,27.55,12,6,INDIA
6597,@gmail.com,6,46.32,4,6,
6598,@uber.com,20,0.98,15,4,uk
6599,@uber.com,3,2.41,2,6,united states
6600,@uber.com,19,24.76,6,8,GERMANY
6601,@gmail.com,10,32.42,3,6,UK
6602,@gmail.com,4,0.07,4,3,GERMANY
6603,@gmail.com,7,43.57,4,6,UK
6604,@uber.com,5,9.09,3,3,INDIA
6605,@gmail.com,8,9.32,1,5,USA
6606,@microsoft.com,9,31.65,2,8,GERMANY
6607,@accenture.com,8,,1,7,USA
6608,@netflix.com,24,13.14,12,3,united states
6609,@yahoo.com,2,6.1,2,3,GERMANY
6610,@yahoo.com,11,1.81,12,8,uk
6611,@gmail.com,4,6.66,1,6,united states
6612,@uber.com,13,2.85,3,4,India
6613,@accenture.com,20,11.04,6,5,
6614,@gmail.com,5,11.32,4,3,USA
6615,@yahoo.com,27,8.63,18,8,
6616,@accenture.com,17,2.86,9,6,
6617,@accenture.com,5,1.9,6,1,India
6618,@gmail.com,4,1.66,4,5,India
6619,@microsoft.com,12,1.78,3,2,UK
6620,@gmail.com,4,5.24,4,2,
6621,@gmail.com,6,0.03,3,3,GERMANY
6622,@netflix.com,11,0.96,3,10,uk
6623,@accenture.com,13,9.54,12,6,united states
6624,@meta.com,7,3.03,2,6,united states
6625,@gmail.com,7,4.59,2,3,GERMANY
6626,@accenture.com,8,6.54,1,8,INDIA
6627,@yahoo.com,13,0.61,15,8,usa
6628,@gmail.com,3,,4,3,INDIA
6629,@yahoo.com,20,22.49,18,9,united states
6630,@gmail.com,2,6.25,2,4,united states
6631,@meta.com,15,3.09,6,7,USA
6632,@microsoft.com,12,,3,6,usa
6633,@gmail.com,6,62.73,5,3,INDIA
6634,@gmail.com,6,2.41,1,4,India
6635,@gmail.com,6,35.37,1,6,uk
6636,@gmail.com,6,1.26,4,3,uk
6637,@microsoft.com,6,31.12,1,4,GERMANY
6638,@accenture.com,16,10.61,6,3,GERMANY
6639,@gmail.com,4,14.07,2,4,uk
6640,@gmail.com,2,4.23,4,2,INDIA
6641,@microsoft.com,4,34.33,3,4,INDIA
6642,@accenture.com,16,13.27,15,5,usa
6643,@gmail.com,8,16.89,3,2,
6644,@gmail.com,5,12.2,2,8,INDIA
6645,@microsoft.com,9,2.01,1,4,INDIA
6646,@gmail.com,3,27.14,1,9,INDIA
6647,@gmail.com,2,3.04,0,3,usa
6648,@meta.com,9,5.18,2,4,uk
6649,@microsoft.com,17,16.61,12,8,UK
6650,@microsoft.com,32,1.47,9,6,GERMANY
6651,@meta.com,14,40.64,3,6,usa
6652,@uber.com,18,1.99,12,4,united states
6653,@gmail.com,10,16.5,2,3,
6654,@gmail.com,3,15.12,5,4,GERMANY
6655,@gmail.com,15,17.96,9,3,GERMANY
6656,@gmail.com,7,8.52,4,3,uk
6657,@uber.com,15,7.23,9,4,UK
6658,@accenture.com,16,57.02,3,3,India
6659,@unknown_typo,12,25.49,6,6,INDIA
6660,@microsoft.com,5,9.97,4,4,USA
6661,@gmail.com,7,3.02,1,5,India
6662,@gmail.com,3,33.18,1,1,India
6663,@accenture.com,14,15.69,15,2,INDIA
6664,@microsoft.com,15,2.19,9,2,usa
6665,@microsoft.com,13,3.03,6,7,usa
6666,@meta.com,15,11.67,3,5,India
6667,@uber.com,16,10.51,12,3,united states
6668,@accenture.com,7,7.9,2,7,India
6669,@gmail.com,9,8.35,6,6,united states
6670,@meta.com,15,2.83,0,7,GERMANY
6671,@accenture.com,17,4.42,3,6,
6672,@gmail.com,8,10.18,1,6,USA
6673,@microsoft.com,14,,12,4,USA
6674,@gmail.com,8,6.52,3,3,united states
6675,@unknown_typo,8,3.54,2,7,UK
6676,@gmail.com,14,2.88,6,5,USA
6677,@microsoft.com,12,2.38,9,4,usa
6678,@gmail.com,4,2.27,2,5,GERMANY
6679,@uber.com,17,2.62,9,11,usa
6680,@gmail.com,3,7.03,4,2,usa
6681,@gmail.com,8,1.6,2,1,uk
6682,@yahoo.com,9,34.1,3,5,uk
6683,@netflix.com,5,10.33,2,2,India
6684,@gmail.com,7,10.54,1,4,India
6685,@gmail.com,6,3.56,1,8,INDIA
6686,@meta.com,7,30.28,2,9,usa
6687,@yahoo.com,19,26.42,0,5,INDIA
6688,@netflix.com,12,0.52,3,5,uk
6689,@gmail.com,13,19.77,6,5,UK
6690,@microsoft.com,8,3.06,5,5,usa
6691,@gmail.com,4,12.17,2,6,India
6692,@gmail.com,6,30.66,3,6,USA
6693,@uber.com,29,40.78,6,6,INDIA
6694,@microsoft.com,7,3.06,4,6,UK
6695,@meta.com,2,,2,4,USA
6696,@gmail.com,6,1.08,2,6,united states
6697,@yahoo.com,13,36.01,9,8,GERMANY
6698,@yahoo.com,4,22.2,6,5,UK
6699,,5,36.77,0,8,India
6700,@gmail.com,6,,3,6,uk
6701,@gmail.com,12,42.4,3,2,united states
6702,@gmail.com,3,25.6,4,7,united states
6703,@microsoft.com,5,,5,9,usa
6704,@gmail.com,5,6.21,2,4,
6705,@netflix.com,7,6.63,6,7,INDIA
6706,@gmail.com,4,13.33,2,5,united states
6707,@netflix.com,6,3.01,5,6,united states
6708,@gmail.com,3,8.52,4,2,usa
6709,@uber.com,8,1.05,4,8,UK
6710,@netflix.com,0,6.65,5,3,
6711,@gmail.com,2,16.48,2,8,INDIA
6712,@unknown_typo,5,13.35,6,2,united states
6713,@yahoo.com,5,5.71,2,1,
6714,@netflix.com,4,,3,6,UK
6715,@uber.com,10,5.94,4,3,India
6716,@gmail.com,4,1.08,4,7,usa
6717,@gmail.com,4,4.47,4,7,united states
6718,@gmail.com,4,18.47,1,3,INDIA
6719,@gmail.com,5,,2,4,India
6720,@gmail.com,15,2.23,0,6,usa
6721,@gmail.com,8,28.07,2,4,
6722,@yahoo.com,12,4.05,6,4,GERMANY
6723,@meta.com,20,4.34,18,6,INDIA
6724,@gmail.com,6,9.33,1,4,united states
6725,@gmail.com,8,9.58,4,1,UK
6726,@microsoft.com,11,3.09,6,6,UK
6727,@gmail.com,5,12.18,3,7,INDIA
6728,@gmail.com,4,17.85,5,6,USA
6729,@gmail.com,10,9.94,1,3,INDIA
6730,@netflix.com,2,33.87,2,7,USA
6731,@accenture.com,15,71.68,12,4,usa
6732,@gmail.com,6,11.28,4,4,GERMANY
6733,@uber.com,12,54.01,15,2,UK
6734,@yahoo.com,7,15.6,0,7,
6735,@uber.com,10,11.29,1,4,united states
6736,@uber.com,9,30.61,3,5,uk
6737,@microsoft.com,17,50.94,6,6,UK
6738,@gmail.com,4,103.76,5,6,INDIA
6739,@gmail.com,11,21.36,0,2,INDIA
6740,@yahoo.com,9,9.96,3,6,India
6741,@netflix.com,15,5.27,6,10,INDIA
6742,@microsoft.com,7,12.25,3,5,usa
6743,@accenture.com,5,,5,6,
6744,,6,0.41,1,4,INDIA
6745,@gmail.com,11,4.67,21,8,
6746,@uber.com,14,6.57,9,4,usa
6747,@uber.com,8,,2,6,uk
6748,@unknown_typo,9,,4,6,INDIA
6749,,3,,5,2,united states
6750,@uber.com,4,37.75,3,7,USA
6751,@gmail.com,2,11.59,4,6,usa
6752,@meta.com,7,,4,3,INDIA
6753,@gmail.com,7,15.98,3,5,GERMANY
6754,@meta.com,16,29.33,6,3,united states
6755,@netflix.com,7,25.1,5,9,UK
6756,@gmail.com,7,67.69,1,5,USA
6757,@microsoft.com,14,7.15,3,6,uk
6758,@yahoo.com,20,2.7,6,7,India
6759,@yahoo.com,4,21.4,1,4,GERMANY
6760,@gmail.com,7,31.16,3,9,India
6761,@meta.com,10,,2,7,USA
6762,@netflix.com,17,6.07,15,2,united states
6763,@netflix.com,18,24.69,18,4,usa
6764,@gmail.com,14,17.25,0,4,united states
6765,@accenture.com,14,21.12,9,3,UK
6766,@meta.com,8,11.75,3,5,usa
6767,@gmail.com,12,7.22,3,6,
6768,@gmail.com,3,25.02,0,5,GERMANY
6769,@gmail.com,4,12.13,2,5,UK
6770,@netflix.com,24,10.85,3,6,uk
6771,@microsoft.com,14,19.91,6,5,GERMANY
6772,@uber.com,13,3.18,0,4,UK
6773,@gmail.com,12,13.23,12,5,UK
6774,@uber.com,9,5.45,3,7,uk
6775,@gmail.com,6,0.33,3,6,
6776,@gmail.com,4,20.73,2,11,UK
6777,@microsoft.com,15,9.66,9,2,USA
6778,@gmail.com,12,35.03,6,1,INDIA
6779,@accenture.com,16,,0,4,usa
6780,@gmail.com,7,0.15,1,10,UK
6781,@uber.com,11,7.88,15,6,INDIA
6782,@yahoo.com,18,2.81,15,8,India
6783,@microsoft.com,11,38.09,6,4,uk
6784,@gmail.com,5,8.85,5,5,uk
6785,@gmail.com,1,10.72,5,5,uk
6786,@netflix.com,14,6.82,3,5,
6787,@gmail.com,5,11.08,3,4,India
6788,@accenture.com,7,1.3,2,3,usa
6789,,16,9.21,0,2,GERMANY
6790,@gmail.com,7,16.33,2,3,united states
6791,@gmail.com,3,6.98,2,9,usa
6792,@uber.com,22,,0,5,usa
6793,@unknown_typo,18,27.25,12,2,India
6794,@netflix.com,13,11.54,12,4,India
6795,@yahoo.com,8,13.29,4,4,UK
6796,@meta.com,6,5.28,3,8,GERMANY
6797,@gmail.com,8,9.9,3,3,united states
6798,@unknown_typo,9,0.83,0,1,INDIA
6799,@unknown_typo,7,8.44,6,5,India
6800,@gmail.com,1,24.35,4,4,UK
6801,@gmail.com,5,2.64,1,6,
6802,@gmail.com,7,,5,2,India
6803,@gmail.com,4,7.03,4,6,uk
6804,@accenture.com,10,0.41,2,5,USA
6805,@gmail.com,8,45.93,1,4,GERMANY
6806,@gmail.com,5,3.0,5,8,GERMANY
6807,@gmail.com,5,6.11,2,10,usa
6808,,27,9.83,12,6,
6809,@microsoft.com,3,44.77,2,4,USA
6810,@yahoo.com,9,,4,6,
6811,@gmail.com,4,35.36,0,6,
6812,,15,12.47,12,4,USA
6813,@accenture.com,6,3.45,2,3,USA
6814,@gmail.com,7,12.46,1,6,UK
6815,@gmail.com,8,1.59,2,1,USA
6816,@gmail.com,3,1.87,3,7,uk
6817,@gmail.com,6,1.84,2,8,India
6818,@microsoft.com,16,0.18,3,5,USA
6819,@netflix.com,11,2.46,12,4,GERMANY
6820,@yahoo.com,13,6.53,6,6,India
6821,@accenture.com,3,1.12,1,5,INDIA
6822,@yahoo.com,6,0.09,1,7,INDIA
6823,@uber.com,6,1.79,7,6,GERMANY
6824,@meta.com,17,41.25,12,9,united states
6825,@gmail.com,7,,3,6,
6826,@gmail.com,4,8.56,1,6,USA
6827,@microsoft.com,6,10.02,5,2,UK
6828,@gmail.com,4,12.14,4,5,usa
6829,@gmail.com,5,1.71,1,4,UK
6830,@yahoo.com,17,13.18,3,5,UK
6831,,9,26.96,2,5,united states
6832,@yahoo.com,20,12.34,9,6,
6833,@accenture.com,15,32.19,6,2,India
6834,@yahoo.com,7,2.23,2,0,usa
6835,@meta.com,15,26.22,15,7,united states
6836,@microsoft.com,2,,4,6,USA
6837,@netflix.com,5,13.88,5,2,GERMANY
6838,@yahoo.com,26,13.33,9,7,USA
6839,@microsoft.com,7,1.9,2,3,UK
6840,@microsoft.com,7,15.41,2,7,usa
6841,@yahoo.com,7,,3,3,UK
6842,@gmail.com,6,0.98,3,3,usa
6843,@gmail.com,7,3.45,2,3,uk
6844,@gmail.com,10,8.77,2,12,usa
6845,@accenture.com,12,74.38,9,8,GERMANY
6846,@gmail.com,4,8.45,5,3,UK
6847,@gmail.com,2,2.43,1,7,usa
6848,@meta.com,6,34.8,0,4,
6849,@gmail.com,4,0.54,3,2,INDIA
6850,@yahoo.com,4,2.03,3,5,USA
6851,@gmail.com,3,9.63,4,8,usa
6852,@unknown_typo,15,1.46,6,10,GERMANY
6853,@accenture.com,17,12.71,15,5,uk
6854,@accenture.com,3,,2,6,united states
6855,@yahoo.com,6,15.78,5,4,
6856,@meta.com,11,1.88,9,3,USA
6857,@gmail.com,1,24.92,3,9,INDIA
6858,@gmail.com,1,19.85,2,5,
6859,@gmail.com,5,38.93,5,5,India
6860,@microsoft.com,10,1.06,1,6,
6861,@yahoo.com,10,12.16,2,8,
6862,@yahoo.com,12,18.51,3,3,usa
6863,@gmail.com,5,34.94,3,8,UK
6864,@yahoo.com,26,9.87,12,7,usa
6865,@uber.com,4,45.34,3,6,India
6866,@yahoo.com,3,1.96,3,3,GERMANY
6867,@meta.com,7,,5,2,uk
6868,@gmail.com,9,4.38,1,5,uk
6869,@accenture.com,3,,3,10,UK
6870,@microsoft.com,10,5.07,1,7,usa
6871,@gmail.com,9,16.39,4,0,GERMANY
6872,@gmail.com,2,9.9,2,4,usa
6873,@microsoft.com,20,3.01,6,4,INDIA
6874,@accenture.com,14,0.48,18,6,INDIA
6875,@yahoo.com,6,38.56,4,2,USA
6876,@gmail.com,7,5.66,4,1,INDIA
6877,@accenture.com,6,2.05,4,2,UK
6878,@uber.com,24,2.37,0,3,usa
6879,@yahoo.com,4,4.38,2,7,UK
6880,@yahoo.com,6,3.94,1,7,united states
6881,@gmail.com,2,4.92,1,4,
6882,@microsoft.com,13,3.83,6,4,USA
6883,@gmail.com,8,8.45,4,1,
6884,,13,21.76,6,3,UK
6885,@yahoo.com,5,0.41,2,4,USA
6886,@yahoo.com,7,3.17,4,5,
6887,@microsoft.com,6,18.67,2,3,UK
6888,@netflix.com,10,,1,8,
6889,@accenture.com,13,20.28,6,4,
6890,@yahoo.com,6,10.85,1,6,united states
6891,@uber.com,9,32.01,4,5,
6892,@microsoft.com,20,0.15,15,7,
6893,@yahoo.com,17,23.01,15,5,
6894,@gmail.com,7,12.74,0,1,INDIA
6895,@yahoo.com,29,9.49,9,5,India
6896,@gmail.com,10,2.36,3,6,uk
6897,@netflix.com,19,4.0,6,4,uk
6898,@gmail.com,12,23.13,3,1,GERMANY
6899,@unknown_typo,10,2.42,3,4,usa
6900,@yahoo.com,10,11.24,1,1,uk
6901,@microsoft.com,9,3.49,5,7,UK
6902,@yahoo.com,5,10.08,1,8,GERMANY
6903,@gmail.com,3,4.41,2,6,India
6904,@gmail.com,6,6.49,2,7,UK
6905,@gmail.com,1,24.33,1,3,UK
6906,@microsoft.com,10,0.57,7,9,USA
6907,@yahoo.com,19,38.71,15,5,uk
6908,@meta.com,18,5.77,9,1,
6909,@gmail.com,5,13.6,5,7,INDIA
6910,@gmail.com,9,3.76,0,5,usa
6911,@yahoo.com,7,6.66,4,1,GERMANY
6912,@netflix.com,14,9.23,12,5,GERMANY
6913,@uber.com,9,17.51,4,2,united states
6914,@yahoo.com,12,30.96,9,4,united states
6915,@yahoo.com,3,30.16,2,6,united states
6916,@gmail.com,8,6.16,0,6,INDIA
6917,,11,1.39,15,5,united states
6918,@uber.com,15,38.86,12,5,India
6919,@gmail.com,12,0.47,9,4,INDIA
6920,@microsoft.com,22,31.94,12,7,
6921,@gmail.com,4,0.39,2,3,uk
6922,@unknown_typo,6,56.34,4,4,INDIA
6923,@gmail.com,4,0.17,4,7,UK
6924,@microsoft.com,7,0.26,2,5,GERMANY
6925,@gmail.com,7,10.66,2,4,united states
6926,@uber.com,27,16.48,15,2,GERMANY
6927,@meta.com,14,,6,7,India
6928,@uber.com,8,13.97,3,3,India
6929,@microsoft.com,8,28.05,1,5,INDIA
6930,@netflix.com,32,23.81,12,10,
6931,@gmail.com,8,32.32,4,5,USA
6932,@gmail.com,14,2.6,9,5,UK
6933,@gmail.com,5,3.82,2,5,USA
6934,,6,13.29,1,2,INDIA
6935,@gmail.com,4,19.29,4,5,
6936,@meta.com,11,1.7,12,4,united states
6937,@uber.com,10,2.9,2,9,uk
6938,@gmail.com,6,38.45,3,2,India
6939,@gmail.com,12,0.39,3,10,India
6940,@gmail.com,6,7.71,3,6,uk
6941,@yahoo.com,10,3.55,2,2,usa
6942,@gmail.com,0,22.33,2,2,India
6943,@gmail.com,4,29.88,5,1,united states
6944,@accenture.com,9,4.26,3,4,united states
6945,@unknown_typo,6,13.37,3,3,GERMANY
6946,@gmail.com,6,27.79,2,7,united states
6947,@gmail.com,6,13.69,6,3,united states
6948,@gmail.com,7,13.77,4,2,UK
6949,@uber.com,1,7.99,2,11,USA
6950,@accenture.com,8,15.88,4,5,UK
6951,@gmail.com,1,48.41,1,2,USA
6952,@gmail.com,4,5.34,0,2,INDIA
6953,@meta.com,28,3.36,9,5,UK
6954,@microsoft.com,12,47.6,6,1,India
6955,@gmail.com,1,0.93,2,7,USA
6956,@microsoft.com,6,27.48,3,3,usa
6957,@gmail.com,9,36.09,3,6,
6958,@gmail.com,5,3.72,2,7,INDIA
6959,@meta.com,8,8.32,5,6,uk
6960,@accenture.com,6,1.97,1,2,USA
6961,@yahoo.com,6,6.86,1,5,INDIA
6962,@netflix.com,12,9.17,18,3,
6963,@yahoo.com,19,10.69,9,4,USA
6964,@meta.com,7,1.96,2,9,INDIA
6965,@yahoo.com,16,7.75,15,10,INDIA
6966,@netflix.com,12,14.72,6,2,
6967,@netflix.com,18,10.4,3,3,
6968,@gmail.com,3,27.62,4,8,UK
6969,@netflix.com,7,45.26,2,3,UK
6970,@accenture.com,14,25.46,9,4,INDIA
6971,@meta.com,10,0.73,2,6,
6972,@gmail.com,7,3.62,2,7,usa
6973,@accenture.com,10,1.38,3,6,INDIA
6974,@accenture.com,8,8.53,4,5,INDIA
6975,@gmail.com,8,19.3,5,4,GERMANY
6976,@unknown_typo,17,0.49,12,4,UK
6977,@gmail.com,13,4.66,6,3,usa
6978,@gmail.com,4,1.48,2,4,USA
6979,@yahoo.com,4,7.92,6,3,
6980,@microsoft.com,8,38.92,3,4,GERMANY
6981,@microsoft.com,9,7.99,4,4,
6982,@gmail.com,5,15.11,3,6,uk
6983,@unknown_typo,6,7.34,4,7,India
6984,@gmail.com,4,19.72,3,6,united states
6985,@gmail.com,3,20.38,6,4,
6986,@gmail.com,5,2.23,2,5,USA
6987,@microsoft.com,11,15.89,12,3,India
6988,@netflix.com,28,7.33,9,5,INDIA
6989,@uber.com,10,29.46,4,8,INDIA
6990,@accenture.com,25,2.58,0,6,usa
6991,@gmail.com,4,34.16,1,7,usa
6992,@yahoo.com,9,10.75,5,7,India
6993,@yahoo.com,19,,9,2,GERMANY
6994,@yahoo.com,12,6.11,0,3,India
6995,@gmail.com,5,0.08,4,4,USA
6996,@uber.com,6,,6,5,GERMANY
6997,@yahoo.com,15,3.82,6,6,UK
6998,@meta.com,9,36.08,3,8,
6999,@yahoo.com,5,28.76,3,5,
7000,@gmail.com,3,6.44,2,5,INDIA
7001,@microsoft.com,11,3.55,9,4,united states
7002,@gmail.com,7,8.34,3,4,UK
7003,@accenture.com,7,40.67,6,5,united states
7004,@microsoft.com,4,28.98,4,5,INDIA
7005,@gmail.com,9,10.06,2,2,uk
7006,@unknown_typo,7,,2,9,uk
7007,@yahoo.com,6,7.88,2,4,uk
7008,@gmail.com,3,,1,6,uk
7009,@microsoft.com,13,67.54,0,3,usa
7010,@gmail.com,1,5.12,4,3,uk
7011,@accenture.com,24,44.85,9,4,India
7012,@accenture.com,9,45.06,2,5,
7013,@unknown_typo,8,9.62,4,2,
7014,@yahoo.com,15,8.04,9,5,USA
7015,@yahoo.com,10,30.52,5,6,UK
7016,@meta.com,13,42.99,3,6,GERMANY
7017,@gmail.com,5,7.72,6,2,usa
7018,@yahoo.com,7,10.17,3,2,GERMANY
7019,@yahoo.com,14,6.1,3,5,usa
7020,@gmail.com,9,3.52,4,9,uk
7021,@yahoo.com,20,83.65,12,2,USA
7022,@accenture.com,5,3.14,1,10,usa
7023,@accenture.com,11,25.24,12,6,united states
7024,@gmail.com,6,8.19,5,7,usa
7025,@gmail.com,11,1.31,6,8,INDIA
7026,@gmail.com,10,5.89,3,0,India
7027,@accenture.com,2,1.3,2,6,united states
7028,@gmail.com,2,60.22,2,4,usa
7029,@uber.com,1,4.62,2,4,usa
7030,@gmail.com,4,20.56,4,3,UK
7031,@microsoft.com,5,8.32,1,6,uk
7032,@gmail.com,2,17.06,2,2,India
7033,@meta.com,9,4.42,3,7,UK
7034,@gmail.com,8,1.48,3,4,India
7035,@microsoft.com,4,,5,6,India
7036,@gmail.com,3,18.92,4,7,UK
7037,@uber.com,15,,9,4,usa
7038,@accenture.com,11,19.69,6,4,USA
7039,@gmail.com,3,13.66,1,4,INDIA
7040,@accenture.com,19,2.82,9,5,India
7041,@microsoft.com,3,26.2,2,4,INDIA
7042,@gmail.com,10,18.0,2,2,USA
7043,@yahoo.com,23,,6,5,India
7044,@gmail.com,11,2.95,0,4,USA
7045,@uber.com,17,11.65,18,5,INDIA
7046,@meta.com,8,2.66,4,5,India
7047,@gmail.com,9,3.05,1,2,
7048,@yahoo.com,6,4.14,2,4,India
7049,@accenture.com,8,15.94,0,8,united states
7050,@netflix.com,7,17.08,4,2,USA
7051,@yahoo.com,2,1.13,3,3,uk
7052,@unknown_typo,2,15.79,3,6,uk
7053,@yahoo.com,9,0.53,3,8,USA
7054,@gmail.com,4,35.31,6,3,
7055,@accenture.com,14,22.62,12,3,India
7056,@yahoo.com,10,19.33,4,7,UK
7057,@yahoo.com,8,4.1,8,4,GERMANY
7058,@yahoo.com,13,65.8,9,7,India
7059,@accenture.com,5,38.72,2,3,uk
7060,@accenture.com,14,10.1,21,7,
7061,@yahoo.com,12,0.53,12,3,united states
7062,@gmail.com,5,,2,3,India
7063,@yahoo.com,17,2.51,9,4,uk
7064,@microsoft.com,11,13.47,9,1,UK
7065,@gmail.com,7,64.67,5,9,USA
7066,@meta.com,8,21.22,3,4,India
7067,@yahoo.com,23,5.83,3,5,GERMANY
7068,@gmail.com,5,7.52,4,6,India
7069,@gmail.com,4,43.39,3,6,uk
7070,@gmail.com,3,1.75,3,5,usa
7071,@netflix.com,16,,0,4,usa
7072,@gmail.com,2,1.16,1,3,uk
7073,@gmail.com,3,8.03,4,2,UK
7074,@yahoo.com,8,20.52,4,4,UK
7075,@gmail.com,2,7.54,3,6,UK
7076,@gmail.com,4,,3,3,GERMANY
7077,@gmail.com,2,10.12,2,2,
7078,@yahoo.com,6,13.92,1,3,GERMANY
7079,@microsoft.com,16,,12,1,USA
7080,@gmail.com,1,12.94,3,6,UK
7081,@yahoo.com,9,65.45,5,4,uk
7082,@unknown_typo,14,3.23,6,4,united states
7083,@gmail.com,4,1.04,2,4,
7084,@gmail.com,8,7.46,0,1,GERMANY
7085,@gmail.com,8,7.03,2,7,India
7086,@yahoo.com,17,2.02,9,5,UK
7087,@meta.com,2,12.71,3,6,
7088,@gmail.com,5,8.63,3,2,INDIA
7089,@uber.com,4,27.2,4,5,India
7090,@gmail.com,5,8.25,7,5,united states
7091,@yahoo.com,8,63.67,2,3,USA
7092,@meta.com,11,22.7,6,8,
7093,@gmail.com,10,10.03,4,3,INDIA
7094,@microsoft.com,4,,6,3,INDIA
7095,@gmail.com,2,,5,4,
7096,@meta.com,16,,0,4,INDIA
7097,@gmail.com,4,16.08,5,4,uk
7098,@accenture.com,8,4.66,4,5,USA
7099,@gmail.com,8,7.92,1,5,united states
7100,@accenture.com,10,23.21,0,3,UK
7101,@gmail.com,4,14.81,1,1,
7102,@uber.com,4,47.02,0,4,INDIA
7103,@gmail.com,5,30.94,3,2,INDIA
7104,@netflix.com,10,8.36,3,4,UK
7105,@gmail.com,6,5.22,3,2,uk
7106,@gmail.com,4,1.99,4,3,uk
7107,@yahoo.com,4,7.85,2,6,united states
7108,@gmail.com,2,3.86,3,6,
7109,@gmail.com,5,0.25,4,5,uk
7110,@netflix.com,11,2.23,12,4,UK
7111,@unknown_typo,9,9.05,1,9,India
7112,@gmail.com,2,33.44,2,4,GERMANY
7113,@netflix.com,16,5.81,6,6,usa
7114,@yahoo.com,8,8.73,2,7,UK
7115,@gmail.com,4,7.27,5,7,India
7116,@uber.com,8,6.91,2,3,USA
7117,@uber.com,13,19.24,18,4,
7118,,9,10.58,5,4,India
7119,@gmail.com,3,7.87,1,7,India
7120,@uber.com,4,43.06,5,7,USA
7121,@gmail.com,6,4.85,4,6,INDIA
7122,@gmail.com,2,26.83,6,3,UK
7123,@gmail.com,2,10.85,1,4,GERMANY
7124,,9,8.74,1,6,UK
7125,@accenture.com,11,0.98,12,3,uk
7126,@meta.com,22,29.33,6,6,uk
7127,@yahoo.com,20,4.73,9,5,
7128,@gmail.com,5,17.06,3,3,uk
7129,@gmail.com,2,31.13,2,6,GERMANY
7130,@gmail.com,8,11.52,3,6,uk
7131,@gmail.com,3,15.35,1,5,usa
7132,@meta.com,18,6.24,9,9,
7133,@yahoo.com,12,19.45,6,2,USA
7134,@gmail.com,5,,3,5,USA
7135,@gmail.com,8,8.83,2,4,INDIA
7136,@gmail.com,2,15.1,2,3,uk
7137,@yahoo.com,16,,6,2,uk
7138,@netflix.com,18,16.09,3,6,INDIA
7139,@microsoft.com,11,16.76,3,5,UK
7140,@accenture.com,10,8.83,3,5,India
7141,@yahoo.com,13,4.3,24,5,UK
7142,@gmail.com,6,24.37,5,8,INDIA
7143,@gmail.com,7,21.04,4,4,India
7144,@accenture.com,17,0.88,12,7,USA
7145,@meta.com,8,10.23,3,3,GERMANY
7146,@gmail.com,6,,6,5,India
7147,@yahoo.com,15,5.78,18,11,UK
7148,@yahoo.com,20,,6,6,INDIA
7149,@microsoft.com,12,2.92,15,5,India
7150,@netflix.com,7,9.49,2,6,India
7151,@microsoft.com,11,18.37,6,5,INDIA
7152,@yahoo.com,10,8.62,3,3,India
7153,@gmail.com,4,4.0,2,7,UK
7154,@gmail.com,4,8.04,1,3,USA
7155,@gmail.com,7,13.46,2,6,India
7156,@gmail.com,2,41.33,5,4,
7157,@meta.com,18,10.38,3,7,GERMANY
7158,@uber.com,10,32.82,3,5,INDIA
7159,@gmail.com,6,62.56,3,7,uk
7160,@accenture.com,6,12.28,2,6,united states
7161,@gmail.com,2,2.39,2,4,INDIA
7162,@gmail.com,2,31.23,1,1,UK
7163,@gmail.com,7,29.75,0,6,GERMANY
7164,@gmail.com,5,30.44,6,7,united states
7165,@gmail.com,11,45.1,12,4,usa
7166,@yahoo.com,11,4.85,9,2,USA
7167,@yahoo.com,36,6.08,6,5,UK
7168,,15,17.43,12,1,GERMANY
7169,@gmail.com,7,12.45,2,5,
7170,@gmail.com,2,30.42,4,7,INDIA
7171,@gmail.com,4,4.41,5,3,USA
7172,@microsoft.com,4,16.11,5,3,India
7173,@gmail.com,3,,6,4,USA
7174,@accenture.com,15,3.65,9,4,India
7175,@yahoo.com,10,5.5,0,5,usa
7176,@yahoo.com,9,7.85,2,6,usa
7177,@microsoft.com,18,1.37,15,3,INDIA
7178,@gmail.com,9,2.92,0,3,INDIA
7179,@gmail.com,5,7.22,3,6,USA
7180,@gmail.com,7,,3,11,GERMANY
7181,@microsoft.com,22,6.76,0,14,UK
7182,@gmail.com,4,4.2,2,1,USA
7183,@gmail.com,9,29.98,1,2,united states
7184,@unknown_typo,6,14.07,1,8,united states
7185,@gmail.com,7,34.31,4,6,INDIA
7186,@accenture.com,9,3.4,6,6,India
7187,@meta.com,23,1.28,21,4,usa
7188,@gmail.com,11,6.56,12,8,uk
7189,@gmail.com,5,0.87,3,6,usa
7190,@gmail.com,6,32.25,3,8,
7191,@uber.com,19,3.13,9,4,GERMANY
7192,@microsoft.com,12,2.28,6,4,uk
7193,@meta.com,9,23.25,2,7,UK
7194,@netflix.com,8,18.69,1,5,India
7195,@uber.com,23,0.88,9,11,uk
7196,@gmail.com,9,10.69,3,4,united states
7197,@gmail.com,7,8.94,3,10,uk
7198,@accenture.com,7,7.34,3,8,united states
7199,@gmail.com,11,2.03,9,3,usa
7200,@gmail.com,10,23.22,1,3,united states
7201,@uber.com,8,4.12,1,1,India
7202,@yahoo.com,6,9.19,2,4,UK
7203,@netflix.com,17,31.94,12,3,USA
7204,@uber.com,11,5.75,12,6,INDIA
7205,@gmail.com,9,0.55,1,3,UK
7206,@netflix.com,9,32.99,6,12,UK
7207,@gmail.com,9,10.22,3,7,UK
7208,@gmail.com,6,10.31,4,4,usa
7209,@yahoo.com,6,12.02,4,7,
7210,@gmail.com,12,2.98,3,3,USA
7211,@yahoo.com,6,18.82,2,3,uk
7212,@gmail.com,3,3.95,1,7,India
7213,@yahoo.com,12,5.37,12,4,UK
7214,@gmail.com,5,14.96,1,8,GERMANY
7215,@meta.com,10,20.78,6,5,UK
7216,@accenture.com,8,19.67,2,4,uk
7217,@gmail.com,6,1.3,2,5,India
7218,@gmail.com,4,,3,3,GERMANY
7219,@gmail.com,7,16.3,2,6,united states
7220,@gmail.com,3,13.94,6,3,India
7221,@meta.com,15,51.11,18,3,USA
7222,@uber.com,17,6.39,6,5,united states
7223,@gmail.com,3,17.24,1,2,usa
7224,@gmail.com,2,12.77,2,5,USA
7225,@gmail.com,5,7.36,6,5,united states
7226,@microsoft.com,13,23.28,9,2,uk
7227,@gmail.com,3,7.74,2,4,India
7228,,4,12.27,5,6,India
7229,@meta.com,6,12.34,4,2,INDIA
7230,@gmail.com,3,10.74,5,4,united states
7231,@microsoft.com,16,9.17,12,8,UK
7232,@netflix.com,6,2.75,2,3,united states
7233,@microsoft.com,10,4.13,2,3,UK
7234,@gmail.com,5,,0,0,uk
7235,@gmail.com,6,19.28,3,9,uk
7236,@accenture.com,10,20.46,1,12,GERMANY
7237,@microsoft.com,12,15.26,12,7,UK
7238,@uber.com,12,37.45,9,6,INDIA
7239,@accenture.com,13,4.62,15,2,usa
7240,@netflix.com,10,25.81,6,3,USA
7241,@netflix.com,10,3.08,3,2,
7242,@gmail.com,5,1.05,1,5,usa
7243,@yahoo.com,9,0.0,3,4,GERMANY
7244,@meta.com,15,13.04,6,8,UK
7245,@meta.com,9,22.63,2,8,
7246,@microsoft.com,9,25.97,1,7,uk
7247,@gmail.com,1,9.54,4,5,usa
7248,@meta.com,7,0.91,4,6,India
7249,@uber.com,15,0.55,6,8,UK
7250,@gmail.com,7,37.4,0,7,united states
7251,@yahoo.com,8,1.46,9,7,GERMANY
7252,@gmail.com,5,23.03,2,4,USA
7253,@gmail.com,8,1.08,2,6,usa
7254,@gmail.com,7,3.04,3,3,USA
7255,@yahoo.com,22,2.67,12,3,
7256,@yahoo.com,18,4.87,12,6,UK
7257,@microsoft.com,8,,3,4,united states
7258,@uber.com,3,2.0,1,2,GERMANY
7259,@accenture.com,15,54.27,12,5,UK
7260,@gmail.com,2,0.03,3,4,India
7261,@gmail.com,3,22.18,2,5,USA
7262,@accenture.com,12,11.21,12,5,USA
7263,@gmail.com,8,1.34,0,4,
7264,@unknown_typo,14,1.92,6,7,India
7265,@accenture.com,12,13.37,15,7,
7266,@yahoo.com,7,5.68,6,3,INDIA
7267,,6,8.97,6,2,India
7268,@gmail.com,11,11.95,12,4,GERMANY
7269,@gmail.com,8,12.78,4,8,UK
7270,@microsoft.com,21,13.11,15,5,united states
7271,@gmail.com,1,1.09,1,2,
7272,@netflix.com,14,20.23,9,8,GERMANY
7273,@gmail.com,4,5.21,2,8,uk
7274,@yahoo.com,16,1.82,9,4,united states
7275,@microsoft.com,13,1.62,3,1,USA
7276,@uber.com,14,4.06,9,2,UK
7277,@gmail.com,2,14.86,2,8,GERMANY
7278,@gmail.com,8,9.58,3,5,INDIA
7279,@accenture.com,11,,0,4,GERMANY
7280,@gmail.com,9,0.49,3,8,USA
7281,@accenture.com,7,0.37,4,5,
7282,@microsoft.com,21,8.2,9,1,usa
7283,@meta.com,21,23.28,12,4,united states
7284,@uber.com,15,12.79,3,7,INDIA
7285,@gmail.com,9,24.89,3,6,India
7286,@microsoft.com,17,5.77,6,6,USA
7287,@accenture.com,5,2.27,3,2,INDIA
7288,@yahoo.com,25,24.37,15,3,INDIA
7289,@unknown_typo,15,19.52,12,2,GERMANY
7290,@yahoo.com,15,13.34,9,6,India
7291,@gmail.com,4,32.81,2,6,USA
7292,@gmail.com,8,14.94,5,7,UK
7293,@unknown_typo,9,11.19,1,8,
7294,@gmail.com,1,10.47,1,8,united states
7295,@accenture.com,8,14.41,1,4,USA
7296,@netflix.com,19,10.9,6,3,India
7297,@gmail.com,4,4.78,1,5,INDIA
7298,@gmail.com,9,46.15,1,8,UK
7299,@uber.com,15,47.57,0,8,India
7300,@gmail.com,6,2.74,4,1,INDIA
7301,@meta.com,3,11.34,3,6,UK
7302,@yahoo.com,18,23.38,6,3,India
7303,@yahoo.com,9,0.84,1,4,uk
7304,@meta.com,9,1.98,4,12,
7305,@gmail.com,4,11.81,2,4,GERMANY
7306,@yahoo.com,13,,6,3,uk
7307,@gmail.com,2,26.85,3,5,USA
7308,@gmail.com,9,30.97,0,5,GERMANY
7309,@yahoo.com,7,19.99,2,6,usa
7310,@accenture.com,9,25.92,3,4,united states
7311,@gmail.com,4,16.71,1,5,
7312,@yahoo.com,8,2.29,0,3,GERMANY
7313,@uber.com,18,0.45,12,6,
7314,@gmail.com,6,28.27,4,4,INDIA
7315,@gmail.com,4,18.42,6,3,usa
7316,@netflix.com,14,7.62,6,4,India
7317,@uber.com,4,23.91,7,9,uk
7318,@microsoft.com,9,,6,7,united states
7319,@microsoft.com,10,5.76,2,1,
7320,@gmail.com,3,6.27,8,2,USA
7321,@microsoft.com,5,1.66,5,8,India
7322,@yahoo.com,21,20.3,3,4,united states
7323,@yahoo.com,4,22.54,4,11,India
7324,@gmail.com,8,13.13,3,8,uk
7325,@gmail.com,9,8.12,5,6,
7326,@gmail.com,7,14.01,4,8,united states
7327,@unknown_typo,6,34.3,3,7,USA
7328,@yahoo.com,22,6.64,6,5,India
7329,@yahoo.com,8,6.1,2,5,uk
7330,@gmail.com,10,14.62,6,8,uk
7331,@gmail.com,7,17.26,3,8,India
7332,@uber.com,6,9.18,7,5,
7333,@yahoo.com,2,29.45,7,4,uk
7334,@yahoo.com,11,6.51,9,11,UK
7335,@gmail.com,5,15.36,9,9,
7336,@meta.com,20,16.53,6,5,GERMANY
7337,@gmail.com,5,5.24,6,10,UK
7338,@gmail.com,3,0.29,0,8,INDIA
7339,@yahoo.com,7,26.28,7,4,INDIA
7340,@gmail.com,3,9.88,6,2,USA
7341,@gmail.com,4,1.5,5,4,uk
7342,@microsoft.com,25,47.39,18,4,INDIA
7343,@uber.com,7,5.27,3,7,
7344,@accenture.com,6,9.65,2,6,UK
7345,@yahoo.com,23,9.93,3,4,uk
7346,@gmail.com,7,6.95,1,5,uk
7347,@gmail.com,0,2.47,6,9,INDIA
7348,,13,18.28,3,4,united states
7349,@microsoft.com,16,3.26,6,5,UK
7350,@uber.com,6,17.2,6,9,INDIA
7351,@gmail.com,5,24.3,9,6,usa
7352,@yahoo.com,11,,9,9,uk
7353,@gmail.com,7,19.74,7,3,India
7354,@microsoft.com,16,15.24,3,4,united states
7355,@netflix.com,16,3.27,9,5,INDIA
7356,@unknown_typo,9,14.52,3,9,united states
7357,@yahoo.com,9,8.19,3,3,UK
7358,@yahoo.com,8,1.33,1,10,UK
7359,@netflix.com,26,11.13,6,2,uk
7360,@uber.com,19,54.34,6,2,uk
7361,@gmail.com,3,15.7,2,1,GERMANY
7362,@yahoo.com,23,6.02,9,5,uk
7363,@gmail.com,7,12.43,3,3,India
7364,@yahoo.com,5,20.08,1,10,UK
7365,@yahoo.com,9,2.55,3,3,UK
7366,@microsoft.com,7,11.29,1,5,GERMANY
7367,@gmail.com,11,10.6,15,5,usa
7368,@gmail.com,7,7.09,6,7,united states
7369,@yahoo.com,5,20.62,3,4,usa
7370,@accenture.com,16,12.49,0,7,usa
7371,@uber.com,11,18.0,15,6,INDIA
7372,@gmail.com,2,13.59,6,4,
7373,@netflix.com,12,22.78,18,6,GERMANY
7374,@netflix.com,8,15.07,4,6,USA
7375,@gmail.com,1,16.99,3,8,GERMANY
7376,@gmail.com,7,3.83,3,6,
7377,@meta.com,11,28.05,0,5,UK
7378,@accenture.com,6,2.53,3,4,GERMANY
7379,@unknown_typo,15,6.23,15,1,India
7380,@netflix.com,11,33.03,0,5,uk
7381,@microsoft.com,4,1.72,6,7,India
7382,@yahoo.com,13,30.22,15,3,united states
7383,@gmail.com,6,9.68,2,5,India
7384,@gmail.com,15,3.04,12,5,united states
7385,@yahoo.com,5,20.05,2,8,
7386,@microsoft.com,34,,9,6,
7387,@microsoft.com,19,16.99,6,6,united states
7388,@meta.com,6,23.47,3,3,India
7389,@gmail.com,5,12.64,2,3,India
7390,@microsoft.com,11,23.13,3,4,GERMANY
7391,@gmail.com,1,41.01,3,4,UK
7392,@yahoo.com,5,11.99,3,8,united states
7393,@meta.com,10,2.48,4,8,usa
7394,@uber.com,10,18.55,3,5,uk
7395,,16,7.92,6,2,INDIA
7396,@gmail.com,0,11.37,2,6,USA
7397,@yahoo.com,11,14.79,9,5,usa
7398,@gmail.com,2,18.96,5,7,USA
7399,@yahoo.com,17,15.32,6,3,usa
7400,@accenture.com,8,3.98,4,3,India
7401,@uber.com,11,20.68,6,5,GERMANY
7402,@netflix.com,16,24.7,9,7,USA
7403,@gmail.com,7,0.58,3,5,INDIA
7404,@accenture.com,7,5.53,2,1,usa
7405,@gmail.com,2,57.11,3,4,UK
7406,@netflix.com,12,2.94,0,10,INDIA
7407,@gmail.com,2,3.03,2,10,
7408,@gmail.com,1,,5,7,
7409,@yahoo.com,14,6.19,3,9,GERMANY
7410,@netflix.com,5,16.06,2,8,UK
7411,@gmail.com,15,4.57,3,6,uk
7412,@gmail.com,5,8.33,3,5,
7413,@accenture.com,9,96.87,4,2,united states
7414,@gmail.com,10,7.01,1,4,
7415,@gmail.com,10,1.35,2,4,usa
7416,@yahoo.com,6,20.35,2,0,united states
7417,@gmail.com,6,13.32,3,3,usa
7418,@netflix.com,17,8.82,9,4,usa
7419,@meta.com,19,35.91,3,4,INDIA
7420,@yahoo.com,4,2.38,4,6,uk
7421,,24,10.09,12,10,INDIA
7422,@yahoo.com,3,3.19,4,7,UK
7423,@gmail.com,5,1.31,4,5,UK
7424,@gmail.com,4,,6,4,uk
7425,@yahoo.com,11,44.16,3,6,usa
7426,@gmail.com,4,19.21,3,6,USA
7427,@netflix.com,18,4.01,3,3,united states
7428,@meta.com,6,9.32,2,11,UK
7429,@gmail.com,9,23.95,2,2,uk
7430,@microsoft.com,10,3.26,4,5,united states
7431,@uber.com,5,3.42,4,7,united states
7432,@netflix.com,12,3.0,9,3,GERMANY
7433,@netflix.com,13,14.03,6,9,usa
7434,@yahoo.com,10,0.44,7,2,
7435,@meta.com,11,13.29,3,7,
7436,@microsoft.com,11,26.18,9,4,INDIA
7437,@microsoft.com,16,22.89,12,4,GERMANY
7438,@gmail.com,3,16.49,3,4,united states
7439,@gmail.com,3,3.72,2,1,usa
7440,@yahoo.com,10,25.43,2,3,usa
7441,@gmail.com,6,47.36,4,7,UK
7442,@gmail.com,4,3.05,2,1,GERMANY
7443,@uber.com,10,36.17,6,8,UK
7444,@gmail.com,7,28.76,2,3,UK
7445,@microsoft.com,4,58.15,1,3,India
7446,@yahoo.com,10,5.77,3,4,USA
7447,@unknown_typo,5,40.79,1,3,India
7448,@yahoo.com,8,2.97,2,2,INDIA
7449,@gmail.com,6,2.89,5,4,INDIA
7450,@microsoft.com,4,1.7,1,10,USA
7451,@accenture.com,11,,9,8,USA
7452,,12,0.18,12,11,GERMANY
7453,@yahoo.com,9,7.2,1,7,
7454,@gmail.com,7,,9,1,usa
7455,@netflix.com,8,1.22,3,3,GERMANY
7456,@gmail.com,4,25.6,3,2,uk
7457,@microsoft.com,9,5.19,4,3,UK
7458,@yahoo.com,9,0.71,4,4,INDIA
7459,@gmail.com,7,7.04,4,5,India
7460,@gmail.com,5,2.24,3,6,united states
7461,@gmail.com,8,23.79,2,1,
7462,@uber.com,5,6.1,6,6,usa
7463,@netflix.com,16,1.87,6,7,UK
7464,@gmail.com,9,9.07,1,6,usa
7465,@accenture.com,9,9.02,0,6,India
7466,@gmail.com,6,4.84,2,4,usa
7467,@yahoo.com,4,5.94,4,6,INDIA
7468,@gmail.com,5,21.97,4,5,GERMANY
7469,@netflix.com,28,15.27,12,5,GERMANY
7470,@meta.com,15,3.62,6,6,India
7471,@uber.com,14,44.4,15,7,India
7472,@accenture.com,5,5.45,3,5,uk
7473,@microsoft.com,19,11.44,6,4,united states
7474,@unknown_typo,26,12.7,12,2,UK
7475,@uber.com,15,3.61,18,1,India
7476,@netflix.com,2,5.16,2,5,India
7477,@yahoo.com,7,9.83,2,3,uk
7478,@gmail.com,5,4.44,0,4,INDIA
7479,@yahoo.com,12,5.47,6,8,
7480,@gmail.com,1,14.25,3,8,
7481,@microsoft.com,12,19.85,9,3,
7482,@yahoo.com,32,24.22,6,2,GERMANY
7483,@microsoft.com,14,1.95,18,3,
7484,@gmail.com,8,20.03,4,5,UK
7485,@gmail.com,10,41.32,1,3,usa
7486,@yahoo.com,14,13.04,3,5,UK
7487,@unknown_typo,17,13.92,9,8,usa
7488,@gmail.com,3,46.62,4,6,UK
7489,@yahoo.com,18,30.54,21,7,USA
7490,@uber.com,10,12.24,1,8,united states
7491,@microsoft.com,10,21.78,5,7,usa
7492,@gmail.com,7,2.99,2,5,INDIA
7493,@yahoo.com,14,7.99,18,6,USA
7494,@gmail.com,5,18.85,2,4,usa
7495,@unknown_typo,10,,2,6,INDIA
7496,@gmail.com,7,9.07,4,6,
7497,@gmail.com,4,2.84,4,9,
7498,@gmail.com,7,34.21,4,4,
7499,@gmail.com,1,33.9,1,3,GERMANY
7500,@meta.com,4,9.76,4,5,USA
7501,@gmail.com,15,3.2,18,2,GERMANY
7502,@gmail.com,6,17.05,3,4,usa
7503,@yahoo.com,9,3.6,3,7,USA
7504,@gmail.com,0,3.89,3,2,uk
7505,@gmail.com,2,53.66,0,5,GERMANY
7506,@accenture.com,15,1.57,12,9,UK
7507,@meta.com,5,7.15,1,4,India
7508,@netflix.com,8,12.14,4,5,united states
7509,@accenture.com,4,1.71,3,6,USA
7510,@uber.com,5,0.6,3,4,UK
7511,@gmail.com,4,11.72,2,8,India
7512,@meta.com,12,1.83,3,4,India
7513,@accenture.com,15,4.34,6,7,
7514,@meta.com,21,10.32,12,9,INDIA
7515,@yahoo.com,14,6.4,0,7,usa
7516,@gmail.com,10,18.6,3,5,usa
7517,@accenture.com,34,49.23,9,6,INDIA
7518,@uber.com,12,20.99,6,5,uk
7519,,14,176.12,12,3,united states
7520,@gmail.com,4,7.39,3,7,
7521,@gmail.com,14,5.46,9,2,INDIA
7522,@gmail.com,5,3.59,3,3,GERMANY
7523,@meta.com,19,32.43,9,10,GERMANY
7524,@gmail.com,7,7.41,0,4,united states
7525,@gmail.com,7,18.62,2,3,India
7526,,6,16.85,6,3,
7527,@gmail.com,4,0.88,1,1,uk
7528,@accenture.com,8,31.76,1,4,uk
7529,@gmail.com,9,10.0,3,6,INDIA
7530,@accenture.com,5,3.8,1,4,usa
7531,@microsoft.com,14,58.01,9,4,usa
7532,@netflix.com,18,20.99,0,5,united states
7533,@netflix.com,13,14.39,18,5,India
7534,@gmail.com,5,66.82,2,7,GERMANY
7535,@gmail.com,2,21.19,2,4,GERMANY
7536,@gmail.com,2,1.94,2,5,GERMANY
7537,@uber.com,3,70.91,1,1,
7538,@netflix.com,19,13.65,6,1,INDIA
7539,@yahoo.com,13,5.34,9,5,uk
7540,@microsoft.com,19,25.52,9,8,India
7541,@gmail.com,1,0.74,5,3,united states
7542,@accenture.com,8,15.94,1,6,usa
7543,@unknown_typo,6,2.6,1,6,USA
7544,@gmail.com,7,1.37,4,9,UK
7545,@yahoo.com,7,6.55,1,3,
7546,@gmail.com,7,6.61,1,5,USA
7547,@microsoft.com,14,13.76,30,5,GERMANY
7548,@yahoo.com,14,12.5,6,5,usa
7549,@gmail.com,11,17.47,21,1,GERMANY
7550,@yahoo.com,19,2.87,12,6,UK
7551,@gmail.com,6,30.7,5,5,GERMANY
7552,@yahoo.com,14,29.35,3,4,
7553,@microsoft.com,8,3.66,3,7,UK
7554,@gmail.com,6,9.62,11,9,united states
7555,@meta.com,19,10.04,3,4,USA
7556,@uber.com,6,38.12,3,3,India
7557,@gmail.com,1,35.41,0,6,India
7558,@gmail.com,6,1.05,1,6,usa
7559,@meta.com,8,47.56,2,6,usa
7560,@unknown_typo,12,1.07,3,5,usa
7561,@gmail.com,5,11.96,5,6,India
7562,@gmail.com,12,,9,3,India
7563,@gmail.com,5,7.43,1,3,usa
7564,@microsoft.com,16,14.78,15,5,UK
7565,@gmail.com,2,13.15,5,5,
7566,@gmail.com,2,2.75,5,6,India
7567,@uber.com,14,52.49,12,3,India
7568,@microsoft.com,16,0.44,9,5,
7569,@gmail.com,3,6.31,3,5,USA
7570,@yahoo.com,7,24.25,3,8,India
7571,@microsoft.com,24,28.55,9,6,UK
7572,@gmail.com,6,23.94,5,4,UK
7573,@gmail.com,9,6.99,3,3,usa
7574,@netflix.com,10,16.79,1,3,India
7575,@gmail.com,6,21.68,2,11,usa
7576,@uber.com,15,12.94,6,5,USA
7577,@netflix.com,4,,6,3,usa
7578,@gmail.com,9,12.1,3,6,INDIA
7579,@gmail.com,2,0.85,5,5,usa
7580,@microsoft.com,11,4.79,3,6,united states
7581,@netflix.com,9,18.19,4,7,usa
7582,@netflix.com,25,4.15,6,3,GERMANY
7583,@meta.com,19,9.12,6,6,INDIA
7584,@gmail.com,1,11.47,6,7,
7585,@uber.com,19,16.67,12,6,INDIA
7586,@yahoo.com,13,4.5,6,5,uk
7587,@yahoo.com,4,13.57,2,7,India
7588,@gmail.com,4,,1,2,INDIA
7589,@gmail.com,9,27.97,1,6,India
7590,@meta.com,5,12.05,2,4,UK
7591,@yahoo.com,6,5.24,1,5,India
7592,@gmail.com,6,11.09,4,5,UK
7593,@gmail.com,9,1.7,4,7,
7594,@accenture.com,4,14.04,5,6,India
7595,@meta.com,7,37.18,0,6,INDIA
7596,@gmail.com,1,11.32,3,4,uk
7597,@gmail.com,4,5.18,3,4,UK
7598,@gmail.com,6,7.8,5,1,USA
7599,@netflix.com,9,34.82,3,6,uk
7600,@microsoft.com,5,25.16,1,6,GERMANY
7601,@yahoo.com,8,24.38,2,3,united states
7602,@microsoft.com,21,12.45,12,4,uk
7603,@gmail.com,6,7.57,2,7,USA
7604,@accenture.com,20,2.13,9,2,GERMANY
7605,@yahoo.com,11,55.71,6,7,UK
7606,@gmail.com,6,2.96,2,1,GERMANY
7607,@gmail.com,6,4.36,3,7,uk
7608,@yahoo.com,11,21.68,0,4,India
7609,@netflix.com,10,6.48,3,5,united states
7610,@gmail.com,2,13.15,7,5,USA
7611,@accenture.com,15,21.51,3,8,UK
7612,@meta.com,8,12.18,4,0,USA
7613,@gmail.com,4,10.12,5,6,
7614,@gmail.com,9,0.78,3,4,uk
7615,@gmail.com,5,10.03,2,6,GERMANY
7616,@uber.com,8,9.11,3,3,
7617,@gmail.com,6,31.87,0,3,USA
7618,@gmail.com,2,8.9,1,6,GERMANY
7619,@yahoo.com,17,14.91,6,9,united states
7620,@uber.com,12,22.29,9,6,usa
7621,@gmail.com,7,,1,5,India
7622,@yahoo.com,6,4.53,2,3,India
7623,@yahoo.com,5,33.66,2,7,UK
7624,@yahoo.com,13,33.88,12,2,USA
7625,@accenture.com,15,34.51,18,6,united states
7626,@gmail.com,3,4.78,1,7,USA
7627,@accenture.com,6,5.69,1,7,India
7628,@uber.com,9,37.66,2,4,GERMANY
7629,@microsoft.com,4,2.02,2,8,INDIA
7630,@uber.com,5,16.0,1,9,USA
7631,@yahoo.com,1,5.19,3,4,UK
7632,@gmail.com,3,19.16,4,5,UK
7633,@uber.com,12,26.91,24,9,uk
7634,@yahoo.com,8,,6,10,uk
7635,@microsoft.com,11,2.46,3,8,usa
7636,@gmail.com,5,19.76,5,0,India
7637,@netflix.com,9,0.86,2,9,
7638,@microsoft.com,7,0.23,2,5,
7639,@gmail.com,5,31.46,3,4,India
7640,@yahoo.com,16,25.46,9,2,INDIA
7641,@meta.com,10,13.08,1,3,INDIA
7642,@meta.com,10,16.42,2,4,GERMANY
7643,@yahoo.com,10,45.74,2,5,united states
7644,@netflix.com,11,0.97,0,4,GERMANY
7645,@gmail.com,18,3.66,6,6,USA
7646,@yahoo.com,5,19.6,2,3,GERMANY
7647,@netflix.com,7,4.6,2,4,usa
7648,@netflix.com,15,3.48,6,3,GERMANY
7649,@uber.com,15,8.76,12,5,usa
7650,@accenture.com,10,,3,3,
7651,@gmail.com,3,3.55,0,6,UK
7652,@accenture.com,7,8.42,1,3,UK
7653,@gmail.com,4,10.97,3,6,UK
7654,@gmail.com,5,2.84,4,2,united states
7655,@gmail.com,1,9.72,3,2,USA
7656,@yahoo.com,25,30.13,6,10,USA
7657,@gmail.com,2,20.56,1,7,GERMANY
7658,@gmail.com,12,10.5,9,3,GERMANY
7659,@gmail.com,2,2.01,6,10,India
7660,@gmail.com,7,0.35,5,9,usa
7661,@microsoft.com,12,1.04,6,7,united states
7662,@yahoo.com,6,20.81,2,7,UK
7663,@gmail.com,4,18.28,6,7,INDIA
7664,@meta.com,3,20.56,3,6,usa
7665,@netflix.com,12,5.51,3,3,UK
7666,@meta.com,12,1.41,6,9,INDIA
7667,@gmail.com,5,18.79,6,6,united states
7668,@meta.com,6,38.36,3,2,usa
7669,@gmail.com,3,9.03,3,2,USA
7670,@gmail.com,3,21.68,5,3,USA
7671,@gmail.com,10,19.53,4,4,India
7672,@accenture.com,16,28.83,18,7,GERMANY
7673,@gmail.com,7,0.43,4,10,India
7674,@gmail.com,2,46.62,2,3,GERMANY
7675,@gmail.com,3,30.08,0,10,India
7676,@accenture.com,10,31.37,3,4,united states
7677,@microsoft.com,18,84.21,15,6,uk
7678,@gmail.com,8,15.3,3,3,united states
7679,@microsoft.com,22,1.28,9,8,INDIA
7680,@yahoo.com,11,25.96,9,7,GERMANY
7681,@uber.com,3,2.17,3,6,India
7682,@gmail.com,4,20.09,2,5,united states
7683,@accenture.com,19,8.28,6,5,GERMANY
7684,@gmail.com,3,0.1,5,6,UK
7685,@uber.com,6,8.58,4,10,usa
7686,@gmail.com,5,23.89,2,2,India
7687,@gmail.com,1,1.37,6,3,uk
7688,@gmail.com,2,0.03,3,1,uk
7689,@yahoo.com,18,9.04,9,10,GERMANY
7690,@gmail.com,6,0.02,0,5,GERMANY
7691,@meta.com,6,40.94,4,6,
7692,@gmail.com,10,26.13,2,4,GERMANY
7693,@uber.com,18,14.92,12,2,UK
7694,@accenture.com,30,0.26,6,6,uk
7695,@microsoft.com,4,12.65,1,7,India
7696,@meta.com,18,16.68,12,6,uk
7697,@uber.com,21,13.28,3,9,united states
7698,@gmail.com,4,44.03,3,6,USA
7699,@accenture.com,13,26.7,6,5,usa
7700,@gmail.com,2,6.81,3,12,uk
7701,@microsoft.com,16,17.8,6,2,UK
7702,@meta.com,14,9.27,9,8,India
7703,@gmail.com,5,39.54,5,3,usa
7704,@gmail.com,6,14.44,3,9,usa
7705,@yahoo.com,16,13.09,3,8,UK
7706,@accenture.com,11,10.42,9,3,usa
7707,@netflix.com,11,7.12,9,3,
7708,@yahoo.com,8,2.4,2,6,usa
7709,@uber.com,7,4.8,9,3,uk
7710,@netflix.com,11,6.06,6,4,GERMANY
7711,@gmail.com,2,2.51,5,6,GERMANY
7712,@gmail.com,3,25.13,2,4,India
7713,@uber.com,7,0.03,3,3,UK
7714,@accenture.com,24,37.11,3,2,GERMANY
7715,@accenture.com,18,2.06,6,4,USA
7716,@yahoo.com,11,0.78,15,6,INDIA
7717,@gmail.com,11,80.05,6,6,usa
7718,@yahoo.com,15,127.47,6,5,India
7719,@gmail.com,10,3.19,2,8,UK
7720,@gmail.com,11,2.15,9,6,GERMANY
7721,@meta.com,12,3.31,9,6,UK
7722,@gmail.com,15,10.74,9,3,UK
7723,@accenture.com,5,5.81,4,4,uk
7724,@yahoo.com,6,6.15,2,7,USA
7725,@microsoft.com,14,24.88,6,4,GERMANY
7726,@gmail.com,4,33.14,3,3,INDIA
7727,@gmail.com,12,52.51,18,3,India
7728,@gmail.com,9,10.85,2,7,GERMANY
7729,@unknown_typo,15,4.24,6,8,UK
7730,@accenture.com,9,12.14,2,4,USA
7731,@yahoo.com,23,30.73,6,3,uk
7732,@gmail.com,6,,6,4,UK
7733,@netflix.com,8,36.33,6,3,
7734,@gmail.com,13,3.85,12,4,GERMANY
7735,@gmail.com,11,5.58,3,2,GERMANY
7736,@microsoft.com,7,6.79,7,5,
7737,@netflix.com,24,36.76,9,3,INDIA
7738,@gmail.com,5,2.9,3,6,USA
7739,@gmail.com,2,3.78,7,5,
7740,@netflix.com,10,19.7,3,7,INDIA
7741,@gmail.com,5,40.93,4,4,USA
7742,@gmail.com,6,1.66,3,2,India
7743,@microsoft.com,7,11.08,3,6,uk
7744,@accenture.com,10,36.88,7,8,INDIA
7745,@yahoo.com,8,,5,4,usa
7746,,3,44.48,6,4,
7747,@uber.com,5,34.86,3,5,INDIA
7748,@gmail.com,9,5.67,5,2,united states
7749,,4,3.5,1,3,INDIA
7750,@yahoo.com,17,34.76,12,5,GERMANY
7751,@gmail.com,4,18.67,5,5,India
7752,@microsoft.com,8,7.13,4,9,united states
7753,@gmail.com,3,18.72,3,5,uk
7754,@gmail.com,4,5.51,2,3,INDIA
7755,@gmail.com,8,13.06,3,5,uk
7756,@yahoo.com,9,3.99,0,10,India
7757,@accenture.com,10,12.37,4,9,UK
7758,@microsoft.com,7,38.49,1,4,
7759,,10,22.14,1,3,
7760,@gmail.com,9,16.01,2,6,uk
7761,@gmail.com,10,4.24,2,6,usa
7762,@gmail.com,5,0.98,5,5,
7763,@gmail.com,2,18.6,4,6,INDIA
7764,@gmail.com,9,12.87,6,5,
7765,@meta.com,6,3.59,5,6,UK
7766,@netflix.com,8,40.95,1,5,INDIA
7767,@unknown_typo,8,12.05,2,4,INDIA
7768,@gmail.com,5,12.72,5,9,USA
7769,@netflix.com,9,5.32,0,4,India
7770,@gmail.com,2,31.73,4,4,uk
7771,@gmail.com,2,33.3,3,13,united states
7772,@accenture.com,11,18.84,9,7,INDIA
7773,@microsoft.com,17,1.57,6,8,united states
7774,@gmail.com,2,1.32,3,7,USA
7775,@yahoo.com,9,9.51,2,6,USA
7776,@gmail.com,3,2.3,3,4,usa
7777,@meta.com,15,6.05,3,3,INDIA
7778,@yahoo.com,14,2.82,12,3,India
7779,,13,5.57,9,6,UK
7780,@gmail.com,2,42.95,2,5,united states
7781,@gmail.com,6,21.0,5,4,UK
7782,@yahoo.com,12,2.23,12,3,UK
7783,@yahoo.com,10,16.58,7,7,uk
7784,@gmail.com,6,0.46,3,3,GERMANY
7785,@uber.com,7,61.68,3,2,USA
7786,@accenture.com,6,,3,3,united states
7787,@netflix.com,14,10.56,0,6,USA
7788,@accenture.com,11,4.12,6,6,UK
7789,@accenture.com,9,9.18,1,6,united states
7790,@microsoft.com,15,11.21,9,4,GERMANY
7791,@accenture.com,10,16.1,4,9,INDIA
7792,@gmail.com,5,0.7,3,3,united states
7793,@gmail.com,8,6.28,4,2,India
7794,@gmail.com,4,7.34,3,4,India
7795,@yahoo.com,11,,15,4,UK
7796,@gmail.com,10,4.11,1,5,uk
7797,@unknown_typo,5,4.05,3,6,united states
7798,@gmail.com,4,24.94,4,6,USA
7799,@gmail.com,6,17.43,3,8,usa
7800,@yahoo.com,4,38.41,6,4,GERMANY
7801,@gmail.com,9,5.56,2,3,GERMANY
7802,@gmail.com,13,32.01,9,4,INDIA
7803,@gmail.com,10,29.9,9,3,UK
7804,@yahoo.com,18,8.91,9,4,
7805,@yahoo.com,22,14.9,6,3,usa
7806,@meta.com,15,13.67,21,6,usa
7807,@meta.com,5,5.52,4,4,GERMANY
7808,@yahoo.com,9,4.56,1,9,GERMANY
7809,@gmail.com,3,2.78,5,7,uk
7810,@gmail.com,9,27.27,0,4,usa
7811,@meta.com,12,11.44,12,6,usa
7812,@gmail.com,4,6.2,5,5,united states
7813,@gmail.com,1,10.7,5,5,India
7814,@meta.com,5,1.26,0,5,usa
7815,@yahoo.com,9,1.68,4,5,GERMANY
7816,@gmail.com,12,21.37,6,5,
7817,@gmail.com,6,34.73,4,10,GERMANY
7818,@netflix.com,7,5.79,4,7,uk
7819,@accenture.com,2,7.89,7,3,INDIA
7820,@uber.com,11,7.02,15,3,GERMANY
7821,@yahoo.com,6,9.78,1,6,USA
7822,@yahoo.com,7,8.02,3,3,
7823,@unknown_typo,17,7.32,6,5,united states
7824,@unknown_typo,8,16.18,7,9,uk
7825,@gmail.com,2,4.76,2,4,USA
7826,@accenture.com,10,42.87,3,4,India
7827,@gmail.com,4,5.53,3,4,usa
7828,@gmail.com,6,3.62,2,6,united states
7829,@uber.com,10,53.58,5,9,India
7830,@yahoo.com,11,3.9,9,6,uk
7831,@netflix.com,14,11.54,6,9,uk
7832,@gmail.com,2,5.98,7,4,UK
7833,@yahoo.com,8,1.21,3,5,India
7834,@netflix.com,3,45.84,2,4,usa
7835,@netflix.com,12,7.03,6,7,India
7836,@gmail.com,8,15.53,0,8,GERMANY
7837,@gmail.com,3,29.74,4,7,India
7838,@microsoft.com,14,12.08,12,4,uk
7839,@gmail.com,3,18.72,1,3,GERMANY
7840,@unknown_typo,9,23.03,1,5,India
7841,@netflix.com,11,7.21,9,5,uk
7842,@gmail.com,10,14.86,4,1,united states
7843,@gmail.com,7,3.46,1,5,united states
7844,@gmail.com,2,0.85,2,5,usa
7845,@netflix.com,4,64.83,4,4,united states
7846,@gmail.com,4,1.46,4,5,GERMANY
7847,@yahoo.com,12,8.4,9,3,united states
7848,@yahoo.com,8,1.05,5,2,GERMANY
7849,@microsoft.com,7,,3,8,
7850,@gmail.com,2,1.73,2,5,usa
7851,@gmail.com,2,23.16,4,5,uk
7852,@netflix.com,7,18.87,0,4,united states
7853,@netflix.com,8,0.69,2,4,
7854,@meta.com,15,,6,3,UK
7855,@gmail.com,0,52.26,2,4,usa
7856,@gmail.com,3,11.04,2,6,usa
7857,@microsoft.com,9,5.13,2,1,USA
7858,@gmail.com,10,11.81,0,5,INDIA
7859,@netflix.com,11,1.93,6,6,united states
7860,@microsoft.com,21,46.84,12,6,India
7861,@gmail.com,5,6.82,0,5,India
7862,@netflix.com,18,9.16,9,4,
7863,@unknown_typo,13,7.7,9,4,USA
7864,@gmail.com,7,0.42,2,7,UK
7865,@yahoo.com,18,0.52,21,2,uk
7866,@gmail.com,4,12.4,3,6,India
7867,@gmail.com,9,10.47,1,5,INDIA
7868,@gmail.com,12,64.57,0,5,GERMANY
7869,@microsoft.com,10,4.58,1,4,INDIA
7870,@unknown_typo,10,6.89,3,2,India
7871,@yahoo.com,2,66.17,3,5,GERMANY
7872,@gmail.com,6,0.74,1,8,united states
7873,@microsoft.com,8,15.43,1,7,UK
7874,@gmail.com,4,1.61,3,2,USA
7875,@accenture.com,11,43.89,12,10,usa
7876,@yahoo.com,8,5.1,4,9,GERMANY
7877,@gmail.com,10,25.24,1,4,GERMANY
7878,@gmail.com,7,36.33,3,4,UK
7879,@meta.com,4,28.16,4,5,usa
7880,@gmail.com,2,12.21,5,6,INDIA
7881,@meta.com,8,54.41,1,6,USA
7882,@gmail.com,12,16.93,12,3,India
7883,@gmail.com,0,23.14,3,6,USA
7884,@yahoo.com,15,4.2,18,5,
7885,@netflix.com,25,8.13,3,2,India
7886,@netflix.com,9,13.68,4,5,usa
7887,@gmail.com,1,2.36,1,3,India
7888,@gmail.com,6,50.6,2,4,USA
7889,@gmail.com,7,1.74,4,6,USA
7890,@yahoo.com,9,19.8,0,6,usa
7891,@yahoo.com,9,0.9,0,3,GERMANY
7892,@netflix.com,11,1.62,6,5,GERMANY
7893,@netflix.com,12,14.65,12,4,GERMANY
7894,@gmail.com,12,9.04,9,1,usa
7895,@yahoo.com,10,0.05,0,6,
7896,@netflix.com,28,7.5,0,5,
7897,@accenture.com,4,4.32,0,2,united states
7898,@gmail.com,8,30.79,3,6,united states
7899,@gmail.com,7,18.47,1,3,USA
7900,@yahoo.com,12,20.06,3,6,united states
7901,@gmail.com,3,45.22,3,4,united states
7902,@gmail.com,9,18.56,5,3,INDIA
7903,@gmail.com,3,2.63,2,9,INDIA
7904,@microsoft.com,7,41.54,6,1,uk
7905,@gmail.com,4,1.8,1,1,USA
7906,@gmail.com,8,,2,7,GERMANY
7907,@gmail.com,14,5.04,6,4,USA
7908,@accenture.com,5,2.89,5,6,India
7909,@accenture.com,6,,1,0,uk
7910,@yahoo.com,17,9.22,15,2,united states
7911,@yahoo.com,8,17.47,1,4,uk
7912,@unknown_typo,30,8.2,6,6,uk
7913,@gmail.com,4,4.01,3,2,
7914,@gmail.com,8,32.17,2,3,INDIA
7915,@gmail.com,6,7.37,2,2,UK
7916,@gmail.com,6,27.38,4,4,USA
7917,@gmail.com,6,2.95,2,5,usa
7918,@netflix.com,5,6.08,3,7,GERMANY
7919,@microsoft.com,6,24.41,3,7,UK
7920,@yahoo.com,6,0.46,3,6,usa
7921,@netflix.com,11,37.98,3,5,united states
7922,@gmail.com,7,7.58,2,4,USA
7923,@gmail.com,6,57.24,1,9,usa
7924,@microsoft.com,6,18.13,7,4,GERMANY
7925,@microsoft.com,9,,1,6,
7926,@gmail.com,14,,9,8,
7927,@yahoo.com,3,19.2,5,1,INDIA
7928,@microsoft.com,8,31.25,3,1,uk
7929,@uber.com,2,65.81,2,11,
7930,@microsoft.com,24,0.51,0,3,INDIA
7931,@gmail.com,7,1.3,3,7,India
7932,@gmail.com,5,19.73,4,7,
7933,@yahoo.com,7,0.6,4,3,USA
7934,@gmail.com,3,0.17,2,3,India
7935,@netflix.com,9,,2,3,usa
7936,@yahoo.com,30,11.31,18,2,USA
7937,@gmail.com,10,14.26,3,7,usa
7938,@meta.com,21,0.21,12,7,USA
7939,@yahoo.com,6,10.5,5,5,UK
7940,@gmail.com,8,5.07,2,2,INDIA
7941,@accenture.com,9,21.16,1,5,UK
7942,@accenture.com,4,6.42,2,4,GERMANY
7943,@uber.com,8,6.61,3,8,united states
7944,@gmail.com,8,15.93,3,2,
7945,@microsoft.com,16,16.21,15,6,UK
7946,@meta.com,6,0.9,4,7,united states
7947,@gmail.com,9,14.75,5,4,INDIA
7948,@gmail.com,6,16.09,1,4,GERMANY
7949,@netflix.com,10,9.17,1,7,united states
7950,@gmail.com,3,26.39,4,4,UK
7951,@meta.com,14,,6,6,INDIA
7952,@yahoo.com,8,51.81,2,9,united states
7953,@yahoo.com,11,7.07,9,4,uk
7954,@gmail.com,5,13.58,3,7,USA
7955,@accenture.com,4,0.52,3,3,UK
7956,@gmail.com,13,18.51,15,2,uk
7957,@yahoo.com,7,11.77,5,4,uk
7958,@uber.com,14,48.42,6,7,uk
7959,@uber.com,20,8.24,3,8,UK
7960,@unknown_typo,30,19.2,3,5,
7961,@yahoo.com,13,1.16,15,7,uk
7962,@gmail.com,9,1.0,1,4,uk
7963,@unknown_typo,13,44.64,6,4,GERMANY
7964,@microsoft.com,10,4.38,5,5,India
7965,@gmail.com,2,36.52,5,7,UK
7966,@gmail.com,3,1.38,0,4,UK
7967,@accenture.com,17,,12,2,GERMANY
7968,@gmail.com,4,12.03,7,4,
7969,@uber.com,12,50.8,12,7,INDIA
7970,@yahoo.com,4,7.76,0,6,united states
7971,@gmail.com,4,,2,5,united states
7972,@microsoft.com,9,9.64,1,5,UK
7973,@gmail.com,8,26.07,6,5,usa
7974,@yahoo.com,2,0.81,4,7,
7975,@yahoo.com,8,0.55,0,5,usa
7976,@yahoo.com,9,25.87,6,7,united states
7977,@meta.com,11,26.06,3,6,united states
7978,@accenture.com,1,3.35,0,2,GERMANY
7979,@meta.com,23,16.07,9,4,uk
7980,@gmail.com,4,1.0,4,4,UK
7981,@gmail.com,7,21.76,2,12,UK
7982,@yahoo.com,10,5.46,4,6,usa
7983,@netflix.com,18,3.93,12,4,uk
7984,@accenture.com,18,16.98,9,7,united states
7985,@accenture.com,5,36.38,3,6,USA
7986,@gmail.com,6,0.64,4,1,GERMANY
7987,@yahoo.com,11,2.33,12,3,united states
7988,@yahoo.com,15,4.43,6,8,usa
7989,@gmail.com,9,39.42,0,3,UK
7990,@gmail.com,3,31.45,3,3,uk
7991,@netflix.com,8,35.66,2,11,usa
7992,@gmail.com,3,7.13,5,0,united states
7993,@gmail.com,5,3.95,2,6,UK
7994,@gmail.com,9,3.19,2,2,
7995,@netflix.com,7,32.05,3,5,usa
7996,@microsoft.com,14,3.94,3,11,UK
7997,@uber.com,19,11.35,6,10,united states
7998,@netflix.com,9,6.05,2,5,GERMANY
7999,@gmail.com,7,10.37,3,3,uk
8000,@microsoft.com,18,6.36,0,1,INDIA
8001,@gmail.com,5,5.2,1,1,united states
8002,@gmail.com,4,8.36,1,8,GERMANY
8003,@accenture.com,29,6.07,3,5,GERMANY
8004,@meta.com,13,27.46,9,4,
8005,@gmail.com,11,13.04,3,8,India
8006,@gmail.com,7,2.91,5,5,
8007,@yahoo.com,9,4.04,3,4,India
8008,@gmail.com,2,0.83,2,8,USA
8009,@gmail.com,2,,4,5,INDIA
8010,@gmail.com,4,,4,5,UK
8011,@gmail.com,4,3.03,3,4,united states
8012,@accenture.com,9,1.57,3,7,united states
8013,@gmail.com,10,5.81,2,6,united states
8014,@gmail.com,5,,5,3,UK
8015,@yahoo.com,13,9.6,15,5,uk
8016,@accenture.com,19,6.06,24,5,usa
8017,@gmail.com,5,32.18,1,6,
8018,@gmail.com,3,9.48,2,3,UK
8019,@gmail.com,3,9.11,4,3,united states
8020,@meta.com,8,0.48,2,4,INDIA
8021,@microsoft.com,10,15.3,3,2,India
8022,@accenture.com,17,9.22,9,3,
8023,@unknown_typo,7,2.35,2,0,
8024,@meta.com,5,4.19,0,5,USA
8025,@microsoft.com,12,3.39,12,5,uk
8026,@yahoo.com,8,1.95,2,5,united states
8027,@gmail.com,2,8.58,4,6,uk
8028,,9,6.77,2,7,
8029,@gmail.com,2,6.7,3,4,INDIA
8030,@gmail.com,4,4.35,1,5,India
8031,@uber.com,9,8.6,6,11,USA
8032,@gmail.com,2,11.9,2,4,
8033,@microsoft.com,34,14.18,15,7,India
8034,@microsoft.com,3,3.72,4,4,UK
8035,@yahoo.com,6,19.52,3,5,USA
8036,@accenture.com,8,0.41,3,3,UK
8037,@gmail.com,2,20.82,1,4,
8038,@yahoo.com,5,4.99,1,7,usa
8039,@yahoo.com,10,6.93,4,8,India
8040,@uber.com,6,13.04,0,2,UK
8041,@meta.com,13,14.14,9,5,GERMANY
8042,@gmail.com,2,8.2,1,5,uk
8043,@microsoft.com,10,41.68,5,5,
8044,@gmail.com,10,29.31,1,4,India
8045,@netflix.com,14,3.82,3,8,India
8046,@gmail.com,4,13.33,2,9,GERMANY
8047,@uber.com,7,19.15,7,5,UK
8048,@gmail.com,3,3.67,3,6,usa
8049,@gmail.com,1,0.28,5,5,usa
8050,@yahoo.com,7,55.7,7,5,USA
8051,@accenture.com,10,47.68,2,5,UK
8052,@yahoo.com,22,5.79,6,4,India
8053,@netflix.com,6,4.1,2,4,uk
8054,@yahoo.com,14,2.52,6,4,UK
8055,@yahoo.com,16,17.43,3,4,UK
8056,@gmail.com,1,21.12,1,4,usa
8057,@accenture.com,8,8.18,1,7,usa
8058,@gmail.com,8,4.17,3,4,UK
8059,@netflix.com,9,8.93,1,4,INDIA
8060,@netflix.com,24,10.9,6,3,USA
8061,@netflix.com,14,11.76,9,9,USA
8062,@yahoo.com,16,8.79,18,5,India
8063,@uber.com,11,0.06,9,4,uk
8064,@meta.com,7,9.57,2,5,India
8065,@gmail.com,5,6.4,1,6,USA
8066,@microsoft.com,5,12.2,3,10,INDIA
8067,@gmail.com,5,1.08,3,13,usa
8068,@yahoo.com,6,31.7,1,5,
8069,@gmail.com,6,31.24,5,4,uk
8070,@gmail.com,6,12.46,6,2,India
8071,@gmail.com,7,20.04,4,6,USA
8072,@yahoo.com,5,8.64,5,2,UK
8073,@microsoft.com,16,,9,3,India
8074,@gmail.com,6,,1,3,India
8075,@yahoo.com,10,6.55,4,3,usa
8076,@gmail.com,10,48.61,6,6,INDIA
8077,@microsoft.com,14,13.84,3,3,India
8078,@microsoft.com,11,69.9,6,3,uk
8079,@microsoft.com,15,,3,6,USA
8080,@meta.com,14,0.49,0,4,INDIA
8081,@gmail.com,5,5.4,3,5,India
8082,@meta.com,7,15.78,3,5,USA
8083,@yahoo.com,4,36.18,3,4,USA
8084,@yahoo.com,11,14.32,6,4,INDIA
8085,@microsoft.com,4,9.57,2,8,
8086,@gmail.com,8,1.26,5,1,INDIA
8087,@uber.com,7,2.35,4,2,
8088,@microsoft.com,19,0.82,12,7,usa
8089,@gmail.com,4,18.63,3,6,USA
8090,@gmail.com,6,26.68,2,3,UK
8091,@gmail.com,6,2.69,7,8,UK
8092,@netflix.com,25,5.9,6,5,USA
8093,@uber.com,17,9.78,18,4,united states
8094,@gmail.com,4,2.31,4,9,uk
8095,@gmail.com,4,8.07,6,6,uk
8096,@microsoft.com,7,51.09,4,1,uk
8097,@accenture.com,6,19.05,5,4,GERMANY
8098,@gmail.com,6,2.74,2,6,
8099,@gmail.com,12,1.56,9,3,
8100,@netflix.com,6,8.84,4,5,USA
8101,@gmail.com,5,66.28,2,3,UK
8102,@gmail.com,4,23.65,4,2,India
8103,@unknown_typo,25,5.2,0,3,united states
8104,@microsoft.com,2,0.4,4,3,India
8105,@gmail.com,4,7.95,3,6,uk
8106,@gmail.com,3,2.62,1,4,uk
8107,@gmail.com,7,2.98,8,5,USA
8108,@gmail.com,6,2.66,2,8,India
8109,@netflix.com,8,,5,1,USA
8110,@yahoo.com,8,0.55,7,5,USA
8111,@uber.com,12,12.48,6,3,India
8112,@netflix.com,5,20.95,5,2,uk
8113,@yahoo.com,8,2.55,3,7,uk
8114,@gmail.com,4,33.51,4,4,uk
8115,@yahoo.com,6,1.22,3,6,India
8116,@netflix.com,5,17.22,6,6,UK
8117,@accenture.com,6,,2,9,
8118,@gmail.com,9,24.6,3,8,UK
8119,@uber.com,8,12.71,1,5,uk
8120,@microsoft.com,16,13.34,9,5,
8121,@netflix.com,27,6.37,6,7,GERMANY
8122,@gmail.com,5,5.0,7,6,UK
8123,@yahoo.com,14,9.34,9,5,usa
8124,@accenture.com,12,21.26,6,8,UK
8125,@yahoo.com,11,2.76,6,5,INDIA
8126,@yahoo.com,10,25.41,4,4,
8127,@gmail.com,3,9.8,4,10,UK
8128,@gmail.com,5,9.03,5,6,uk
8129,@gmail.com,14,0.25,6,5,
8130,@netflix.com,12,1.99,6,5,UK
8131,@gmail.com,6,8.48,2,7,united states
8132,@yahoo.com,4,,0,2,united states
8133,@uber.com,11,4.32,15,4,UK
8134,@gmail.com,7,0.15,5,6,USA
8135,@yahoo.com,14,8.59,21,4,usa
8136,@meta.com,15,,6,5,INDIA
8137,@accenture.com,19,6.15,6,3,INDIA
8138,@microsoft.com,11,6.56,6,2,USA
8139,@uber.com,10,0.04,1,5,usa
8140,@gmail.com,1,22.68,3,4,India
8141,@netflix.com,2,36.6,6,5,uk
8142,@gmail.com,4,100.4,2,5,USA
8143,@meta.com,6,10.66,2,7,INDIA
8144,@gmail.com,4,5.49,5,7,INDIA
8145,@netflix.com,12,18.96,12,6,India
8146,@uber.com,19,20.0,9,4,
8147,@meta.com,9,7.15,2,2,GERMANY
8148,@gmail.com,7,12.51,4,6,UK
8149,@yahoo.com,12,25.87,3,0,INDIA
8150,@microsoft.com,15,3.15,9,5,GERMANY
8151,@meta.com,12,0.31,6,6,UK
8152,@gmail.com,3,11.64,3,9,GERMANY
8153,@unknown_typo,14,16.38,6,3,India
8154,@netflix.com,2,12.83,2,9,uk
8155,@gmail.com,3,,4,5,united states
8156,@accenture.com,22,7.49,3,7,usa
8157,@yahoo.com,13,15.81,12,6,uk
8158,@yahoo.com,20,0.66,15,5,
8159,@gmail.com,1,2.46,4,2,India
8160,@microsoft.com,6,8.83,1,6,usa
8161,@uber.com,2,42.97,0,7,
8162,@yahoo.com,14,15.51,6,6,GERMANY
8163,@microsoft.com,17,6.58,6,4,uk
8164,@uber.com,26,9.19,9,4,India
8165,@uber.com,10,28.03,2,4,uk
8166,@gmail.com,3,11.73,5,3,USA
8167,@accenture.com,17,0.74,6,3,
8168,@yahoo.com,9,8.09,3,5,UK
8169,@gmail.com,7,7.37,2,2,uk
8170,@gmail.com,6,34.52,2,4,united states
8171,@yahoo.com,13,5.47,9,4,
8172,@netflix.com,6,1.0,4,4,USA
8173,@gmail.com,7,6.57,4,1,uk
8174,@meta.com,17,,12,5,India
8175,@gmail.com,2,26.78,5,5,INDIA
8176,@yahoo.com,17,13.38,6,4,
8177,,12,9.51,18,5,INDIA
8178,@meta.com,8,6.69,3,3,USA
8179,@gmail.com,8,8.11,7,7,INDIA
8180,@yahoo.com,14,23.26,18,5,united states
8181,@gmail.com,7,2.98,4,5,usa
8182,@yahoo.com,6,1.11,4,7,
8183,@meta.com,5,12.37,4,9,UK
8184,@meta.com,12,29.37,15,3,India
8185,@gmail.com,5,12.39,4,8,India
8186,@netflix.com,25,23.86,3,6,
8187,@microsoft.com,15,33.49,15,3,uk
8188,@gmail.com,8,1.2,1,3,uk
8189,@yahoo.com,13,13.34,6,7,usa
8190,@microsoft.com,8,26.82,5,4,INDIA
8191,@microsoft.com,11,15.47,3,2,usa
8192,@yahoo.com,12,13.43,15,3,INDIA
8193,@yahoo.com,16,23.27,6,4,India
8194,@gmail.com,5,18.43,3,5,united states
8195,@accenture.com,12,10.45,18,8,INDIA
8196,@yahoo.com,8,0.68,4,2,India
8197,@gmail.com,2,14.25,4,4,usa
8198,@meta.com,8,3.6,4,9,
8199,@netflix.com,10,4.4,4,4,INDIA
8200,@netflix.com,9,17.07,4,3,usa
8201,@gmail.com,3,9.05,4,2,
8202,@gmail.com,7,18.92,2,5,India
8203,@yahoo.com,9,7.48,8,6,united states
8204,@gmail.com,4,30.61,3,4,
8205,@netflix.com,10,8.35,5,2,uk
8206,@gmail.com,2,10.21,5,12,India
8207,@gmail.com,5,2.02,1,4,
8208,@yahoo.com,23,10.5,3,5,GERMANY
8209,@gmail.com,1,4.11,6,6,uk
8210,@meta.com,16,21.59,3,5,INDIA
8211,@yahoo.com,4,18.78,2,4,GERMANY
8212,@gmail.com,2,0.24,2,9,INDIA
8213,@gmail.com,9,10.21,1,2,GERMANY
8214,@yahoo.com,15,0.7,6,2,
8215,@gmail.com,8,12.63,5,4,usa
8216,@microsoft.com,4,34.79,3,5,usa
8217,@microsoft.com,15,30.28,3,5,GERMANY
8218,@uber.com,11,4.19,3,5,united states
8219,@netflix.com,22,2.26,12,6,united states
8220,@netflix.com,21,23.49,18,2,united states
8221,@netflix.com,8,11.85,2,9,usa
8222,@gmail.com,2,8.27,1,5,
8223,@gmail.com,5,24.95,2,5,uk
8224,@gmail.com,1,4.37,2,5,UK
8225,@netflix.com,17,3.82,6,2,GERMANY
8226,@unknown_typo,19,14.2,9,5,uk
8227,@accenture.com,25,4.77,18,0,USA
8228,@gmail.com,5,8.35,1,2,India
8229,@netflix.com,5,9.1,0,8,
8230,@yahoo.com,10,3.44,1,7,India
8231,@gmail.com,6,0.96,3,6,GERMANY
8232,@yahoo.com,17,21.83,6,5,UK
8233,@gmail.com,3,22.96,2,5,UK
8234,@yahoo.com,10,13.68,6,9,INDIA
8235,@gmail.com,10,2.41,1,4,INDIA
8236,@yahoo.com,12,9.7,18,6,GERMANY
8237,@microsoft.com,7,2.94,2,6,uk
8238,@accenture.com,11,31.96,9,4,UK
8239,@uber.com,12,17.92,15,5,
8240,@yahoo.com,12,0.48,9,8,united states
8241,@accenture.com,15,0.03,0,6,India
8242,@netflix.com,12,61.81,9,6,
8243,@gmail.com,1,0.61,4,10,UK
8244,@yahoo.com,30,30.13,3,7,USA
8245,@gmail.com,5,46.79,2,7,
8246,@gmail.com,4,5.52,3,3,united states
8247,@uber.com,9,11.65,1,1,UK
8248,@accenture.com,8,15.64,3,7,united states
8249,@gmail.com,5,11.02,3,2,USA
8250,@accenture.com,10,3.6,5,5,India
8251,@accenture.com,5,13.06,3,2,GERMANY
8252,@netflix.com,4,4.49,3,2,USA
8253,@gmail.com,5,2.71,4,6,India
8254,@netflix.com,21,10.56,12,1,UK
8255,@gmail.com,8,6.98,3,9,GERMANY
8256,@microsoft.com,4,0.42,2,5,
8257,@gmail.com,6,44.84,5,2,uk
8258,@gmail.com,7,0.61,2,7,usa
8259,@uber.com,11,34.99,6,4,usa
8260,@yahoo.com,7,3.16,3,5,united states
8261,@gmail.com,4,2.29,1,4,usa
8262,@gmail.com,14,1.08,3,4,UK
8263,@uber.com,14,,3,3,INDIA
8264,@gmail.com,8,13.26,6,6,usa
8265,@accenture.com,22,35.11,3,2,India
8266,@gmail.com,3,22.97,1,8,India
8267,@gmail.com,2,2.61,3,5,India
8268,@gmail.com,7,2.75,2,5,
8269,@yahoo.com,20,0.12,9,5,GERMANY
8270,@gmail.com,2,,2,5,uk
8271,@gmail.com,8,0.26,1,4,INDIA
8272,@unknown_typo,5,2.24,2,9,united states
8273,@microsoft.com,15,15.1,12,5,INDIA
8274,@gmail.com,9,2.44,4,4,united states
8275,@yahoo.com,19,2.49,12,5,India
8276,@accenture.com,8,4.0,3,1,usa
8277,@gmail.com,1,7.3,3,5,GERMANY
8278,@gmail.com,5,0.12,1,5,India
8279,@meta.com,17,20.56,9,4,INDIA
8280,@microsoft.com,21,22.3,6,9,INDIA
8281,@microsoft.com,5,6.85,5,4,GERMANY
8282,@gmail.com,6,24.0,2,5,USA
8283,@gmail.com,5,5.03,3,6,usa
8284,@microsoft.com,13,63.71,6,6,UK
8285,@gmail.com,6,7.61,4,9,INDIA
8286,@yahoo.com,16,16.58,9,4,uk
8287,@yahoo.com,9,5.84,4,5,India
8288,@gmail.com,6,8.99,1,4,USA
8289,@netflix.com,12,15.54,18,4,united states
8290,@accenture.com,6,6.4,3,10,GERMANY
8291,@uber.com,9,16.03,4,4,UK
8292,@gmail.com,5,2.37,3,7,united states
8293,@gmail.com,10,9.92,4,3,usa
8294,@yahoo.com,15,4.78,6,4,united states
8295,@gmail.com,15,37.89,18,3,united states
8296,@unknown_typo,17,26.12,9,3,INDIA
8297,@gmail.com,6,10.02,2,3,INDIA
8298,@yahoo.com,7,9.07,2,3,usa
8299,@gmail.com,2,26.94,4,4,USA
8300,@microsoft.com,14,17.59,9,4,usa
8301,@gmail.com,4,17.25,7,6,USA
8302,@yahoo.com,27,11.92,3,4,GERMANY
8303,@gmail.com,4,29.75,2,4,USA
8304,@netflix.com,7,3.15,3,3,
8305,@gmail.com,3,29.7,3,4,usa
8306,@netflix.com,30,11.03,3,3,UK
8307,@accenture.com,14,14.57,3,7,India
8308,@gmail.com,5,49.22,3,6,USA
8309,@meta.com,25,8.29,0,3,uk
8310,@gmail.com,5,16.54,3,4,united states
8311,@unknown_typo,9,11.08,3,4,UK
8312,@yahoo.com,5,40.24,3,4,uk
8313,@gmail.com,8,10.03,6,6,
8314,@gmail.com,2,4.44,3,4,INDIA
8315,@gmail.com,5,9.89,8,5,uk
8316,,4,37.29,1,7,INDIA
8317,@gmail.com,3,10.42,1,4,united states
8318,@uber.com,12,2.37,9,3,INDIA
8319,@yahoo.com,10,11.7,1,7,GERMANY
8320,@netflix.com,23,7.36,6,5,UK
8321,@gmail.com,7,15.74,2,5,India
8322,@yahoo.com,23,4.14,6,5,USA
8323,@yahoo.com,14,5.84,9,5,united states
8324,@uber.com,14,10.9,6,8,uk
8325,@gmail.com,7,1.89,3,7,GERMANY
8326,@gmail.com,5,3.55,1,3,UK
8327,@gmail.com,3,,5,5,India
8328,@meta.com,12,,21,3,
8329,@gmail.com,4,52.37,3,3,uk
8330,@microsoft.com,10,41.53,4,12,uk
8331,@gmail.com,3,42.71,2,3,
8332,@accenture.com,11,25.81,3,7,GERMANY
8333,@netflix.com,11,19.96,15,5,
8334,@yahoo.com,17,3.96,3,6,GERMANY
8335,@gmail.com,6,8.74,4,4,UK
8336,@gmail.com,7,7.61,2,4,USA
8337,@gmail.com,10,19.66,4,9,usa
8338,@gmail.com,0,9.68,2,7,united states
8339,@uber.com,11,6.7,12,5,GERMANY
8340,@yahoo.com,11,25.24,9,8,UK
8341,@netflix.com,13,20.79,18,4,India
8342,@gmail.com,6,6.9,5,8,USA
8343,@uber.com,23,8.15,12,4,GERMANY
8344,@yahoo.com,13,33.55,15,5,India
8345,@yahoo.com,7,,5,5,USA
8346,@gmail.com,2,17.57,1,2,India
8347,@yahoo.com,8,18.66,3,6,USA
8348,@yahoo.com,10,1.62,4,10,USA
8349,@uber.com,3,12.43,4,2,GERMANY
8350,@netflix.com,9,5.16,4,4,usa
8351,@gmail.com,1,1.33,6,5,GERMANY
8352,@gmail.com,2,,3,3,usa
8353,@yahoo.com,13,5.44,6,8,usa
8354,@yahoo.com,14,5.57,9,7,India
8355,@gmail.com,8,15.32,5,5,USA
8356,@meta.com,7,,3,6,UK
8357,,6,9.64,6,8,India
8358,@netflix.com,24,12.19,3,6,GERMANY
8359,@gmail.com,4,28.35,2,5,usa
8360,@accenture.com,17,1.7,3,5,uk
8361,@uber.com,37,1.01,3,5,USA
8362,@yahoo.com,26,16.02,9,3,uk
8363,@yahoo.com,7,13.89,6,5,UK
8364,@accenture.com,5,3.09,1,5,UK
8365,@yahoo.com,9,11.07,4,7,uk
8366,@gmail.com,7,20.54,3,7,USA
8367,@yahoo.com,17,19.74,12,4,GERMANY
8368,@microsoft.com,16,13.58,15,7,uk
8369,@gmail.com,5,2.1,4,2,UK
8370,@netflix.com,5,5.44,1,6,usa
8371,@uber.com,4,7.81,1,6,UK
8372,@microsoft.com,26,23.29,9,8,uk
8373,@gmail.com,3,11.77,0,8,USA
8374,@microsoft.com,8,19.82,5,5,uk
8375,@gmail.com,3,38.56,1,7,united states
8376,@gmail.com,6,14.67,2,3,GERMANY
8377,@yahoo.com,12,4.06,12,8,UK
8378,@yahoo.com,12,2.26,12,3,uk
8379,@microsoft.com,8,0.01,2,4,uk
8380,@gmail.com,5,2.9,2,4,USA
8381,@yahoo.com,9,4.7,5,6,GERMANY
8382,@gmail.com,4,4.72,5,6,uk
8383,,4,16.5,5,4,usa
8384,@microsoft.com,19,2.44,15,4,united states
8385,@uber.com,13,8.58,21,3,united states
8386,@gmail.com,3,0.07,1,2,united states
8387,@gmail.com,4,4.54,4,2,India
8388,@unknown_typo,26,0.63,0,5,GERMANY
8389,@gmail.com,4,18.55,1,5,GERMANY
8390,@yahoo.com,17,6.56,9,6,UK
8391,@microsoft.com,12,9.81,6,6,USA
8392,@gmail.com,5,,3,6,
8393,@accenture.com,13,29.81,9,3,INDIA
8394,@yahoo.com,11,10.91,9,6,USA
8395,@gmail.com,5,15.74,5,3,India
8396,@gmail.com,1,19.98,1,3,India
8397,@gmail.com,9,5.04,2,3,INDIA
8398,@netflix.com,8,18.43,3,7,UK
8399,@uber.com,20,15.91,3,3,GERMANY
8400,@gmail.com,8,8.78,2,7,united states
8401,@gmail.com,2,6.25,4,5,UK
8402,@uber.com,13,54.55,6,3,
8403,@microsoft.com,8,64.38,3,4,
8404,@yahoo.com,9,17.82,1,6,India
8405,@gmail.com,5,7.27,6,5,UK
8406,@gmail.com,9,20.89,3,4,
8407,@uber.com,17,17.06,6,8,uk
8408,@unknown_typo,3,11.81,4,4,UK
8409,@gmail.com,9,2.12,3,2,
8410,@microsoft.com,14,43.95,12,0,INDIA
8411,@yahoo.com,5,3.97,1,2,GERMANY
8412,@yahoo.com,17,7.49,12,1,UK
8413,@gmail.com,5,6.29,4,7,usa
8414,@accenture.com,16,2.5,15,9,
8415,@yahoo.com,7,0.37,7,7,united states
8416,@yahoo.com,10,39.85,0,3,UK
8417,@gmail.com,4,20.18,1,6,India
8418,@gmail.com,1,0.31,4,3,GERMANY
8419,@gmail.com,12,17.46,6,8,UK
8420,@uber.com,14,2.08,9,4,INDIA
8421,@gmail.com,3,,6,7,INDIA
8422,@uber.com,13,10.55,6,1,UK
8423,@gmail.com,7,57.15,2,3,INDIA
8424,@yahoo.com,6,8.49,3,7,uk
8425,@yahoo.com,9,20.73,5,6,uk
8426,@gmail.com,8,0.63,1,6,USA
8427,@gmail.com,1,41.13,4,4,united states
8428,@gmail.com,2,12.4,2,6,UK
8429,@uber.com,20,5.66,6,3,usa
8430,@uber.com,7,2.04,3,3,
8431,@gmail.com,2,15.36,3,0,India
8432,@yahoo.com,10,20.57,2,2,united states
8433,@gmail.com,4,1.34,2,4,GERMANY
8434,@gmail.com,9,2.7,0,6,
8435,@gmail.com,4,7.3,2,5,India
8436,@netflix.com,10,28.63,3,2,India
8437,@gmail.com,9,61.06,3,4,INDIA
8438,@gmail.com,3,20.5,4,2,usa
8439,@gmail.com,4,0.08,3,2,USA
8440,@gmail.com,13,35.07,15,5,united states
8441,@microsoft.com,6,,3,5,GERMANY
8442,@gmail.com,3,34.11,4,5,GERMANY
8443,@gmail.com,5,7.92,1,7,uk
8444,@microsoft.com,17,20.31,9,4,GERMANY
8445,@gmail.com,6,1.37,5,4,UK
8446,@uber.com,9,2.7,2,3,India
8447,@microsoft.com,16,8.99,6,8,united states
8448,@gmail.com,3,0.59,2,5,GERMANY
8449,@uber.com,10,7.41,5,5,India
8450,@gmail.com,8,20.91,1,3,
8451,@yahoo.com,18,,21,7,UK
8452,@yahoo.com,12,6.5,15,1,united states
8453,@gmail.com,6,0.13,2,6,USA
8454,@microsoft.com,27,4.71,9,2,UK
8455,@accenture.com,4,22.46,5,5,uk
8456,,19,6.24,3,4,
8457,@microsoft.com,7,,3,5,
8458,@yahoo.com,6,1.16,4,5,
8459,@gmail.com,7,13.81,2,5,India
8460,@gmail.com,8,14.59,5,3,united states
8461,@yahoo.com,7,8.45,6,6,INDIA
8462,@gmail.com,4,21.44,1,5,UK
8463,@netflix.com,10,31.42,2,6,united states
8464,@gmail.com,5,20.83,4,3,usa
8465,@gmail.com,5,11.79,2,8,united states
8466,@gmail.com,3,41.16,4,7,India
8467,@accenture.com,12,7.22,6,4,uk
8468,@uber.com,12,15.95,3,5,uk
8469,@microsoft.com,23,12.84,6,7,India
8470,@gmail.com,12,27.64,9,2,GERMANY
8471,@accenture.com,11,10.39,15,5,INDIA
8472,@gmail.com,8,12.09,2,5,India
8473,@accenture.com,8,9.07,1,1,USA
8474,@yahoo.com,12,2.27,12,3,India
8475,@gmail.com,3,32.63,1,4,usa
8476,@yahoo.com,20,29.69,6,3,USA
8477,@uber.com,4,18.18,3,8,INDIA
8478,@gmail.com,5,6.41,0,4,usa
8479,@accenture.com,10,6.58,1,4,UK
8480,@yahoo.com,11,0.55,9,6,usa
8481,@gmail.com,1,1.21,0,5,
8482,@gmail.com,5,10.82,3,10,GERMANY
8483,@yahoo.com,8,0.77,0,2,united states
8484,@yahoo.com,8,1.57,1,3,uk
8485,@yahoo.com,4,4.34,6,4,
8486,@uber.com,18,7.02,18,3,INDIA
8487,@yahoo.com,20,10.08,9,7,
8488,@unknown_typo,14,5.89,9,9,
8489,@microsoft.com,8,42.37,3,4,GERMANY
8490,@accenture.com,9,45.21,2,8,USA
8491,@gmail.com,9,0.87,5,8,
8492,@gmail.com,2,63.42,8,5,UK
8493,@gmail.com,2,2.85,3,5,India
8494,@microsoft.com,11,6.04,12,2,uk
8495,@accenture.com,8,27.21,4,9,India
8496,@gmail.com,9,17.46,6,3,united states
8497,@gmail.com,8,0.9,4,3,
8498,@accenture.com,18,22.35,12,3,INDIA
8499,@gmail.com,3,16.33,2,4,
8500,@uber.com,10,,2,4,UK
8501,@yahoo.com,8,36.12,2,4,UK
8502,@accenture.com,18,55.47,12,7,usa
8503,@gmail.com,5,9.1,2,6,
8504,@gmail.com,4,18.39,1,1,
8505,@microsoft.com,11,49.02,12,3,USA
8506,@netflix.com,22,0.03,6,8,UK
8507,@yahoo.com,11,23.33,0,3,usa
8508,@gmail.com,4,0.83,2,7,GERMANY
8509,@microsoft.com,27,102.41,6,5,usa
8510,@netflix.com,12,0.21,18,6,USA
8511,@accenture.com,5,12.14,1,5,India
8512,,15,11.04,24,6,INDIA
8513,@gmail.com,2,5.45,1,2,united states
8514,@gmail.com,7,19.77,2,6,uk
8515,@microsoft.com,6,4.46,3,7,UK
8516,@accenture.com,12,5.15,9,3,GERMANY
8517,@gmail.com,3,2.98,2,4,
8518,@gmail.com,12,18.78,3,4,GERMANY
8519,@meta.com,29,2.8,12,4,USA
8520,@gmail.com,10,34.19,3,4,united states
8521,@gmail.com,18,5.09,6,2,USA
8522,@yahoo.com,4,10.97,4,5,INDIA
8523,@microsoft.com,12,9.67,9,6,UK
8524,@uber.com,18,18.18,3,3,GERMANY
8525,@gmail.com,4,4.0,4,8,uk
8526,@microsoft.com,10,,5,10,USA
8527,@microsoft.com,21,20.09,9,7,India
8528,@yahoo.com,14,6.29,15,6,usa
8529,@microsoft.com,11,1.92,12,3,GERMANY
8530,@gmail.com,6,10.54,4,4,usa
8531,@gmail.com,10,59.08,2,3,uk
8532,@gmail.com,4,0.37,3,3,usa
8533,@gmail.com,4,27.95,5,4,USA
8534,@yahoo.com,5,18.05,3,8,GERMANY
8535,@accenture.com,9,3.04,2,1,usa
8536,@uber.com,4,9.71,2,4,GERMANY
8537,@meta.com,12,14.82,6,4,GERMANY
8538,@gmail.com,8,,4,2,GERMANY
8539,@yahoo.com,11,38.14,0,8,GERMANY
8540,@gmail.com,3,30.96,1,5,usa
8541,@gmail.com,9,5.97,4,5,usa
8542,@gmail.com,4,1.92,4,3,USA
8543,@microsoft.com,7,1.65,1,7,INDIA
8544,,6,51.98,3,4,uk
8545,@gmail.com,11,46.79,12,6,uk
8546,@gmail.com,8,25.68,0,5,united states
8547,@meta.com,8,59.03,3,6,GERMANY
8548,@gmail.com,11,4.81,9,6,usa
8549,@accenture.com,12,26.19,6,10,GERMANY
8550,@uber.com,6,10.46,1,4,INDIA
8551,@netflix.com,6,24.08,1,8,India
8552,@yahoo.com,3,14.16,3,6,GERMANY
8553,@uber.com,11,28.08,3,5,united states
8554,@yahoo.com,5,7.6,0,5,united states
8555,@microsoft.com,12,67.84,12,2,
8556,@yahoo.com,12,3.71,9,7,INDIA
8557,@gmail.com,1,,2,10,usa
8558,@yahoo.com,4,24.34,2,5,INDIA
8559,@yahoo.com,12,13.22,6,4,INDIA
8560,@accenture.com,11,5.14,12,2,uk
8561,@meta.com,14,12.36,12,4,usa
8562,@uber.com,8,10.54,2,4,
8563,@gmail.com,5,3.16,1,7,usa
8564,@uber.com,7,21.61,4,9,uk
8565,@yahoo.com,14,4.66,15,3,GERMANY
8566,@netflix.com,12,26.77,9,6,
8567,@netflix.com,13,3.62,3,4,INDIA
8568,@gmail.com,6,10.47,3,2,India
8569,@accenture.com,11,17.82,3,4,USA
8570,@gmail.com,8,82.2,2,4,uk
8571,@gmail.com,14,4.74,0,1,INDIA
8572,@yahoo.com,11,15.14,12,3,INDIA
8573,@gmail.com,2,2.5,1,6,INDIA
8574,@meta.com,7,25.69,4,4,uk
8575,@gmail.com,1,29.65,3,5,USA
8576,@gmail.com,2,,5,3,uk
8577,@microsoft.com,10,43.65,1,5,USA
8578,@uber.com,10,,1,8,
8579,@netflix.com,16,,9,5,USA
8580,@uber.com,8,,3,7,India
8581,@uber.com,7,24.43,3,8,USA
8582,@gmail.com,3,8.06,5,2,uk
8583,@gmail.com,5,12.14,2,13,UK
8584,@gmail.com,1,2.14,1,1,India
8585,@yahoo.com,8,28.51,4,7,INDIA
8586,@uber.com,21,9.89,3,12,USA
8587,@yahoo.com,1,15.34,2,4,GERMANY
8588,@meta.com,17,16.6,15,4,
8589,@yahoo.com,11,4.81,12,7,united states
8590,@gmail.com,12,23.77,15,6,UK
8591,@gmail.com,6,26.85,3,9,
8592,@accenture.com,12,,9,5,GERMANY
8593,@uber.com,7,34.9,7,4,united states
8594,@netflix.com,8,2.63,3,4,uk
8595,@gmail.com,8,8.03,1,2,INDIA
8596,,20,0.68,15,2,GERMANY
8597,@gmail.com,4,7.63,1,4,
8598,@gmail.com,5,87.33,2,3,USA
8599,,7,9.33,1,5,GERMANY
8600,@gmail.com,4,,1,5,UK
8601,@uber.com,17,17.46,3,1,UK
8602,@gmail.com,8,0.75,8,3,USA
8603,@microsoft.com,5,6.55,2,1,GERMANY
8604,@netflix.com,17,11.42,6,2,
8605,@gmail.com,7,9.93,1,7,united states
8606,@uber.com,15,15.43,15,4,India
8607,@gmail.com,8,2.24,2,2,united states
8608,@microsoft.com,16,7.73,0,7,GERMANY
8609,@gmail.com,6,15.06,2,6,uk
8610,@gmail.com,16,5.39,18,4,UK
8611,@gmail.com,7,14.24,3,3,GERMANY
8612,@gmail.com,6,47.66,3,5,GERMANY
8613,@netflix.com,12,39.97,9,4,united states
8614,@gmail.com,3,19.39,3,1,INDIA
8615,@gmail.com,4,2.93,3,2,UK
8616,@yahoo.com,8,23.0,3,5,UK
8617,@gmail.com,6,8.88,5,6,India
8618,@meta.com,18,45.47,27,7,USA
8619,@unknown_typo,15,14.18,21,4,usa
8620,@yahoo.com,5,3.68,5,5,GERMANY
8621,@accenture.com,7,5.62,3,9,usa
8622,@microsoft.com,11,5.76,9,2,united states
8623,@gmail.com,4,4.85,5,4,usa
8624,@uber.com,16,22.16,15,7,INDIA
8625,@yahoo.com,18,6.16,9,5,INDIA
8626,@uber.com,11,3.27,3,8,GERMANY
8627,@netflix.com,12,13.6,9,6,GERMANY
8628,@yahoo.com,22,9.38,6,3,INDIA
8629,@netflix.com,16,0.34,9,7,
8630,@meta.com,17,4.91,15,2,GERMANY
8631,@yahoo.com,14,0.58,9,3,
8632,@microsoft.com,2,21.85,6,4,usa
8633,@gmail.com,2,45.25,2,7,uk
8634,,8,10.4,0,5,united states
8635,@uber.com,11,12.25,9,1,
8636,@gmail.com,2,27.97,3,3,UK
8637,@gmail.com,4,0.29,1,5,USA
8638,@microsoft.com,8,2.66,3,8,uk
8639,@gmail.com,5,15.94,4,5,
8640,@gmail.com,4,20.31,1,7,UK
8641,@yahoo.com,23,14.76,12,5,India
8642,@gmail.com,11,42.01,6,10,usa
8643,@yahoo.com,9,7.47,4,2,
8644,@gmail.com,11,12.15,12,3,usa
8645,@gmail.com,4,46.99,2,3,INDIA
8646,@uber.com,3,34.48,2,5,uk
8647,@yahoo.com,19,0.47,15,6,India
8648,@gmail.com,10,6.51,2,10,GERMANY
8649,@gmail.com,5,20.15,2,3,UK
8650,@microsoft.com,15,0.01,6,3,usa
8651,@gmail.com,4,29.82,2,5,India
8652,@gmail.com,6,10.46,3,8,USA
8653,@gmail.com,5,1.36,2,7,usa
8654,@accenture.com,17,,6,3,usa
8655,@meta.com,13,10.18,6,7,uk
8656,@meta.com,15,6.86,6,4,UK
8657,@uber.com,14,9.09,3,7,uk
8658,@uber.com,11,33.3,15,4,united states
8659,@yahoo.com,3,5.87,2,4,
8660,@microsoft.com,7,48.63,1,8,uk
8661,@gmail.com,12,17.42,12,3,uk
8662,@microsoft.com,14,33.95,9,8,united states
8663,@meta.com,31,3.52,6,1,uk
8664,@yahoo.com,12,10.15,21,3,UK
8665,@gmail.com,3,12.5,1,11,GERMANY
8666,@gmail.com,4,1.34,4,6,GERMANY
8667,@microsoft.com,15,10.21,12,4,uk
8668,@uber.com,10,29.59,3,6,united states
8669,@accenture.com,13,0.8,3,4,INDIA
8670,@gmail.com,3,15.42,3,4,USA
8671,@meta.com,6,67.32,2,6,USA
8672,@microsoft.com,14,11.24,9,7,USA
8673,@netflix.com,11,5.42,12,5,GERMANY
8674,@yahoo.com,11,13.19,6,3,uk
8675,@yahoo.com,6,11.69,3,5,India
8676,@microsoft.com,15,1.67,21,7,united states
8677,@meta.com,8,3.62,5,9,usa
8678,@unknown_typo,12,16.6,6,2,united states
8679,@gmail.com,1,13.47,3,4,uk
8680,@gmail.com,9,6.33,2,1,UK
8681,@netflix.com,12,57.62,15,7,uk
8682,@yahoo.com,23,15.52,12,3,USA
8683,@microsoft.com,14,3.94,15,5,USA
8684,@yahoo.com,10,9.56,1,5,USA
8685,@gmail.com,4,18.65,3,5,India
8686,@meta.com,5,16.72,3,6,
8687,@meta.com,14,4.24,12,7,usa
8688,@gmail.com,4,15.66,5,7,INDIA
8689,@gmail.com,12,6.07,15,9,GERMANY
8690,@accenture.com,7,9.17,5,5,USA
8691,@gmail.com,2,16.59,2,6,GERMANY
8692,@netflix.com,5,13.05,4,3,INDIA
8693,@gmail.com,5,18.71,5,5,UK
8694,@microsoft.com,23,7.22,6,5,India
8695,@netflix.com,13,20.91,15,4,uk
8696,@uber.com,10,0.24,1,8,uk
8697,@yahoo.com,5,3.12,2,3,INDIA
8698,@uber.com,11,54.3,9,8,INDIA
8699,@gmail.com,4,1.36,3,4,usa
8700,@gmail.com,3,16.27,3,6,GERMANY
8701,,23,37.29,15,2,GERMANY
8702,@meta.com,27,,12,3,
8703,@microsoft.com,15,36.59,9,3,India
8704,@gmail.com,4,61.94,2,4,UK
8705,@gmail.com,4,6.63,3,4,uk
8706,@gmail.com,6,6.01,5,3,USA
8707,@microsoft.com,8,1.93,0,5,
8708,@meta.com,21,,9,6,
8709,@yahoo.com,17,15.87,3,2,India
8710,@accenture.com,20,6.03,6,6,India
8711,@gmail.com,8,6.26,3,7,USA
8712,@gmail.com,3,15.57,2,7,India
8713,@gmail.com,3,1.66,4,3,
8714,@yahoo.com,12,0.86,12,4,united states
8715,@gmail.com,2,24.36,4,7,united states
8716,@unknown_typo,9,23.4,1,7,UK
8717,@gmail.com,3,7.29,3,7,
8718,@netflix.com,8,13.49,1,5,united states
8719,@yahoo.com,14,4.08,9,1,united states
8720,,11,6.87,0,5,usa
8721,@microsoft.com,6,0.56,4,2,INDIA
8722,@netflix.com,15,,18,3,GERMANY
8723,@gmail.com,0,0.25,5,4,
8724,@meta.com,15,8.28,6,7,GERMANY
8725,@netflix.com,7,11.0,5,5,united states
8726,@gmail.com,7,10.26,1,4,usa
8727,@gmail.com,5,6.25,3,8,uk
8728,@yahoo.com,18,3.48,6,5,usa
8729,@netflix.com,4,9.09,6,2,usa
8730,@yahoo.com,17,30.6,18,6,GERMANY
8731,@yahoo.com,8,61.32,2,2,uk
8732,@gmail.com,5,5.63,2,6,India
8733,@gmail.com,3,54.99,9,5,India
8734,@accenture.com,27,8.55,18,7,UK
8735,@gmail.com,5,14.25,0,5,USA
8736,@microsoft.com,11,24.42,6,3,
8737,@netflix.com,12,6.68,6,6,united states
8738,@gmail.com,3,3.5,2,6,united states
8739,@uber.com,14,4.78,24,4,India
8740,@gmail.com,4,27.36,0,7,India
8741,@microsoft.com,6,40.88,2,2,USA
8742,@gmail.com,4,2.06,0,5,uk
8743,@meta.com,6,17.79,3,5,
8744,@gmail.com,5,0.53,5,4,
8745,@yahoo.com,12,31.19,15,10,India
8746,@microsoft.com,12,29.16,6,4,GERMANY
8747,@gmail.com,5,22.35,2,2,India
8748,@meta.com,5,26.09,5,11,united states
8749,@gmail.com,6,13.91,2,3,united states
8750,@uber.com,15,2.39,3,7,united states
8751,@gmail.com,9,36.9,4,7,united states
8752,@uber.com,2,2.28,3,8,GERMANY
8753,@gmail.com,7,3.83,2,3,India
8754,@yahoo.com,12,,9,5,
8755,@gmail.com,3,10.34,1,4,usa
8756,@meta.com,6,1.52,4,7,
8757,@gmail.com,4,21.51,6,4,
8758,@netflix.com,24,2.22,15,4,
8759,@netflix.com,16,15.95,3,6,united states
8760,@gmail.com,6,9.02,4,2,GERMANY
8761,@microsoft.com,11,24.99,9,6,India
8762,@gmail.com,8,5.26,4,4,
8763,@gmail.com,10,27.17,5,3,usa
8764,@uber.com,25,4.36,0,3,USA
8765,@uber.com,8,12.81,4,3,INDIA
8766,@microsoft.com,23,9.99,3,1,uk
8767,@gmail.com,5,6.52,0,3,GERMANY
8768,@gmail.com,8,0.18,3,7,India
8769,@gmail.com,4,7.61,5,6,GERMANY
8770,@uber.com,28,1.89,9,9,usa
8771,@yahoo.com,15,3.83,9,7,usa
8772,@uber.com,3,17.49,2,8,uk
8773,@gmail.com,5,12.7,3,2,united states
8774,@gmail.com,5,11.23,1,2,INDIA
8775,@gmail.com,5,12.45,2,4,UK
8776,@gmail.com,2,1.92,3,9,USA
8777,@gmail.com,7,2.7,3,10,
8778,@accenture.com,14,11.74,6,9,UK
8779,@netflix.com,6,7.83,5,11,
8780,@yahoo.com,6,9.33,3,2,uk
8781,@yahoo.com,2,31.7,1,6,INDIA
8782,@gmail.com,2,3.07,2,7,united states
8783,@accenture.com,5,36.24,2,5,India
8784,@gmail.com,5,29.22,3,3,India
8785,@netflix.com,21,34.81,6,6,USA
8786,@yahoo.com,5,15.38,1,5,
8787,@gmail.com,2,29.92,2,4,uk
8788,@netflix.com,11,70.98,6,4,USA
8789,@gmail.com,10,9.56,7,4,uk
8790,@microsoft.com,25,29.69,3,9,UK
8791,@yahoo.com,11,35.1,18,5,united states
8792,@gmail.com,8,5.56,1,2,India
8793,@yahoo.com,12,8.77,3,8,united states
8794,@uber.com,9,12.79,3,6,uk
8795,@uber.com,13,6.44,6,2,UK
8796,@gmail.com,5,5.83,2,2,uk
8797,@netflix.com,11,7.19,15,4,India
8798,@gmail.com,8,8.27,3,8,usa
8799,@gmail.com,12,4.36,9,10,usa
8800,@gmail.com,5,9.62,1,5,UK
8801,@gmail.com,3,22.63,6,4,
8802,@gmail.com,10,14.69,3,3,UK
8803,,15,7.16,12,7,united states
8804,@gmail.com,1,2.55,5,6,INDIA
8805,@gmail.com,1,26.06,0,8,united states
8806,@gmail.com,3,10.74,1,5,uk
8807,@uber.com,14,53.23,15,3,INDIA
8808,@accenture.com,16,4.37,6,5,INDIA
8809,@gmail.com,13,2.89,9,6,GERMANY
8810,@gmail.com,5,0.12,4,4,UK
8811,@gmail.com,12,1.29,18,3,GERMANY
8812,@gmail.com,3,7.3,1,7,India
8813,@gmail.com,4,3.31,6,4,USA
8814,@yahoo.com,9,0.58,2,8,India
8815,@gmail.com,5,3.83,5,5,usa
8816,@yahoo.com,3,19.57,1,5,usa
8817,@gmail.com,11,19.96,15,5,
8818,@netflix.com,11,2.43,6,6,USA
8819,@netflix.com,20,41.35,18,7,
8820,@microsoft.com,16,2.6,6,3,usa
8821,@gmail.com,3,1.4,3,3,united states
8822,@gmail.com,11,2.67,9,6,
8823,@yahoo.com,9,2.27,3,5,India
8824,@uber.com,21,14.98,0,0,united states
8825,@yahoo.com,7,2.55,5,6,uk
8826,@accenture.com,13,15.09,9,7,India
8827,@netflix.com,8,4.86,4,7,India
8828,@gmail.com,4,4.28,3,4,GERMANY
8829,@microsoft.com,19,34.13,0,5,GERMANY
8830,@gmail.com,4,3.62,2,4,INDIA
8831,@gmail.com,9,29.99,3,2,GERMANY
8832,@yahoo.com,7,5.43,4,4,united states
8833,@gmail.com,7,71.04,5,8,India
8834,@accenture.com,18,59.39,3,4,INDIA
8835,@gmail.com,2,26.37,3,3,
8836,@yahoo.com,10,30.38,2,7,uk
8837,@microsoft.com,22,26.0,3,4,USA
8838,@uber.com,17,14.9,6,3,usa
8839,@gmail.com,2,24.83,6,5,GERMANY
8840,@accenture.com,29,14.84,6,7,uk
8841,@microsoft.com,14,27.69,3,6,USA
8842,@yahoo.com,13,41.13,6,4,usa
8843,@gmail.com,3,20.99,1,0,usa
8844,@yahoo.com,9,50.15,2,4,GERMANY
8845,@accenture.com,10,8.92,6,5,uk
8846,@microsoft.com,3,38.93,3,6,USA
8847,@accenture.com,5,3.85,1,10,INDIA
8848,@yahoo.com,13,0.48,15,5,USA
8849,@gmail.com,7,2.06,4,3,INDIA
8850,@gmail.com,10,2.62,5,5,GERMANY
8851,@gmail.com,3,26.1,6,4,
8852,@uber.com,8,7.69,1,8,UK
8853,@meta.com,14,3.98,18,5,UK
8854,@gmail.com,0,25.09,3,6,UK
8855,@yahoo.com,8,3.39,8,4,united states
8856,@yahoo.com,8,1.22,4,8,usa
8857,@yahoo.com,7,,3,5,UK
8858,@gmail.com,3,1.08,7,11,GERMANY
8859,@gmail.com,2,4.91,2,5,India
8860,@gmail.com,9,18.08,1,5,GERMANY
8861,@gmail.com,6,7.04,1,4,usa
8862,@gmail.com,5,1.37,4,2,India
8863,@gmail.com,6,7.74,8,4,UK
8864,@microsoft.com,5,10.8,8,3,INDIA
8865,@gmail.com,7,4.32,7,10,
8866,@unknown_typo,5,2.81,1,4,uk
8867,@gmail.com,10,21.51,3,8,USA
8868,@gmail.com,3,1.05,3,9,
8869,@gmail.com,3,47.15,1,5,UK
8870,@gmail.com,1,0.11,7,5,USA
8871,@accenture.com,17,15.8,15,9,GERMANY
8872,@gmail.com,5,2.15,2,5,UK
8873,@netflix.com,3,11.88,3,6,UK
8874,@netflix.com,8,3.11,6,12,GERMANY
8875,@yahoo.com,10,0.52,1,5,
8876,@yahoo.com,5,29.47,2,2,usa
8877,@uber.com,7,8.27,4,3,united states
8878,@gmail.com,2,4.83,0,6,uk
8879,@microsoft.com,14,44.14,9,6,USA
8880,@gmail.com,10,1.28,4,5,united states
8881,@gmail.com,7,6.43,3,3,usa
8882,@yahoo.com,4,,4,2,usa
8883,@yahoo.com,12,70.99,6,3,usa
8884,@netflix.com,10,11.85,1,6,
8885,@gmail.com,4,25.09,2,3,UK
8886,@accenture.com,14,2.68,12,4,uk
8887,@gmail.com,10,5.45,1,4,USA
8888,@gmail.com,7,14.5,2,4,
8889,@gmail.com,5,2.94,4,3,GERMANY
8890,@yahoo.com,20,10.4,15,7,India
8891,@gmail.com,7,40.24,1,3,UK
8892,@yahoo.com,7,,3,4,India
8893,@accenture.com,5,6.57,3,6,GERMANY
8894,@yahoo.com,2,10.89,4,3,UK
8895,@yahoo.com,7,,3,5,united states
8896,@accenture.com,10,57.61,1,6,usa
8897,@uber.com,20,11.01,15,8,INDIA
8898,@yahoo.com,9,3.47,4,5,UK
8899,@gmail.com,2,,3,7,united states
8900,@netflix.com,5,8.18,4,5,UK
8901,@microsoft.com,4,15.16,1,4,UK
8902,@gmail.com,8,27.83,1,2,united states
8903,@gmail.com,5,5.55,3,5,USA
8904,@accenture.com,8,12.94,4,4,
8905,@gmail.com,4,0.87,1,4,uk
8906,,3,4.01,0,3,UK
8907,@gmail.com,8,2.24,3,4,GERMANY
8908,@meta.com,25,15.5,0,7,USA
8909,@gmail.com,3,4.41,1,7,India
8910,@yahoo.com,8,21.41,3,4,USA
8911,@netflix.com,7,21.48,3,6,INDIA
8912,@yahoo.com,14,,9,9,united states
8913,@yahoo.com,14,2.13,12,3,UK
8914,@gmail.com,5,11.2,6,5,usa
8915,@gmail.com,1,17.05,3,3,GERMANY
8916,@gmail.com,11,5.85,6,1,
8917,@uber.com,10,4.52,0,5,usa
8918,@gmail.com,6,18.99,1,6,GERMANY
8919,@gmail.com,4,,2,4,usa
8920,@yahoo.com,24,4.29,9,4,INDIA
8921,@microsoft.com,9,12.41,1,8,UK
8922,@uber.com,9,14.53,5,3,united states
8923,@gmail.com,11,22.5,12,4,INDIA
8924,@gmail.com,1,0.63,5,6,united states
8925,@netflix.com,18,2.88,6,5,uk
8926,@gmail.com,12,22.53,6,5,uk
8927,@accenture.com,16,11.39,3,9,GERMANY
8928,@accenture.com,11,24.6,3,3,
8929,@meta.com,6,8.93,1,3,USA
8930,@gmail.com,2,9.23,7,7,USA
8931,@accenture.com,14,7.11,6,3,usa
8932,@meta.com,3,17.63,7,6,united states
8933,@microsoft.com,4,13.38,1,4,INDIA
8934,@gmail.com,1,7.48,1,6,UK
8935,@gmail.com,11,3.12,9,9,INDIA
8936,@gmail.com,11,0.04,12,5,usa
8937,@yahoo.com,11,1.44,6,3,INDIA
8938,@microsoft.com,2,1.71,1,1,India
8939,@gmail.com,2,12.64,2,8,India
8940,@yahoo.com,6,21.36,1,7,GERMANY
8941,@gmail.com,13,9.16,12,6,UK
8942,@microsoft.com,23,8.02,6,7,UK
8943,@netflix.com,5,2.13,1,5,USA
8944,@gmail.com,2,34.69,4,7,GERMANY
8945,@gmail.com,6,19.93,2,3,uk
8946,@gmail.com,9,8.09,5,2,united states
8947,@microsoft.com,18,1.53,6,5,united states
8948,@uber.com,19,28.07,6,4,UK
8949,@netflix.com,6,2.79,3,1,INDIA
8950,@gmail.com,6,16.78,8,1,uk
8951,@unknown_typo,8,6.22,5,10,INDIA
8952,@gmail.com,2,29.44,5,6,India
8953,@microsoft.com,7,13.26,4,3,UK
8954,@gmail.com,3,3.87,2,6,INDIA
8955,@netflix.com,8,0.19,1,4,INDIA
8956,@yahoo.com,20,3.58,15,6,united states
8957,@uber.com,10,6.82,4,6,
8958,@accenture.com,10,18.48,5,15,usa
8959,@gmail.com,3,3.65,3,9,uk
8960,@gmail.com,6,4.55,7,6,
8961,@accenture.com,12,8.57,12,7,USA
8962,@gmail.com,8,0.66,3,6,uk
8963,@gmail.com,9,21.94,1,3,INDIA
8964,@yahoo.com,3,1.23,0,7,uk
8965,@microsoft.com,14,20.04,3,5,India
8966,@gmail.com,12,,9,5,USA
8967,@gmail.com,7,9.24,1,4,India
8968,@gmail.com,6,7.92,8,2,GERMANY
8969,@yahoo.com,14,4.38,12,2,usa
8970,@netflix.com,5,4.43,6,10,USA
8971,,8,44.65,4,8,GERMANY
8972,@microsoft.com,10,5.47,1,4,GERMANY
8973,@gmail.com,1,3.03,3,6,India
8974,@netflix.com,10,4.33,7,6,INDIA
8975,@yahoo.com,5,17.82,1,3,united states
8976,@gmail.com,2,5.54,1,7,usa
8977,@netflix.com,20,2.82,9,6,usa
8978,@meta.com,20,8.03,9,7,India
8979,@meta.com,13,1.88,15,8,
8980,@uber.com,10,7.63,5,5,India
8981,@gmail.com,6,29.73,4,4,UK
8982,@gmail.com,6,7.0,7,6,
8983,@uber.com,8,10.83,2,4,uk
8984,@gmail.com,9,23.35,4,6,UK
8985,@yahoo.com,8,10.88,7,5,GERMANY
8986,@meta.com,10,0.73,1,4,UK
8987,@meta.com,15,3.63,9,5,usa
8988,@yahoo.com,21,33.7,12,8,India
8989,@meta.com,10,24.31,3,5,UK
8990,@accenture.com,13,21.45,9,4,GERMANY
8991,@uber.com,11,,6,7,uk
8992,@gmail.com,6,6.54,2,6,
8993,@gmail.com,9,17.78,1,4,UK
8994,@gmail.com,6,16.33,2,6,USA
8995,@gmail.com,2,15.44,7,2,UK
8996,@gmail.com,4,10.51,4,8,uk
8997,@gmail.com,6,4.5,2,1,united states
8998,@yahoo.com,11,8.58,12,2,uk
8999,@netflix.com,8,10.77,3,2,usa
9000,@gmail.com,3,3.65,2,5,UK
9001,@uber.com,18,3.92,12,5,
9002,@uber.com,8,23.54,4,9,India
9003,@gmail.com,1,5.78,4,4,INDIA
9004,@netflix.com,6,54.56,5,11,GERMANY
9005,@microsoft.com,7,8.6,0,5,united states
9006,@gmail.com,15,14.08,3,5,INDIA
9007,@meta.com,22,10.52,15,4,India
9008,@gmail.com,5,10.19,4,2,uk
9009,@uber.com,21,33.11,18,4,uk
9010,@gmail.com,7,1.46,1,6,UK
9011,@accenture.com,15,6.36,6,4,
9012,@yahoo.com,7,5.05,2,5,INDIA
9013,@microsoft.com,13,5.92,9,7,India
9014,@gmail.com,2,36.56,3,9,
9015,@uber.com,9,1.09,5,10,INDIA
9016,@meta.com,10,5.0,1,2,USA
9017,@yahoo.com,10,20.07,1,8,GERMANY
9018,@microsoft.com,39,4.09,3,11,
9019,@yahoo.com,19,26.86,6,5,USA
9020,@netflix.com,18,6.01,3,4,united states
9021,@yahoo.com,17,1.8,15,4,INDIA
9022,@accenture.com,12,10.99,12,3,GERMANY
9023,@accenture.com,24,10.74,12,4,GERMANY
9024,@yahoo.com,20,0.6,15,3,USA
9025,@gmail.com,3,18.98,1,9,USA
9026,@yahoo.com,12,2.29,0,5,united states
9027,@accenture.com,11,3.6,12,3,usa
9028,@gmail.com,5,12.4,4,1,GERMANY
9029,@yahoo.com,18,33.22,9,3,UK
9030,@accenture.com,16,0.31,3,7,
9031,@gmail.com,1,25.95,0,7,usa
9032,@microsoft.com,13,21.05,12,7,uk
9033,@gmail.com,3,,3,2,usa
9034,@gmail.com,2,7.0,4,6,
9035,@meta.com,12,35.46,18,5,united states
9036,@gmail.com,4,2.37,4,4,USA
9037,@gmail.com,10,1.77,3,8,usa
9038,@accenture.com,17,19.93,12,3,INDIA
9039,@gmail.com,13,9.55,18,3,India
9040,@unknown_typo,7,5.01,0,2,united states
9041,@unknown_typo,16,2.83,3,2,INDIA
9042,@gmail.com,3,19.21,4,8,uk
9043,@gmail.com,7,8.68,5,4,India
9044,@uber.com,7,4.1,1,4,UK
9045,@yahoo.com,24,43.07,0,6,INDIA
9046,@gmail.com,7,12.35,3,3,GERMANY
9047,@uber.com,22,6.54,6,4,INDIA
9048,@gmail.com,13,19.08,3,5,India
9049,@accenture.com,10,10.29,4,6,uk
9050,@gmail.com,4,0.14,4,5,India
9051,@gmail.com,4,27.55,3,8,UK
9052,@gmail.com,5,1.03,3,5,uk
9053,@unknown_typo,5,68.14,1,3,INDIA
9054,@uber.com,12,6.46,3,5,united states
9055,@accenture.com,8,11.16,3,6,UK
9056,@gmail.com,9,115.35,3,7,united states
9057,@gmail.com,5,4.7,4,2,India
9058,@gmail.com,5,9.32,2,5,GERMANY
9059,@yahoo.com,5,21.09,5,4,India
9060,@microsoft.com,24,9.44,12,6,GERMANY
9061,@microsoft.com,10,6.09,4,4,INDIA
9062,@gmail.com,7,1.93,3,3,
9063,@netflix.com,11,10.79,3,8,INDIA
9064,@gmail.com,3,12.04,2,7,united states
9065,@unknown_typo,10,3.98,4,7,usa
9066,@gmail.com,6,6.09,2,1,uk
9067,@yahoo.com,0,5.32,5,2,usa
9068,@gmail.com,11,8.36,12,1,GERMANY
9069,@yahoo.com,16,24.01,9,6,
9070,@microsoft.com,28,,24,7,uk
9071,@yahoo.com,28,4.77,12,4,united states
9072,@yahoo.com,7,27.47,6,9,uk
9073,@meta.com,18,,9,10,usa
9074,@uber.com,4,23.65,3,10,India
9075,@accenture.com,33,20.37,3,8,USA
9076,@gmail.com,5,32.94,5,2,UK
9077,@microsoft.com,3,18.74,2,4,UK
9078,@microsoft.com,11,2.78,24,5,GERMANY
9079,@gmail.com,13,0.5,3,7,united states
9080,@yahoo.com,9,3.01,1,9,India
9081,@gmail.com,7,6.8,4,2,usa
9082,@gmail.com,4,0.82,3,2,usa
9083,@gmail.com,6,21.22,2,5,uk
9084,@gmail.com,9,15.38,2,3,GERMANY
9085,@uber.com,20,,12,8,
9086,@uber.com,10,1.51,4,4,usa
9087,@unknown_typo,4,5.98,1,7,India
9088,@uber.com,11,9.23,12,1,GERMANY
9089,@gmail.com,8,13.84,3,5,UK
9090,@netflix.com,10,24.35,4,9,UK
9091,@accenture.com,14,56.54,0,6,INDIA
9092,@yahoo.com,15,1.29,15,4,UK
9093,@microsoft.com,14,15.39,9,8,INDIA
9094,@unknown_typo,11,2.17,15,4,
9095,@yahoo.com,13,5.35,6,3,uk
9096,@netflix.com,13,22.18,12,8,India
9097,@gmail.com,1,76.99,2,4,INDIA
9098,@gmail.com,10,11.21,4,4,UK
9099,@yahoo.com,13,6.53,9,4,GERMANY
9100,@microsoft.com,9,3.61,5,11,GERMANY
9101,@accenture.com,12,22.89,6,7,GERMANY
9102,,5,35.11,4,11,
9103,@gmail.com,3,28.32,2,7,UK
9104,@gmail.com,4,10.69,1,9,USA
9105,@accenture.com,4,13.34,4,8,uk
9106,@microsoft.com,17,27.18,9,6,
9107,@gmail.com,9,39.65,4,6,GERMANY
9108,@yahoo.com,4,41.96,4,9,
9109,@meta.com,15,17.56,9,4,INDIA
9110,@meta.com,14,3.19,9,5,united states
9111,@yahoo.com,8,5.63,5,6,
9112,@gmail.com,2,4.64,5,8,India
9113,@unknown_typo,12,2.86,6,2,USA
9114,@uber.com,22,4.33,3,0,united states
9115,@yahoo.com,26,30.59,6,3,India
9116,@gmail.com,2,22.07,4,3,India
9117,@meta.com,11,0.67,3,4,usa
9118,@gmail.com,2,2.4,4,6,INDIA
9119,@gmail.com,6,62.82,2,6,
9120,@yahoo.com,6,3.84,3,3,India
9121,@gmail.com,5,15.09,2,2,GERMANY
9122,@microsoft.com,16,3.45,15,9,
9123,@gmail.com,9,3.99,1,6,usa
9124,@uber.com,10,10.35,2,6,INDIA
9125,@gmail.com,3,10.03,3,6,GERMANY
9126,@gmail.com,2,15.58,2,6,India
9127,@gmail.com,5,2.76,2,7,India
9128,@netflix.com,9,4.57,4,3,united states
9129,@accenture.com,3,14.68,4,0,UK
9130,@gmail.com,7,,2,4,
9131,@meta.com,4,36.01,7,6,
9132,@microsoft.com,13,2.95,6,1,USA
9133,@unknown_typo,12,8.65,0,7,INDIA
9134,@gmail.com,6,1.73,1,5,USA
9135,@uber.com,6,17.32,5,5,India
9136,@gmail.com,2,5.94,4,6,
9137,@gmail.com,5,1.15,5,6,usa
9138,@unknown_typo,12,13.47,3,3,
9139,@yahoo.com,9,59.19,2,3,UK
9140,@gmail.com,0,30.71,3,4,UK
9141,@gmail.com,4,18.2,3,3,GERMANY
9142,@uber.com,10,0.19,7,3,GERMANY
9143,@microsoft.com,5,,3,5,united states
9144,@gmail.com,1,34.06,3,5,UK
9145,@unknown_typo,15,0.58,9,6,GERMANY
9146,@gmail.com,10,1.96,1,3,usa
9147,@gmail.com,1,9.01,8,4,uk
9148,@netflix.com,4,7.71,4,7,UK
9149,@gmail.com,7,5.23,5,5,uk
9150,@gmail.com,4,3.31,2,5,India
9151,@yahoo.com,11,,9,6,united states
9152,@accenture.com,29,22.13,6,3,INDIA
9153,@gmail.com,4,41.48,2,6,GERMANY
9154,@netflix.com,14,5.37,9,7,usa
9155,@meta.com,10,18.22,3,5,UK
9156,@gmail.com,8,23.28,7,7,GERMANY
9157,@uber.com,27,9.75,9,3,
9158,@gmail.com,5,38.09,2,5,GERMANY
9159,@yahoo.com,13,0.35,6,1,USA
9160,@meta.com,4,34.61,4,9,
9161,@unknown_typo,10,,4,4,
9162,@gmail.com,4,2.21,6,7,GERMANY
9163,@yahoo.com,24,8.68,9,6,UK
9164,@yahoo.com,19,10.88,12,4,India
9165,@gmail.com,5,7.71,6,7,India
9166,@gmail.com,4,33.89,2,7,India
9167,@gmail.com,3,18.72,5,6,INDIA
9168,@uber.com,18,1.98,9,3,UK
9169,@yahoo.com,16,39.16,18,5,GERMANY
9170,@gmail.com,20,0.71,6,7,USA
9171,@accenture.com,19,13.58,18,4,usa
9172,@accenture.com,14,11.09,3,8,united states
9173,@yahoo.com,2,1.13,3,6,GERMANY
9174,@gmail.com,17,17.85,6,6,INDIA
9175,@microsoft.com,12,49.28,9,3,USA
9176,@gmail.com,3,9.2,1,5,INDIA
9177,@gmail.com,6,10.82,3,6,INDIA
9178,@meta.com,15,7.26,6,8,
9179,@gmail.com,6,31.22,2,5,united states
9180,@gmail.com,8,39.42,6,3,
9181,@gmail.com,6,7.59,1,7,usa
9182,@gmail.com,5,33.23,4,8,uk
9183,@gmail.com,6,3.43,3,6,
9184,,8,9.18,5,6,INDIA
9185,@gmail.com,5,4.35,5,3,USA
9186,@gmail.com,6,3.8,4,5,GERMANY
9187,@gmail.com,4,29.17,5,4,UK
9188,@netflix.com,24,18.79,6,5,UK
9189,@yahoo.com,14,1.04,15,3,INDIA
9190,@gmail.com,5,21.25,0,7,GERMANY
9191,@accenture.com,14,12.76,9,9,united states
9192,@gmail.com,7,23.19,1,5,INDIA
9193,@gmail.com,6,13.5,2,3,India
9194,@gmail.com,2,7.11,2,5,USA
9195,@gmail.com,6,10.25,6,7,uk
9196,@gmail.com,7,2.29,4,7,
9197,@uber.com,11,5.58,6,3,
9198,@gmail.com,7,0.34,6,4,
9199,@microsoft.com,9,7.82,8,5,GERMANY
9200,@gmail.com,3,1.44,5,4,USA
9201,@gmail.com,8,16.21,4,10,
9202,@yahoo.com,21,,12,3,uk
9203,@netflix.com,15,20.25,9,3,
9204,@gmail.com,11,3.49,6,4,
9205,@uber.com,11,10.61,0,6,
9206,@gmail.com,6,18.67,2,5,India
9207,@gmail.com,3,24.58,2,5,
9208,@gmail.com,8,4.99,3,5,GERMANY
9209,@gmail.com,7,9.72,2,2,INDIA
9210,@gmail.com,3,1.65,4,4,INDIA
9211,@gmail.com,7,19.44,2,7,united states
9212,@meta.com,8,,5,6,USA
9213,@gmail.com,6,0.64,8,2,UK
9214,@microsoft.com,10,11.31,4,4,GERMANY
9215,@gmail.com,8,23.51,4,9,united states
9216,@yahoo.com,24,,24,4,uk
9217,@microsoft.com,18,7.75,12,3,
9218,@gmail.com,6,9.86,1,9,
9219,@gmail.com,4,115.59,1,4,INDIA
9220,@meta.com,27,3.7,9,4,USA
9221,@accenture.com,14,25.65,12,3,usa
9222,@gmail.com,2,2.37,3,4,united states
9223,@gmail.com,9,49.86,6,2,uk
9224,@netflix.com,25,5.49,6,6,India
9225,@gmail.com,4,2.36,5,8,GERMANY
9226,@microsoft.com,6,7.21,3,1,usa
9227,@gmail.com,2,0.23,2,4,GERMANY
9228,@gmail.com,7,1.73,1,2,usa
9229,@microsoft.com,27,,12,8,uk
9230,@yahoo.com,12,42.36,9,2,
9231,@gmail.com,7,8.83,2,4,united states
9232,@yahoo.com,3,16.19,2,3,uk
9233,@meta.com,10,18.42,2,8,India
9234,@microsoft.com,13,0.56,9,8,UK
9235,@gmail.com,2,5.83,3,9,India
9236,@yahoo.com,4,87.37,1,10,usa
9237,@uber.com,10,0.11,3,2,USA
9238,@meta.com,19,9.53,9,6,INDIA
9239,@microsoft.com,6,27.25,2,11,usa
9240,@gmail.com,7,5.1,3,3,uk
9241,@uber.com,10,85.39,2,7,USA
9242,@uber.com,10,9.99,4,7,UK
9243,@gmail.com,12,36.8,12,7,INDIA
9244,@yahoo.com,14,,9,3,USA
9245,@gmail.com,7,7.6,1,8,INDIA
9246,@uber.com,8,18.57,3,4,INDIA
9247,@gmail.com,4,47.65,6,7,uk
9248,@microsoft.com,13,7.08,9,2,uk
9249,@netflix.com,12,30.03,0,4,
9250,@meta.com,14,16.16,6,3,UK
9251,@netflix.com,9,7.14,4,4,USA
9252,@unknown_typo,1,,1,7,uk
9253,@gmail.com,3,5.6,4,10,united states
9254,@microsoft.com,7,26.69,3,3,INDIA
9255,@yahoo.com,12,1.5,6,4,uk
9256,@accenture.com,11,,9,5,united states
9257,@gmail.com,6,,2,5,INDIA
9258,,17,16.25,6,6,INDIA
9259,@microsoft.com,7,41.95,3,2,uk
9260,@meta.com,10,20.9,1,3,usa
9261,@gmail.com,2,,4,6,uk
9262,@gmail.com,1,26.61,4,1,UK
9263,@meta.com,5,18.14,3,9,India
9264,@gmail.com,2,33.89,2,5,
9265,@accenture.com,17,19.33,9,4,
9266,@gmail.com,4,20.98,2,2,GERMANY
9267,@uber.com,10,1.32,3,5,GERMANY
9268,@gmail.com,4,0.06,1,2,usa
9269,@microsoft.com,11,46.72,15,7,INDIA
9270,@uber.com,10,,3,8,India
9271,@gmail.com,5,2.71,1,3,India
9272,@gmail.com,6,2.59,4,5,GERMANY
9273,@gmail.com,8,20.08,5,6,UK
9274,@microsoft.com,6,0.71,2,4,INDIA
9275,@yahoo.com,8,16.23,2,2,UK
9276,@meta.com,11,12.71,18,5,INDIA
9277,@yahoo.com,20,2.39,12,7,UK
9278,@yahoo.com,1,2.18,2,4,India
9279,@gmail.com,14,2.13,15,4,GERMANY
9280,@gmail.com,3,4.51,3,7,
9281,@gmail.com,6,15.4,5,5,UK
9282,@unknown_typo,3,3.48,2,1,usa
9283,@accenture.com,10,16.19,1,5,GERMANY
9284,@gmail.com,8,53.48,5,3,usa
9285,@microsoft.com,17,29.72,12,5,UK
9286,@accenture.com,1,24.0,2,9,UK
9287,@yahoo.com,12,44.68,6,5,USA
9288,@gmail.com,8,14.22,2,6,GERMANY
9289,@gmail.com,9,21.97,3,4,USA
9290,@yahoo.com,9,22.3,2,9,uk
9291,@unknown_typo,11,55.06,9,3,USA
9292,@uber.com,6,15.63,4,4,united states
9293,@gmail.com,2,4.78,2,2,India
9294,@gmail.com,8,3.27,4,5,USA
9295,@meta.com,7,5.49,2,6,USA
9296,@accenture.com,12,21.52,12,4,GERMANY
9297,@microsoft.com,14,16.03,15,5,
9298,@microsoft.com,4,3.71,2,8,uk
9299,@gmail.com,6,29.47,4,5,uk
9300,@accenture.com,13,59.72,18,4,
9301,@meta.com,15,,6,7,USA
9302,@gmail.com,7,0.96,4,4,GERMANY
9303,@uber.com,17,14.81,12,8,USA
9304,@gmail.com,7,41.63,1,5,usa
9305,@gmail.com,7,5.63,2,7,
9306,@gmail.com,5,13.21,3,3,INDIA
9307,@gmail.com,12,3.86,3,5,usa
9308,@gmail.com,4,31.89,6,5,UK
9309,@yahoo.com,8,30.6,2,5,USA
9310,@yahoo.com,8,6.8,3,9,India
9311,@yahoo.com,30,6.45,9,4,uk
9312,@gmail.com,2,0.0,3,7,
9313,@gmail.com,8,5.73,0,7,uk
9314,@microsoft.com,10,22.81,2,3,uk
9315,@gmail.com,7,0.44,5,8,UK
9316,@gmail.com,3,3.4,6,6,India
9317,@accenture.com,9,19.65,2,3,
9318,@meta.com,6,15.66,2,6,
9319,@accenture.com,6,64.75,3,2,USA
9320,@yahoo.com,22,7.43,18,6,usa
9321,@gmail.com,3,2.15,3,5,INDIA
9322,@uber.com,24,16.39,6,3,INDIA
9323,@gmail.com,3,1.23,2,0,united states
9324,@yahoo.com,6,1.86,0,3,GERMANY
9325,@gmail.com,3,12.59,1,6,
9326,@accenture.com,19,9.58,9,6,USA
9327,@gmail.com,8,4.59,1,3,UK
9328,@netflix.com,10,9.75,3,9,uk
9329,@accenture.com,21,30.41,6,5,GERMANY
9330,@yahoo.com,16,19.36,12,8,UK
9331,@meta.com,16,9.1,9,2,usa
9332,@microsoft.com,15,5.6,0,5,
9333,@accenture.com,10,13.09,6,4,UK
9334,@yahoo.com,1,0.04,3,8,INDIA
9335,@meta.com,16,19.81,24,5,uk
9336,@yahoo.com,15,,18,3,usa
9337,@netflix.com,9,1.95,3,7,UK
9338,@yahoo.com,4,7.73,3,7,GERMANY
9339,@yahoo.com,2,2.35,3,7,GERMANY
9340,@meta.com,24,44.58,9,6,GERMANY
9341,@accenture.com,8,26.23,0,4,united states
9342,@microsoft.com,27,0.3,0,6,
9343,@gmail.com,10,52.79,6,5,usa
9344,@yahoo.com,12,2.29,9,8,usa
9345,@unknown_typo,17,1.32,9,4,usa
9346,@meta.com,10,0.5,0,5,INDIA
9347,@accenture.com,29,23.46,21,4,USA
9348,@gmail.com,16,38.91,9,3,uk
9349,@yahoo.com,4,1.51,4,3,India
9350,@microsoft.com,2,61.4,5,9,uk
9351,@accenture.com,13,5.69,3,9,India
9352,@gmail.com,3,17.04,2,2,GERMANY
9353,@accenture.com,9,64.32,4,7,united states
9354,@yahoo.com,17,0.13,6,5,GERMANY
9355,@gmail.com,3,11.87,3,8,USA
9356,@gmail.com,1,16.01,3,4,UK
9357,@gmail.com,3,6.96,6,5,
9358,@yahoo.com,7,1.75,0,0,united states
9359,@gmail.com,2,14.56,4,3,united states
9360,@gmail.com,4,0.72,4,4,India
9361,@accenture.com,9,38.54,4,9,India
9362,@gmail.com,3,9.3,3,3,India
9363,@gmail.com,5,36.17,4,2,India
9364,@yahoo.com,18,27.17,6,8,GERMANY
9365,@yahoo.com,10,0.05,1,7,USA
9366,@meta.com,7,9.22,0,5,GERMANY
9367,@yahoo.com,13,32.81,9,8,UK
9368,@meta.com,24,6.98,6,5,India
9369,@microsoft.com,14,5.86,9,6,united states
9370,@gmail.com,6,17.36,3,8,GERMANY
9371,@gmail.com,4,18.31,3,3,INDIA
9372,@yahoo.com,8,15.46,3,7,USA
9373,@gmail.com,7,6.77,1,4,united states
9374,@meta.com,17,0.99,3,6,usa
9375,@microsoft.com,12,38.46,6,5,united states
9376,@gmail.com,11,5.72,3,9,India
9377,@gmail.com,7,23.82,1,4,uk
9378,@gmail.com,7,,3,3,GERMANY
9379,@microsoft.com,12,10.24,15,1,USA
9380,@yahoo.com,11,7.02,6,2,usa
9381,@yahoo.com,14,1.27,3,7,INDIA
9382,@gmail.com,5,5.99,2,3,united states
9383,@uber.com,4,46.74,3,8,India
9384,@accenture.com,3,1.75,4,4,USA
9385,@gmail.com,4,12.17,2,4,GERMANY
9386,@yahoo.com,34,51.82,3,10,India
9387,@unknown_typo,10,0.31,8,4,USA
9388,@gmail.com,2,1.08,1,10,INDIA
9389,@microsoft.com,12,35.97,12,5,united states
9390,@gmail.com,7,19.95,4,2,uk
9391,@microsoft.com,6,11.82,2,3,united states
9392,@gmail.com,5,11.54,4,4,UK
9393,@unknown_typo,11,55.26,9,11,UK
9394,@uber.com,16,0.32,9,5,India
9395,@meta.com,11,4.73,18,8,USA
9396,@uber.com,9,5.72,3,4,INDIA
9397,@microsoft.com,14,1.91,3,2,uk
9398,@yahoo.com,9,6.63,0,4,uk
9399,@accenture.com,19,6.94,3,6,INDIA
9400,@unknown_typo,12,47.84,3,6,uk
9401,@yahoo.com,6,8.75,3,7,UK
9402,@netflix.com,18,40.95,21,3,INDIA
9403,@microsoft.com,4,24.91,2,3,India
9404,@yahoo.com,9,20.02,2,5,GERMANY
9405,@yahoo.com,11,6.02,9,2,USA
9406,@gmail.com,2,8.35,3,5,
9407,@gmail.com,5,,3,6,united states
9408,@gmail.com,4,7.11,1,5,INDIA
9409,@yahoo.com,14,30.65,3,0,India
9410,@gmail.com,3,22.81,4,3,uk
9411,@yahoo.com,15,24.78,9,6,USA
9412,,10,3.76,4,5,USA
9413,@gmail.com,3,3.54,3,7,India
9414,@yahoo.com,12,16.33,9,5,united states
9415,@gmail.com,4,,5,1,united states
9416,@gmail.com,3,3.26,1,9,GERMANY
9417,@meta.com,2,19.08,3,4,united states
9418,@microsoft.com,12,7.08,6,3,GERMANY
9419,@meta.com,10,32.68,1,2,India
9420,@gmail.com,10,6.8,0,4,USA
9421,@microsoft.com,12,3.92,6,4,USA
9422,@gmail.com,9,3.27,4,3,
9423,@gmail.com,5,34.27,10,3,INDIA
9424,@gmail.com,2,29.49,7,2,USA
9425,@gmail.com,1,8.32,2,3,India
9426,@gmail.com,3,4.13,1,0,uk
9427,@gmail.com,7,5.02,4,5,UK
9428,,6,7.29,4,4,India
9429,@gmail.com,5,0.68,1,5,India
9430,@gmail.com,8,,3,2,UK
9431,@gmail.com,1,39.35,3,4,USA
9432,@microsoft.com,7,21.79,2,5,united states
9433,@gmail.com,7,,3,8,united states
9434,@accenture.com,4,9.77,4,5,
9435,@unknown_typo,12,6.81,6,1,UK
9436,@gmail.com,12,1.45,15,0,GERMANY
9437,@yahoo.com,11,12.25,9,6,usa
9438,@gmail.com,7,20.4,6,4,united states
9439,@microsoft.com,6,3.27,3,3,UK
9440,@yahoo.com,14,7.39,6,1,INDIA
9441,@gmail.com,7,39.32,1,4,UK
9442,@gmail.com,5,,1,2,united states
9443,@uber.com,15,24.01,6,6,INDIA
9444,@yahoo.com,8,0.6,3,2,united states
9445,@gmail.com,6,2.72,1,5,India
9446,@uber.com,13,5.48,15,5,united states
9447,@microsoft.com,12,5.43,6,3,united states
9448,@accenture.com,14,2.07,3,5,usa
9449,@gmail.com,3,5.13,0,6,uk
9450,@meta.com,3,8.38,5,4,GERMANY
9451,@uber.com,5,0.76,4,4,usa
9452,@gmail.com,5,7.74,2,9,GERMANY
9453,@uber.com,22,10.29,12,3,uk
9454,@yahoo.com,12,0.63,9,2,GERMANY
9455,@netflix.com,18,16.82,6,2,united states
9456,@gmail.com,1,,5,7,usa
9457,@microsoft.com,14,15.66,3,8,USA
9458,@gmail.com,3,76.95,2,5,GERMANY
9459,@unknown_typo,13,0.94,18,4,uk
9460,@gmail.com,5,4.77,3,4,uk
9461,@unknown_typo,21,2.08,15,4,
9462,@netflix.com,7,6.91,2,3,usa
9463,@gmail.com,7,27.05,4,4,united states
9464,@accenture.com,4,39.77,3,4,UK
9465,,13,27.46,18,5,united states
9466,@gmail.com,1,17.62,6,8,united states
9467,@yahoo.com,10,18.95,3,2,USA
9468,@yahoo.com,23,1.93,6,11,
9469,@gmail.com,7,4.29,2,5,INDIA
9470,@gmail.com,5,6.79,2,7,usa
9471,@gmail.com,9,0.77,6,4,UK
9472,@gmail.com,3,25.86,2,3,INDIA
9473,@yahoo.com,15,4.43,18,6,GERMANY
9474,@gmail.com,5,0.81,3,4,UK
9475,@accenture.com,19,1.14,6,3,INDIA
9476,@uber.com,2,52.35,3,9,India
9477,@gmail.com,5,36.45,4,5,usa
9478,@uber.com,16,47.82,15,4,UK
9479,@uber.com,11,47.1,12,7,uk
9480,@unknown_typo,6,24.1,1,5,uk
9481,@gmail.com,5,4.84,3,4,usa
9482,@gmail.com,5,5.89,2,3,united states
9483,@netflix.com,21,7.71,0,8,India
9484,@netflix.com,16,23.06,12,3,INDIA
9485,@uber.com,9,39.21,1,2,usa
9486,@meta.com,10,8.71,4,8,INDIA
9487,@gmail.com,7,5.38,2,4,GERMANY
9488,@yahoo.com,9,4.17,3,4,UK
9489,@gmail.com,5,4.45,4,4,USA
9490,@gmail.com,5,0.1,4,7,uk
9491,@accenture.com,10,4.0,2,3,UK
9492,@gmail.com,5,,4,7,India
9493,@yahoo.com,10,22.41,3,6,UK
9494,@netflix.com,5,11.93,0,4,UK
9495,@gmail.com,4,6.03,5,3,India
9496,@unknown_typo,9,13.64,5,2,INDIA
9497,,22,23.29,6,7,INDIA
9498,@microsoft.com,18,14.13,24,8,INDIA
9499,@gmail.com,4,1.09,3,8,usa
9500,@gmail.com,7,4.14,3,5,united states
9501,@yahoo.com,8,5.05,2,5,uk
9502,@gmail.com,5,6.76,4,7,USA
9503,@gmail.com,13,0.37,12,5,INDIA
9504,@unknown_typo,9,20.46,5,11,UK
9505,@gmail.com,3,9.53,7,8,
9506,@meta.com,17,34.03,9,3,united states
9507,@gmail.com,3,10.94,3,5,usa
9508,@microsoft.com,20,66.55,18,3,GERMANY
9509,@netflix.com,14,18.09,12,6,
9510,@gmail.com,3,32.69,3,6,united states
9511,@gmail.com,5,54.34,1,4,GERMANY
9512,@uber.com,16,9.57,15,6,GERMANY
9513,@uber.com,7,15.04,6,9,USA
9514,@uber.com,6,36.81,1,3,GERMANY
9515,@gmail.com,6,12.85,3,5,
9516,@gmail.com,7,0.81,1,5,
9517,@unknown_typo,7,17.91,4,4,India
9518,@netflix.com,11,41.17,3,4,USA
9519,@yahoo.com,6,22.79,7,3,USA
9520,@accenture.com,7,23.5,4,5,united states
9521,@yahoo.com,12,1.24,9,8,UK
9522,@yahoo.com,23,,3,4,
9523,@gmail.com,7,0.49,1,5,GERMANY
9524,@yahoo.com,12,40.03,12,8,
9525,@yahoo.com,9,36.85,3,5,INDIA
9526,@gmail.com,7,58.89,1,7,
9527,@yahoo.com,26,5.42,15,4,
9528,@meta.com,6,11.66,2,3,INDIA
9529,@uber.com,16,12.97,6,4,
9530,@microsoft.com,26,12.2,6,6,INDIA
9531,@netflix.com,10,7.97,1,6,USA
9532,@gmail.com,4,65.03,1,8,USA
9533,@microsoft.com,8,32.66,3,8,
9534,@meta.com,5,14.14,4,8,uk
9535,@yahoo.com,7,15.65,1,2,UK
9536,@gmail.com,2,18.79,0,7,USA
9537,@gmail.com,2,13.88,3,6,GERMANY
9538,@netflix.com,9,18.44,3,2,India
9539,@yahoo.com,14,25.43,3,3,uk
9540,@accenture.com,14,57.17,3,4,united states
9541,@microsoft.com,22,28.36,9,9,UK
9542,@uber.com,7,2.08,3,3,GERMANY
9543,@accenture.com,10,11.86,5,5,GERMANY
9544,@uber.com,9,14.99,6,5,UK
9545,@gmail.com,3,4.63,3,2,India
9546,@yahoo.com,7,9.68,3,3,UK
9547,@accenture.com,7,40.48,4,5,united states
9548,@gmail.com,2,4.5,3,3,usa
9549,@gmail.com,3,5.73,3,4,uk
9550,@gmail.com,4,35.84,1,7,INDIA
9551,@netflix.com,14,1.49,6,6,USA
9552,@gmail.com,11,,6,4,GERMANY
9553,@microsoft.com,22,5.43,3,8,UK
9554,@yahoo.com,13,10.35,6,7,India
9555,@yahoo.com,2,15.44,2,4,GERMANY
9556,@uber.com,12,15.6,9,12,INDIA
9557,@gmail.com,7,58.67,2,1,united states
9558,@microsoft.com,12,0.53,3,4,USA
9559,@meta.com,2,18.25,2,7,uk
9560,@accenture.com,8,28.02,4,10,India
9561,@gmail.com,5,13.31,1,5,INDIA
9562,@netflix.com,21,55.77,12,3,uk
9563,@uber.com,11,8.11,18,8,UK
9564,@netflix.com,28,20.79,9,4,India
9565,@yahoo.com,12,17.39,6,3,UK
9566,@yahoo.com,12,0.48,3,6,usa
9567,@netflix.com,11,12.07,9,3,usa
9568,@netflix.com,20,4.54,3,9,uk
9569,@yahoo.com,24,11.29,18,5,GERMANY
9570,@gmail.com,1,32.32,6,8,USA
9571,@gmail.com,4,14.92,1,5,UK
9572,@gmail.com,3,13.52,1,11,UK
9573,@gmail.com,3,16.74,4,7,India
9574,@gmail.com,8,11.27,1,4,
9575,@accenture.com,2,8.91,4,5,India
9576,@gmail.com,6,7.04,3,5,uk
9577,@uber.com,12,18.06,6,4,India
9578,@gmail.com,6,22.42,1,6,united states
9579,@gmail.com,2,8.25,1,7,USA
9580,@gmail.com,12,0.67,3,9,united states
9581,@gmail.com,4,11.75,3,6,UK
9582,@meta.com,4,12.79,2,11,USA
9583,@netflix.com,20,9.78,6,2,united states
9584,@gmail.com,1,6.69,1,4,GERMANY
9585,@yahoo.com,8,33.94,3,6,
9586,@yahoo.com,6,9.84,4,2,uk
9587,@accenture.com,10,24.06,7,4,
9588,@meta.com,14,15.23,18,4,united states
9589,@yahoo.com,17,23.2,12,5,USA
9590,@uber.com,12,31.52,9,5,India
9591,@accenture.com,6,4.18,3,3,INDIA
9592,@gmail.com,7,26.46,7,6,uk
9593,@yahoo.com,7,19.15,3,5,USA
9594,@netflix.com,9,12.35,4,5,INDIA
9595,@meta.com,7,11.81,5,4,India
9596,@yahoo.com,14,5.6,6,7,GERMANY
9597,@yahoo.com,1,11.67,3,6,usa
9598,@gmail.com,9,7.28,5,3,UK
9599,@yahoo.com,15,32.95,15,3,INDIA
9600,@uber.com,7,,1,5,
9601,@yahoo.com,10,5.33,2,5,usa
9602,@uber.com,10,2.34,5,2,USA
9603,@accenture.com,11,17.76,6,4,united states
9604,@gmail.com,3,16.39,2,8,India
9605,@yahoo.com,1,6.7,4,5,India
9606,@yahoo.com,14,2.65,3,7,GERMANY
9607,@uber.com,11,18.89,9,4,
9608,@gmail.com,2,4.73,1,7,UK
9609,@microsoft.com,8,29.71,1,4,usa
9610,@accenture.com,15,19.43,15,3,united states
9611,@yahoo.com,5,33.44,3,2,united states
9612,@netflix.com,14,62.59,9,9,usa
9613,,6,6.26,3,2,USA
9614,@gmail.com,5,10.52,5,4,INDIA
9615,@gmail.com,4,7.76,2,1,India
9616,@unknown_typo,11,,0,7,India
9617,@unknown_typo,8,7.79,1,4,
9618,@gmail.com,6,8.8,3,6,united states
9619,@gmail.com,5,2.86,3,8,GERMANY
9620,@gmail.com,8,32.22,2,6,uk
9621,,9,5.19,4,5,INDIA
9622,@gmail.com,13,21.32,18,3,India
9623,@yahoo.com,17,1.19,15,6,UK
9624,@accenture.com,6,0.46,1,5,INDIA
9625,@gmail.com,8,81.01,6,1,uk
9626,@microsoft.com,3,1.97,2,3,usa
9627,@gmail.com,13,21.78,9,5,
9628,@accenture.com,10,13.91,6,5,GERMANY
9629,@gmail.com,1,9.05,3,4,INDIA
9630,@uber.com,10,0.56,3,4,GERMANY
9631,@uber.com,18,5.98,3,4,united states
9632,@gmail.com,8,34.55,7,5,united states
9633,@gmail.com,5,,3,6,GERMANY
9634,@yahoo.com,3,13.73,2,6,GERMANY
9635,@gmail.com,0,,2,6,USA
9636,@accenture.com,8,8.32,2,7,GERMANY
9637,@accenture.com,9,22.41,0,5,USA
9638,@yahoo.com,24,32.18,0,2,
9639,@microsoft.com,12,19.5,6,3,united states
9640,@microsoft.com,6,11.18,5,4,
9641,@accenture.com,9,15.1,0,7,UK
9642,@yahoo.com,14,3.72,18,5,united states
9643,@gmail.com,5,71.04,1,0,
9644,@gmail.com,4,41.2,1,3,INDIA
9645,@yahoo.com,16,47.07,15,9,uk
9646,@yahoo.com,6,2.74,0,4,USA
9647,@yahoo.com,10,15.87,3,4,INDIA
9648,@gmail.com,4,16.02,4,6,INDIA
9649,@uber.com,9,6.58,4,3,USA
9650,@gmail.com,9,30.06,0,13,united states
9651,@gmail.com,7,22.87,2,4,GERMANY
9652,@yahoo.com,5,,4,4,united states
9653,@gmail.com,8,0.44,3,7,united states
9654,@microsoft.com,16,69.95,6,9,GERMANY
9655,@gmail.com,7,19.01,5,5,India
9656,@yahoo.com,27,,6,3,usa
9657,@yahoo.com,10,1.36,2,3,UK
9658,@gmail.com,9,17.78,2,4,INDIA
9659,@gmail.com,10,,3,7,uk
9660,@netflix.com,12,1.0,12,10,uk
9661,@yahoo.com,6,1.0,3,8,usa
9662,@yahoo.com,8,21.55,3,2,USA
9663,@gmail.com,5,23.97,0,5,GERMANY
9664,@yahoo.com,7,36.15,1,6,INDIA
9665,@microsoft.com,10,22.18,5,3,INDIA
9666,@microsoft.com,9,4.12,6,12,united states
9667,@uber.com,7,51.96,3,6,GERMANY
9668,@gmail.com,5,4.66,1,6,India
9669,@gmail.com,8,19.49,3,5,USA
9670,@accenture.com,10,11.31,4,6,uk
9671,@netflix.com,13,1.96,12,4,usa
9672,@gmail.com,6,39.29,3,7,uk
9673,@yahoo.com,17,13.3,15,6,united states
9674,@gmail.com,2,1.44,2,5,UK
9675,@gmail.com,4,7.25,0,9,INDIA
9676,@gmail.com,9,21.72,3,7,uk
9677,@gmail.com,2,,3,2,India
9678,@uber.com,18,3.79,12,8,united states
9679,@yahoo.com,7,12.64,3,6,GERMANY
9680,@gmail.com,9,5.54,1,5,India
9681,@gmail.com,6,11.24,6,5,
9682,@accenture.com,22,5.74,0,6,INDIA
9683,@gmail.com,7,10.29,4,3,uk
9684,@microsoft.com,24,27.69,6,4,united states
9685,@gmail.com,2,3.57,1,5,USA
9686,@microsoft.com,14,0.03,9,5,GERMANY
9687,@gmail.com,3,2.53,3,4,usa
9688,@gmail.com,11,27.66,9,7,usa
9689,@gmail.com,5,8.04,4,5,GERMANY
9690,@gmail.com,8,20.19,2,2,
9691,@yahoo.com,2,0.47,3,5,INDIA
9692,@uber.com,16,2.37,6,6,GERMANY
9693,@gmail.com,8,12.62,2,2,
9694,@gmail.com,8,19.11,3,6,usa
9695,@yahoo.com,16,23.26,9,8,usa
9696,@microsoft.com,10,15.45,3,7,UK
9697,@unknown_typo,9,21.2,3,2,united states
9698,@microsoft.com,4,2.72,3,12,united states
9699,@yahoo.com,6,16.1,2,3,GERMANY
9700,@microsoft.com,21,8.31,3,4,
9701,@netflix.com,8,36.95,7,3,India
9702,@accenture.com,14,14.33,9,4,India
9703,@gmail.com,5,11.7,2,6,India
9704,@gmail.com,3,12.95,4,8,GERMANY
9705,@gmail.com,1,26.7,4,3,usa
9706,@yahoo.com,15,0.17,3,6,INDIA
9707,@meta.com,8,,0,8,INDIA
9708,@yahoo.com,7,0.44,5,6,usa
9709,@gmail.com,7,,4,3,UK
9710,@uber.com,17,10.48,12,4,USA
9711,@accenture.com,20,6.94,27,6,united states
9712,@gmail.com,1,2.07,4,6,India
9713,@uber.com,9,1.99,3,9,
9714,@yahoo.com,11,20.33,9,5,united states
9715,@netflix.com,21,1.81,6,4,India
9716,@accenture.com,17,17.44,9,3,UK
9717,@yahoo.com,16,69.54,15,6,uk
9718,@uber.com,3,17.18,4,5,INDIA
9719,@netflix.com,13,1.17,9,7,uk
9720,@yahoo.com,15,11.72,9,3,uk
9721,@gmail.com,1,26.98,3,8,
9722,@meta.com,11,,15,10,uk
9723,@gmail.com,7,19.51,2,4,
9724,@gmail.com,0,5.56,2,6,GERMANY
9725,@accenture.com,5,4.34,2,6,UK
9726,@uber.com,10,22.97,5,3,INDIA
9727,@yahoo.com,6,21.43,5,8,India
9728,@gmail.com,6,9.99,3,5,UK
9729,@gmail.com,8,1.36,2,8,usa
9730,@gmail.com,4,16.72,2,8,India
9731,@gmail.com,1,13.39,4,3,UK
9732,@meta.com,12,0.18,9,6,India
9733,@gmail.com,1,15.43,2,10,usa
9734,@yahoo.com,6,,0,3,UK
9735,@gmail.com,2,26.22,5,4,uk
9736,,11,16.79,6,3,
9737,@gmail.com,6,0.8,3,4,India
9738,@gmail.com,7,11.38,1,3,India
9739,@gmail.com,8,24.55,2,1,united states
9740,@microsoft.com,8,26.58,3,4,India
9741,@microsoft.com,11,1.34,3,6,USA
9742,@yahoo.com,8,1.23,3,8,usa
9743,@yahoo.com,13,22.37,9,7,united states
9744,@gmail.com,3,3.97,4,4,usa
9745,@yahoo.com,15,13.52,6,5,
9746,@yahoo.com,16,14.08,6,5,GERMANY
9747,@gmail.com,5,14.91,3,5,
9748,@gmail.com,7,6.18,4,3,India
9749,@gmail.com,6,0.61,3,7,united states
9750,@gmail.com,6,11.57,5,4,
9751,@microsoft.com,8,10.85,2,7,India
9752,@gmail.com,4,8.51,5,3,uk
9753,@gmail.com,5,4.92,1,4,India
9754,@gmail.com,3,27.78,2,4,uk
9755,@unknown_typo,10,6.93,3,5,USA
9756,@accenture.com,5,2.03,4,1,India
9757,@gmail.com,5,21.29,1,8,usa
9758,@gmail.com,6,15.17,3,2,usa
9759,@gmail.com,5,5.55,4,5,India
9760,@yahoo.com,5,2.46,3,7,UK
9761,@gmail.com,5,8.69,2,7,united states
9762,@uber.com,15,1.02,3,9,INDIA
9763,@yahoo.com,5,3.78,4,4,GERMANY
9764,@netflix.com,16,49.85,3,6,India
9765,@gmail.com,6,2.45,3,5,UK
9766,@accenture.com,5,4.82,1,6,INDIA
9767,@meta.com,19,2.24,0,5,INDIA
9768,@gmail.com,6,36.46,3,2,USA
9769,@gmail.com,6,38.82,6,4,
9770,@gmail.com,11,0.92,9,4,UK
9771,@gmail.com,4,,4,4,UK
9772,@gmail.com,6,2.3,3,1,INDIA
9773,@microsoft.com,7,7.59,6,6,India
9774,@yahoo.com,17,13.24,6,3,GERMANY
9775,@netflix.com,2,9.31,6,7,usa
9776,@gmail.com,4,2.19,3,4,
9777,@unknown_typo,8,23.52,5,5,
9778,@gmail.com,2,17.44,2,3,uk
9779,@meta.com,9,42.5,1,7,united states
9780,@gmail.com,4,6.53,3,5,UK
9781,@gmail.com,5,8.44,4,7,usa
9782,@accenture.com,20,6.46,9,2,uk
9783,@gmail.com,0,0.98,4,9,uk
9784,@uber.com,15,0.85,3,2,GERMANY
9785,@microsoft.com,23,21.49,3,2,
9786,@yahoo.com,9,5.03,5,5,India
9787,@yahoo.com,29,10.02,6,4,INDIA
9788,@meta.com,20,57.93,6,6,usa
9789,@gmail.com,6,0.27,5,2,UK
9790,@uber.com,12,10.94,18,9,India
9791,@netflix.com,11,10.95,12,8,GERMANY
9792,@gmail.com,8,98.04,2,3,
9793,@gmail.com,2,26.97,3,7,uk
9794,@uber.com,24,1.04,0,4,India
9795,@yahoo.com,16,2.56,24,8,INDIA
9796,@yahoo.com,6,0.52,2,9,UK
9797,@gmail.com,4,3.29,5,4,UK
9798,@yahoo.com,4,3.58,4,6,uk
9799,@gmail.com,7,1.41,2,5,united states
9800,@yahoo.com,11,11.24,3,1,usa
9801,@meta.com,16,55.34,3,4,UK
9802,@gmail.com,9,24.43,2,2,UK
9803,@yahoo.com,11,3.41,9,5,GERMANY
9804,,5,22.92,7,4,usa
9805,@uber.com,15,60.47,6,2,uk
9806,@accenture.com,1,27.05,3,4,united states
9807,@yahoo.com,14,9.49,3,5,uk
9808,@meta.com,7,4.71,4,6,
9809,@gmail.com,4,20.67,1,8,uk
9810,@gmail.com,4,23.16,3,6,INDIA
9811,@gmail.com,4,5.28,1,9,GERMANY
9812,@yahoo.com,4,3.81,3,6,UK
9813,@accenture.com,7,16.73,3,2,India
9814,@gmail.com,10,32.9,1,3,united states
9815,@uber.com,11,,9,3,united states
9816,@uber.com,12,65.25,18,3,India
9817,@microsoft.com,6,3.2,0,3,USA
9818,@gmail.com,7,6.45,4,1,uk
9819,@microsoft.com,16,0.82,15,4,uk
9820,@gmail.com,3,0.86,0,7,GERMANY
9821,@gmail.com,8,4.78,4,6,GERMANY
9822,,13,12.49,15,5,united states
9823,@gmail.com,20,34.7,15,4,
9824,@gmail.com,8,1.09,3,2,India
9825,@accenture.com,24,11.84,3,4,USA
9826,@gmail.com,10,8.07,3,4,UK
9827,@uber.com,9,68.01,4,6,India
9828,@gmail.com,8,3.11,3,3,uk
9829,@gmail.com,6,6.92,3,7,
9830,@gmail.com,1,0.51,4,5,India
9831,@gmail.com,7,36.84,1,6,
9832,@yahoo.com,31,14.61,12,3,uk
9833,@uber.com,7,13.3,3,6,USA
9834,@yahoo.com,8,0.75,4,9,GERMANY
9835,@netflix.com,16,,9,11,India
9836,@gmail.com,2,23.43,4,4,UK
9837,@yahoo.com,5,11.96,3,6,USA
9838,@microsoft.com,7,3.33,7,6,INDIA
9839,@netflix.com,19,11.97,6,3,India
9840,@gmail.com,10,51.68,2,7,USA
9841,@microsoft.com,6,1.64,2,4,uk
9842,@accenture.com,22,52.7,0,2,INDIA
9843,@gmail.com,9,22.38,1,4,INDIA
9844,@accenture.com,7,2.34,7,8,GERMANY
9845,@gmail.com,1,25.29,3,6,India
9846,@meta.com,9,20.44,4,0,USA
9847,@netflix.com,3,12.8,4,7,INDIA
9848,@uber.com,13,22.33,21,5,
9849,@yahoo.com,13,2.28,24,4,united states
9850,@gmail.com,4,19.18,2,5,India
9851,@netflix.com,23,15.36,3,7,USA
9852,@yahoo.com,7,5.03,3,8,GERMANY
9853,@gmail.com,5,17.59,0,4,
9854,@uber.com,8,17.04,1,6,USA
9855,@yahoo.com,13,4.1,6,6,uk
9856,@gmail.com,1,2.4,7,5,USA
9857,@gmail.com,1,6.75,4,4,GERMANY
9858,@gmail.com,6,7.64,3,4,united states
9859,@microsoft.com,12,26.07,12,3,
9860,@microsoft.com,7,8.59,2,1,India
9861,@yahoo.com,8,20.01,4,8,united states
9862,@accenture.com,14,9.32,12,7,GERMANY
9863,@accenture.com,4,1.04,0,9,USA
9864,@microsoft.com,25,15.87,6,6,UK
9865,@gmail.com,9,33.86,4,4,united states
9866,@uber.com,11,10.96,6,4,uk
9867,@yahoo.com,6,18.16,3,7,India
9868,@microsoft.com,12,22.63,0,4,
9869,@microsoft.com,19,9.45,6,4,GERMANY
9870,@gmail.com,9,4.31,5,3,
9871,@netflix.com,12,29.5,3,3,
9872,@gmail.com,5,26.46,6,5,GERMANY
9873,@uber.com,9,29.44,3,7,GERMANY
9874,@gmail.com,6,26.21,2,5,
9875,@netflix.com,11,,0,3,
9876,@gmail.com,5,8.03,6,5,
9877,@gmail.com,3,3.19,3,7,uk
9878,@gmail.com,6,2.53,4,9,united states
9879,@gmail.com,5,22.81,5,3,UK
9880,@gmail.com,3,9.85,3,2,usa
9881,@microsoft.com,5,1.43,1,4,USA
9882,@yahoo.com,11,7.82,3,7,USA
9883,@gmail.com,5,75.08,4,3,UK
9884,@gmail.com,3,3.58,2,8,INDIA
9885,@accenture.com,7,7.59,4,3,UK
9886,@uber.com,9,13.54,2,4,USA
9887,@uber.com,5,3.34,1,7,GERMANY
9888,@uber.com,7,51.52,0,6,usa
9889,@gmail.com,4,15.11,5,3,UK
9890,@gmail.com,10,3.91,2,7,GERMANY
9891,@gmail.com,3,8.88,1,4,usa
9892,@accenture.com,7,6.72,3,2,INDIA
9893,,3,1.96,6,5,
9894,@yahoo.com,7,5.02,2,5,UK
9895,@gmail.com,4,12.1,4,7,GERMANY
9896,@gmail.com,3,1.38,3,5,India
9897,@gmail.com,7,0.74,5,7,
9898,@microsoft.com,4,11.69,3,6,
9899,@gmail.com,4,8.54,4,3,USA
9900,@netflix.com,19,3.13,6,7,UK
9901,@gmail.com,7,18.71,0,4,
9902,@netflix.com,7,1.38,4,3,INDIA
9903,@meta.com,13,4.73,9,6,GERMANY
9904,@meta.com,12,1.6,15,5,INDIA
9905,@microsoft.com,12,19.51,6,2,GERMANY
9906,@microsoft.com,19,,6,2,united states
9907,@microsoft.com,8,3.13,2,7,
9908,@microsoft.com,8,12.23,4,3,uk
9909,@microsoft.com,4,17.88,5,6,USA
9910,,15,0.52,6,5,
9911,@meta.com,20,16.32,6,4,GERMANY
9912,@meta.com,14,5.6,0,6,UK
9913,@accenture.com,4,2.18,5,2,
9914,@gmail.com,7,25.82,1,4,UK
9915,@gmail.com,10,13.98,4,4,INDIA
9916,@yahoo.com,9,11.86,3,3,
9917,@yahoo.com,9,27.16,2,7,united states
9918,@accenture.com,14,4.62,6,4,GERMANY
9919,@yahoo.com,10,0.21,4,5,
9920,@microsoft.com,4,44.56,5,3,India
9921,@yahoo.com,8,4.57,0,6,UK
9922,@gmail.com,13,15.05,12,9,GERMANY
9923,@microsoft.com,12,56.6,12,6,GERMANY
9924,@accenture.com,2,3.99,3,5,India
9925,@gmail.com,8,73.85,0,4,
9926,@microsoft.com,11,11.6,15,7,uk
9927,@microsoft.com,23,47.9,3,4,
9928,@gmail.com,3,1.35,4,5,united states
9929,@gmail.com,3,11.36,5,6,GERMANY
9930,,8,43.33,3,8,GERMANY
9931,@gmail.com,2,2.54,5,2,USA
9932,@gmail.com,5,4.83,3,6,INDIA
9933,@gmail.com,2,3.58,4,10,India
9934,@uber.com,12,50.48,3,5,USA
9935,@microsoft.com,21,4.59,3,5,GERMANY
9936,@microsoft.com,19,1.93,6,2,UK
9937,@gmail.com,3,23.9,4,3,GERMANY
9938,@netflix.com,7,10.81,2,8,INDIA
9939,@gmail.com,6,13.37,4,3,united states
9940,@gmail.com,1,14.0,3,4,USA
9941,@yahoo.com,18,14.24,12,5,
9942,@gmail.com,6,9.08,3,3,united states
9943,@accenture.com,23,55.68,6,6,usa
9944,@netflix.com,19,2.87,3,4,usa
9945,@gmail.com,4,47.5,5,5,united states
9946,@accenture.com,14,,0,5,UK
9947,@meta.com,7,3.16,0,1,uk
9948,@netflix.com,4,14.74,1,7,INDIA
9949,@gmail.com,3,33.36,0,5,India
9950,@microsoft.com,4,6.76,6,3,united states
9951,@gmail.com,9,1.18,5,9,
9952,@accenture.com,18,11.54,6,6,INDIA
9953,@gmail.com,5,63.16,2,7,INDIA
9954,@microsoft.com,9,7.4,3,4,INDIA
9955,@gmail.com,9,0.3,0,2,USA
9956,@gmail.com,6,10.42,5,5,united states
9957,@microsoft.com,16,7.26,9,3,united states
9958,@accenture.com,6,1.04,3,4,GERMANY
9959,@microsoft.com,22,31.17,15,9,
9960,@accenture.com,5,14.47,1,6,uk
9961,@gmail.com,3,2.51,9,8,India
9962,@yahoo.com,9,39.05,5,5,India
9963,@yahoo.com,1,12.88,2,6,GERMANY
9964,@gmail.com,3,17.53,4,5,GERMANY
9965,@microsoft.com,15,13.14,12,2,USA
9966,@uber.com,6,57.49,9,6,India
9967,@microsoft.com,2,33.2,4,7,USA
9968,@meta.com,11,0.25,9,3,uk
9969,@microsoft.com,16,0.22,6,2,USA
9970,@gmail.com,3,10.05,2,3,India
9971,@gmail.com,6,5.65,2,1,usa
9972,@microsoft.com,7,11.61,4,8,INDIA
9973,@gmail.com,5,6.2,3,2,
9974,@gmail.com,2,31.58,4,5,India
9975,@yahoo.com,14,2.79,15,6,united states
9976,@microsoft.com,6,0.88,1,7,united states
9977,@gmail.com,5,6.3,1,4,united states
9978,@uber.com,7,2.25,5,6,usa
9979,@microsoft.com,26,13.43,9,6,
9980,@gmail.com,8,9.59,1,4,united states
9981,@meta.com,6,18.46,4,5,usa
9982,@microsoft.com,4,1.13,0,7,usa
9983,@microsoft.com,11,21.06,0,5,India
9984,@microsoft.com,7,4.86,5,8,uk
9985,@gmail.com,4,16.7,3,2,India
9986,@uber.com,16,5.16,9,6,usa
9987,@gmail.com,6,26.92,1,8,INDIA
9988,@netflix.com,8,26.94,6,5,GERMANY
9989,@accenture.com,8,5.49,1,4,GERMANY
9990,@microsoft.com,15,36.05,12,6,uk
9991,@gmail.com,2,5.81,2,5,usa
9992,@gmail.com,11,33.91,27,10,INDIA
9993,@gmail.com,6,3.22,5,1,united states
9994,@yahoo.com,10,5.09,3,7,united states
9995,@gmail.com,3,,3,5,uk
9996,@yahoo.com,5,1.26,4,7,USA
9997,@gmail.com,13,18.15,12,3,united states
9998,@unknown_typo,7,17.19,3,3,united states
9999,@gmail.com,4,53.72,3,7,USA
10000,@netflix.com,7,53.78,4,4,USA
10001,@netflix.com,4,9.82,3,5,
10002,@yahoo.com,5,16.11,4,5,united states
10003,@uber.com,13,2.54,3,8,united states
10004,@yahoo.com,17,3.84,6,5,usa
10005,@microsoft.com,8,12.26,8,6,
10006,@gmail.com,6,4.07,2,7,uk
10007,@gmail.com,6,3.67,4,6,UK
10008,@microsoft.com,15,0.35,12,6,USA
10009,@yahoo.com,17,1.14,9,5,GERMANY
10010,@microsoft.com,13,18.64,15,3,
10011,@gmail.com,6,0.22,1,4,USA
10012,@gmail.com,4,33.92,1,6,usa
10013,@gmail.com,7,1.23,4,4,
10014,@gmail.com,4,2.55,4,8,usa
10015,@gmail.com,2,6.24,4,5,INDIA
10016,@gmail.com,10,19.46,4,5,India
10017,@gmail.com,8,18.1,4,8,
10018,@accenture.com,9,4.25,3,4,
10019,@gmail.com,6,5.94,6,2,
10020,@uber.com,7,25.82,2,6,
10021,@gmail.com,1,10.3,0,3,united states
10022,@accenture.com,7,9.19,2,6,united states
10023,@yahoo.com,12,15.06,3,4,usa
10024,@gmail.com,1,9.16,1,8,UK
10025,@yahoo.com,15,8.54,9,9,united states
10026,@gmail.com,13,24.04,21,4,usa
10027,@microsoft.com,22,40.2,3,3,GERMANY
10028,@gmail.com,4,11.95,8,3,USA
10029,,15,5.12,0,4,GERMANY
10030,@yahoo.com,8,,3,6,USA
10031,@gmail.com,6,18.16,4,8,India
10032,@uber.com,7,15.93,5,8,India
10033,@gmail.com,5,14.0,2,4,GERMANY
10034,@accenture.com,17,20.23,18,5,united states
10035,@yahoo.com,28,22.42,6,4,USA
10036,@uber.com,22,23.49,21,5,GERMANY
10037,@gmail.com,4,55.82,1,5,
10038,@accenture.com,11,7.95,15,6,India
10039,@meta.com,5,4.17,6,1,
10040,@gmail.com,12,7.52,12,6,GERMANY
10041,@gmail.com,6,21.84,3,6,UK
10042,@gmail.com,5,11.67,3,8,united states
10043,@unknown_typo,11,30.0,12,6,INDIA
10044,@gmail.com,12,4.04,3,6,USA
10045,@yahoo.com,14,20.04,6,5,UK
10046,@gmail.com,9,4.3,3,5,GERMANY
10047,@gmail.com,4,24.08,5,5,
10048,@microsoft.com,15,8.65,3,1,UK
10049,@unknown_typo,8,68.22,4,7,united states
10050,@yahoo.com,7,16.57,1,3,UK
10051,@accenture.com,12,20.31,6,5,united states
10052,@yahoo.com,19,0.65,6,5,USA
10053,@gmail.com,7,18.21,3,2,India
10054,@gmail.com,4,8.14,2,6,usa
10055,@microsoft.com,9,5.85,2,6,USA
10056,@unknown_typo,7,23.79,5,3,united states
10057,@accenture.com,27,3.89,12,4,UK
10058,@gmail.com,6,3.01,2,5,
10059,@gmail.com,3,6.58,1,2,India
10060,@gmail.com,13,14.89,3,4,uk
10061,@netflix.com,9,4.46,4,3,USA
10062,@accenture.com,9,12.27,5,4,uk
10063,@meta.com,16,7.29,6,6,USA
10064,@gmail.com,8,7.58,4,8,
10065,@yahoo.com,8,3.41,5,5,united states
10066,@yahoo.com,10,5.83,4,3,united states
10067,@gmail.com,5,4.8,2,7,INDIA
10068,@yahoo.com,6,4.18,0,5,uk
10069,@gmail.com,8,1.26,5,2,GERMANY
10070,@gmail.com,11,8.51,3,3,GERMANY
10071,@netflix.com,28,4.21,21,6,India
10072,@meta.com,5,48.67,3,9,India
10073,@yahoo.com,12,13.81,6,4,INDIA
10074,@yahoo.com,7,9.3,5,6,UK
10075,@gmail.com,3,6.19,4,5,INDIA
10076,@meta.com,6,9.26,3,6,UK
10077,@meta.com,34,,3,4,INDIA
10078,@meta.com,25,29.16,12,2,INDIA
10079,@uber.com,14,4.43,12,8,united states
10080,@gmail.com,15,4.93,3,4,UK
10081,@gmail.com,8,,2,2,UK
10082,@yahoo.com,16,34.68,3,4,GERMANY
10083,@gmail.com,5,17.1,6,5,GERMANY
10084,@meta.com,13,1.33,15,5,USA
10085,@gmail.com,4,34.39,3,5,INDIA
10086,@gmail.com,2,22.0,3,6,uk
10087,@gmail.com,5,4.11,5,8,UK
10088,@unknown_typo,5,0.97,5,2,India
10089,@gmail.com,13,18.96,12,7,UK
10090,@microsoft.com,5,4.01,1,3,UK
10091,@yahoo.com,5,11.13,2,6,uk
10092,@gmail.com,5,1.41,6,5,
10093,@yahoo.com,11,12.6,15,6,
10094,@uber.com,6,0.33,5,4,
10095,@yahoo.com,13,,3,5,
10096,@accenture.com,6,26.91,6,4,India
10097,@gmail.com,6,13.04,4,6,GERMANY
10098,@gmail.com,5,32.4,7,8,
10099,@netflix.com,21,11.94,9,7,usa
10100,@gmail.com,3,17.44,0,2,INDIA
10101,@microsoft.com,6,6.84,1,3,united states
10102,@meta.com,3,5.28,3,5,INDIA
10103,@gmail.com,12,6.14,9,5,usa
10104,@uber.com,18,1.63,9,8,usa
10105,@gmail.com,6,4.4,3,6,GERMANY
10106,@gmail.com,2,7.34,2,6,UK
10107,@gmail.com,5,6.27,1,5,
10108,@accenture.com,31,10.27,6,5,usa
10109,@gmail.com,8,10.05,4,4,UK
10110,@uber.com,8,19.94,1,5,India
10111,@netflix.com,23,7.56,12,4,USA
10112,@yahoo.com,12,16.96,12,4,
10113,@yahoo.com,20,33.19,12,6,INDIA
10114,@yahoo.com,5,9.13,1,4,UK
10115,@gmail.com,8,12.09,3,10,united states
10116,@yahoo.com,16,16.96,9,6,GERMANY
10117,@microsoft.com,19,10.22,6,3,INDIA
10118,,5,2.67,2,4,INDIA
10119,@netflix.com,11,5.21,3,5,uk
10120,@accenture.com,5,0.43,1,6,uk
10121,@netflix.com,3,17.26,4,5,USA
10122,@yahoo.com,15,4.92,15,4,INDIA
10123,@uber.com,26,26.03,3,4,UK
10124,@netflix.com,1,16.0,4,2,united states
10125,@gmail.com,4,19.98,3,10,INDIA
10126,@unknown_typo,10,32.12,3,10,
10127,@yahoo.com,13,8.32,9,7,India
10128,@microsoft.com,12,3.14,9,6,USA
10129,@uber.com,4,41.12,0,8,uk
10130,@unknown_typo,15,82.19,15,4,uk
10131,@gmail.com,2,3.69,5,6,usa
10132,@meta.com,7,20.26,2,10,India
10133,@yahoo.com,7,1.13,1,3,UK
10134,@gmail.com,12,0.42,9,6,INDIA
10135,@meta.com,13,16.86,15,3,usa
10136,@microsoft.com,25,4.42,6,3,UK
10137,@uber.com,13,30.36,12,5,INDIA
10138,@gmail.com,5,10.79,3,3,
10139,@yahoo.com,29,,9,6,
10140,@microsoft.com,12,1.64,9,7,UK
10141,@yahoo.com,8,31.13,1,11,united states
10142,@gmail.com,5,3.16,2,5,UK
10143,@unknown_typo,3,,0,10,India
10144,@yahoo.com,5,14.11,4,3,usa
10145,@meta.com,15,1.02,9,6,united states
10146,@yahoo.com,9,56.96,3,14,UK
10147,@gmail.com,4,5.4,1,4,uk
10148,@yahoo.com,6,18.78,2,3,USA
10149,@yahoo.com,10,14.98,5,4,India
10150,@yahoo.com,6,0.5,5,5,GERMANY
10151,@yahoo.com,19,29.75,3,7,UK
10152,@yahoo.com,7,5.45,3,7,uk
10153,@gmail.com,8,4.3,3,6,INDIA
10154,@yahoo.com,8,0.91,3,5,usa
10155,@gmail.com,3,4.32,7,5,India
10156,@gmail.com,4,14.52,2,4,united states
10157,@netflix.com,11,3.36,9,2,
10158,@microsoft.com,13,9.42,6,3,India
10159,@uber.com,13,24.12,12,6,usa
10160,@yahoo.com,3,46.58,2,8,India
10161,@netflix.com,9,18.08,5,1,
10162,@microsoft.com,8,3.27,5,5,INDIA
10163,@meta.com,21,7.25,9,9,INDIA
10164,@gmail.com,12,12.11,3,3,UK
10165,@unknown_typo,6,30.77,3,4,uk
10166,@accenture.com,6,11.9,2,2,USA
10167,@accenture.com,9,10.14,5,3,GERMANY
10168,@gmail.com,3,4.51,3,4,India
10169,@gmail.com,7,,3,2,India
10170,@gmail.com,7,5.76,4,3,INDIA
10171,@gmail.com,8,12.47,5,4,USA
10172,@accenture.com,23,24.81,15,5,uk
10173,@gmail.com,3,43.71,2,4,UK
10174,@gmail.com,7,24.88,2,5,united states
10175,@gmail.com,4,26.43,2,6,India
10176,@gmail.com,14,6.65,9,7,UK
10177,@gmail.com,7,17.84,3,3,GERMANY
10178,@meta.com,15,,6,6,UK
10179,@microsoft.com,4,0.37,5,3,united states
10180,@gmail.com,8,32.38,1,6,united states
10181,@yahoo.com,2,0.81,3,6,
10182,@yahoo.com,13,1.84,9,3,GERMANY
10183,@gmail.com,3,0.28,2,3,GERMANY
10184,@uber.com,13,1.04,6,7,GERMANY
10185,@uber.com,12,0.91,9,6,GERMANY
10186,@uber.com,24,16.97,9,6,uk
10187,@uber.com,9,28.81,3,4,united states
10188,@gmail.com,3,23.9,3,6,India
10189,@unknown_typo,21,14.76,3,4,INDIA
10190,@accenture.com,4,23.13,0,6,
10191,@netflix.com,15,9.15,6,3,India
10192,@gmail.com,3,35.53,7,3,USA
10193,@netflix.com,17,9.24,9,6,GERMANY
10194,@accenture.com,10,0.43,4,3,INDIA
10195,@accenture.com,10,18.18,4,3,
10196,@gmail.com,4,26.64,4,5,UK
10197,@meta.com,13,3.82,6,6,USA
10198,@unknown_typo,8,5.74,3,6,GERMANY
10199,@uber.com,19,17.81,24,6,USA
10200,@microsoft.com,21,12.79,6,7,united states
10201,@netflix.com,6,33.1,0,7,usa
10202,@yahoo.com,6,9.74,4,4,GERMANY
10203,@microsoft.com,4,16.74,1,9,India
10204,@yahoo.com,23,4.75,0,6,
10205,@netflix.com,14,39.77,6,5,uk
10206,@gmail.com,3,6.93,1,4,INDIA
10207,@yahoo.com,11,11.63,9,3,usa
10208,@uber.com,7,14.38,2,8,united states
10209,@meta.com,10,4.4,2,3,uk
10210,@microsoft.com,18,5.71,3,10,INDIA
10211,@netflix.com,3,10.47,6,2,UK
10212,@netflix.com,12,4.74,9,4,India
10213,@gmail.com,6,,6,3,USA
10214,@yahoo.com,6,27.17,1,7,uk
10215,@gmail.com,1,5.89,2,3,united states
10216,@gmail.com,6,8.07,1,5,united states
10217,@yahoo.com,21,11.88,6,8,UK
10218,@netflix.com,10,27.72,3,6,UK
10219,@accenture.com,9,2.27,4,4,GERMANY
10220,@gmail.com,3,14.75,4,7,usa
10221,@gmail.com,5,6.49,5,6,INDIA
10222,@microsoft.com,16,30.55,3,6,uk
10223,@yahoo.com,15,16.23,12,7,USA
10224,@gmail.com,6,2.35,5,6,INDIA
10225,@netflix.com,20,5.28,3,5,UK
10226,@netflix.com,15,0.55,12,5,USA
10227,@yahoo.com,7,22.08,3,4,USA
10228,@netflix.com,16,7.99,3,8,uk
10229,@gmail.com,4,0.75,1,4,united states
10230,@meta.com,11,0.2,6,1,uk
10231,@yahoo.com,9,46.7,2,3,INDIA
10232,@gmail.com,10,28.69,3,5,usa
10233,@netflix.com,18,6.11,21,4,USA
10234,@yahoo.com,18,10.9,6,8,GERMANY
10235,@meta.com,8,12.87,1,4,India
10236,@gmail.com,6,10.86,3,5,uk
10237,@gmail.com,1,5.52,3,5,uk
10238,@gmail.com,4,7.43,6,4,
10239,@yahoo.com,15,3.0,3,5,GERMANY
10240,@uber.com,33,0.51,6,5,USA
10241,@gmail.com,9,2.52,3,5,united states
10242,@uber.com,9,,1,6,united states
10243,@uber.com,16,8.51,9,2,united states
10244,@uber.com,12,16.22,15,8,united states
10245,@yahoo.com,6,2.99,3,9,
10246,@netflix.com,6,11.45,3,5,uk
10247,@yahoo.com,14,5.89,12,5,GERMANY
10248,@yahoo.com,6,1.92,5,4,INDIA
10249,@gmail.com,8,2.05,4,4,GERMANY
10250,@gmail.com,9,14.44,7,4,
10251,@gmail.com,12,1.88,15,9,India
10252,@microsoft.com,11,12.09,12,2,UK
10253,@gmail.com,3,3.17,3,5,usa
10254,@gmail.com,4,30.16,3,7,UK
10255,@meta.com,7,0.77,5,3,INDIA
10256,@gmail.com,6,7.34,2,4,India
10257,@gmail.com,5,21.5,2,7,usa
10258,@gmail.com,4,20.74,6,2,INDIA
10259,@meta.com,12,2.35,9,4,uk
10260,@gmail.com,8,3.29,4,7,GERMANY
10261,@yahoo.com,8,11.86,1,8,UK
10262,@yahoo.com,6,17.29,4,8,usa
10263,@uber.com,20,20.93,6,5,uk
10264,@microsoft.com,9,14.54,4,5,UK
10265,@accenture.com,4,22.93,7,7,USA
10266,@gmail.com,6,8.69,4,2,INDIA
10267,@gmail.com,4,12.34,6,6,uk
10268,@gmail.com,4,,4,3,India
10269,@gmail.com,6,21.47,1,5,India
10270,@gmail.com,5,2.88,8,6,INDIA
10271,@gmail.com,5,4.36,4,3,uk
10272,@yahoo.com,11,27.19,12,9,UK
10273,@uber.com,11,18.8,6,8,united states
10274,@gmail.com,4,19.93,4,7,uk
10275,@uber.com,8,1.57,3,5,UK
10276,@gmail.com,13,9.94,9,5,USA
10277,@gmail.com,6,12.46,2,2,
10278,@yahoo.com,11,22.71,0,4,UK
10279,@gmail.com,3,8.23,2,6,INDIA
10280,@gmail.com,7,11.67,4,7,India
10281,@yahoo.com,5,4.08,2,6,usa
10282,@netflix.com,9,26.77,3,4,usa
10283,@uber.com,6,36.78,1,1,united states
10284,@gmail.com,3,,3,7,USA
10285,@accenture.com,23,8.62,9,3,usa
10286,@meta.com,7,5.97,2,7,GERMANY
10287,@microsoft.com,16,4.66,6,4,UK
10288,@accenture.com,21,12.09,9,8,uk
10289,@yahoo.com,6,2.77,3,4,UK
10290,@gmail.com,9,13.35,3,5,uk
10291,@yahoo.com,8,12.36,4,2,
10292,@yahoo.com,10,17.77,1,7,
10293,@yahoo.com,5,3.84,3,3,India
10294,@microsoft.com,11,18.16,0,8,USA
10295,@netflix.com,8,0.26,1,5,India
10296,@netflix.com,11,11.47,3,4,India
10297,@accenture.com,20,27.88,3,5,
10298,@accenture.com,4,19.52,1,4,united states
10299,@netflix.com,7,28.54,5,1,uk
10300,@gmail.com,2,2.41,2,4,united states
10301,@gmail.com,6,19.04,2,2,India
10302,@yahoo.com,8,9.5,5,7,uk
10303,@accenture.com,18,5.85,9,5,usa
10304,@yahoo.com,15,6.6,6,7,UK
10305,@meta.com,11,1.61,15,4,India
10306,@gmail.com,5,17.91,3,4,united states
10307,@gmail.com,3,14.99,2,6,INDIA
10308,@meta.com,11,2.48,18,2,USA
10309,@gmail.com,5,11.79,1,3,usa
10310,@gmail.com,0,2.08,3,3,usa
10311,@gmail.com,2,5.64,2,7,united states
10312,@gmail.com,2,0.68,3,10,uk
10313,@uber.com,11,14.56,12,4,uk
10314,@gmail.com,6,0.19,6,3,GERMANY
10315,@microsoft.com,2,4.53,3,4,GERMANY
10316,@gmail.com,7,4.65,1,1,GERMANY
10317,@accenture.com,24,20.7,12,3,united states
10318,@gmail.com,2,8.98,1,7,INDIA
10319,@microsoft.com,9,12.77,2,7,
10320,@uber.com,13,4.3,18,6,GERMANY
10321,@gmail.com,2,11.9,5,2,USA
10322,@netflix.com,8,2.42,1,2,GERMANY
10323,@microsoft.com,12,,15,6,INDIA
10324,@yahoo.com,5,10.92,3,4,
10325,@gmail.com,4,31.73,4,5,INDIA
10326,@netflix.com,15,1.68,6,5,UK
10327,@meta.com,6,13.39,5,8,uk
10328,@gmail.com,7,16.68,3,10,USA
10329,@gmail.com,7,23.34,4,7,INDIA
10330,@accenture.com,11,9.98,12,9,India
10331,@uber.com,22,0.55,3,5,united states
10332,@meta.com,28,4.54,21,6,GERMANY
10333,@yahoo.com,7,4.94,1,1,united states
10334,@uber.com,12,5.75,6,4,UK
10335,@gmail.com,3,1.45,6,7,GERMANY
10336,@gmail.com,7,0.01,4,2,uk
10337,@microsoft.com,27,11.0,6,3,uk
10338,@unknown_typo,26,20.02,3,3,India
10339,@gmail.com,9,3.92,3,3,USA
10340,@yahoo.com,5,17.75,3,3,INDIA
10341,@uber.com,8,19.7,4,3,INDIA
10342,@yahoo.com,16,7.95,15,5,usa
10343,@accenture.com,14,11.17,9,4,India
10344,@meta.com,12,5.65,6,6,INDIA
10345,@gmail.com,6,7.06,1,1,
10346,,4,13.34,1,9,uk
10347,@meta.com,9,6.74,3,4,USA
10348,@accenture.com,1,10.43,3,9,GERMANY
10349,@uber.com,9,20.42,3,5,usa
10350,@accenture.com,14,50.12,6,2,united states
10351,@gmail.com,1,33.25,4,6,USA
10352,@gmail.com,4,36.89,3,3,usa
10353,@accenture.com,28,36.32,15,7,usa
10354,@gmail.com,5,4.15,1,2,INDIA
10355,@gmail.com,3,43.9,2,8,UK
10356,@meta.com,16,3.77,9,4,GERMANY
10357,@accenture.com,13,29.95,15,4,united states
10358,@gmail.com,4,13.05,3,2,usa
10359,@accenture.com,10,27.37,5,7,INDIA
10360,@uber.com,12,60.45,3,6,INDIA
10361,@yahoo.com,13,,9,0,UK
10362,@accenture.com,17,25.43,6,6,UK
10363,@yahoo.com,16,3.47,6,7,GERMANY
10364,@gmail.com,2,29.48,4,8,UK
10365,@gmail.com,14,2.72,6,3,UK
10366,@yahoo.com,13,10.78,12,5,usa
10367,@yahoo.com,13,10.47,3,4,
10368,@accenture.com,12,10.97,18,4,USA
10369,@meta.com,17,19.26,6,6,UK
10370,@microsoft.com,10,,4,4,GERMANY
10371,@meta.com,6,9.15,2,6,USA
10372,@gmail.com,8,16.14,2,6,
10373,@gmail.com,1,17.2,3,5,uk
10374,@accenture.com,12,8.63,9,3,uk
10375,@gmail.com,8,0.8,3,3,usa
10376,@gmail.com,3,4.5,5,6,united states
10377,@uber.com,21,43.24,21,5,UK
10378,@yahoo.com,4,39.34,4,6,India
10379,@accenture.com,13,15.73,3,5,India
10380,@gmail.com,11,3.07,15,4,India
10381,@gmail.com,1,,3,6,India
10382,@gmail.com,4,,2,9,INDIA
10383,@microsoft.com,13,30.97,12,8,
10384,@gmail.com,5,7.61,9,3,USA
10385,@yahoo.com,13,14.9,12,2,
10386,@accenture.com,19,36.83,6,7,uk
10387,@netflix.com,30,2.23,18,2,India
10388,@gmail.com,4,15.17,3,2,GERMANY
10389,@yahoo.com,13,37.79,15,11,uk
10390,@yahoo.com,7,27.17,4,5,
10391,@netflix.com,9,5.08,2,8,USA
10392,,14,45.56,9,5,usa
10393,@gmail.com,3,3.41,1,8,
10394,@uber.com,10,3.51,4,2,united states
10395,@gmail.com,10,1.52,2,4,united states
10396,@gmail.com,10,1.89,4,4,UK
10397,@gmail.com,4,21.51,1,4,USA
10398,@yahoo.com,7,4.84,3,6,USA
10399,@yahoo.com,15,30.5,6,2,UK
10400,@gmail.com,9,,4,2,INDIA
10401,@uber.com,5,1.86,2,5,UK
10402,@gmail.com,6,11.4,3,6,usa
10403,@microsoft.com,4,20.17,5,8,
10404,@gmail.com,8,17.22,3,6,GERMANY
10405,@gmail.com,3,1.64,2,3,UK
10406,@yahoo.com,9,5.82,5,5,usa
10407,@gmail.com,4,,0,5,usa
10408,@yahoo.com,6,13.17,3,10,UK
10409,@gmail.com,12,25.23,9,3,INDIA
10410,@yahoo.com,5,0.87,2,3,India
10411,@gmail.com,2,9.82,1,8,GERMANY
10412,@uber.com,12,28.35,3,5,UK
10413,@meta.com,6,75.91,3,8,India
10414,@gmail.com,7,2.06,4,6,India
10415,@yahoo.com,12,15.57,6,6,India
10416,@gmail.com,3,,2,6,USA
10417,@microsoft.com,17,6.45,3,7,united states
10418,@gmail.com,3,8.83,1,5,
10419,@yahoo.com,16,6.37,6,7,united states
10420,@yahoo.com,2,14.69,6,9,united states
10421,@netflix.com,2,,1,9,usa
10422,@yahoo.com,18,35.83,6,4,GERMANY
10423,@microsoft.com,10,5.75,5,4,UK
10424,@yahoo.com,8,2.44,1,6,uk
10425,@netflix.com,3,8.52,2,7,uk
10426,@meta.com,14,10.82,18,2,uk
10427,@gmail.com,4,0.8,1,6,India
10428,@accenture.com,7,24.07,4,5,India
10429,@yahoo.com,7,20.06,5,6,INDIA
10430,@accenture.com,4,10.76,5,5,INDIA
10431,@accenture.com,9,3.09,3,6,
10432,@gmail.com,4,39.17,3,4,GERMANY
10433,@uber.com,15,23.71,6,3,united states
10434,@gmail.com,2,3.99,3,5,
10435,@gmail.com,3,19.98,3,2,INDIA
10436,@gmail.com,3,1.6,2,4,united states
10437,@uber.com,17,1.89,18,3,UK
10438,@gmail.com,6,8.82,2,7,India
10439,@gmail.com,9,18.15,3,5,united states
10440,@uber.com,20,,6,8,UK
10441,@gmail.com,1,53.1,3,3,India
10442,@gmail.com,5,17.66,1,10,USA
10443,@gmail.com,4,22.93,5,4,UK
10444,@gmail.com,6,10.71,6,3,India
10445,@yahoo.com,25,0.86,3,2,India
10446,@gmail.com,4,2.01,2,4,uk
10447,@unknown_typo,6,,3,4,usa
10448,@uber.com,16,7.49,0,5,uk
10449,@gmail.com,4,22.17,0,7,INDIA
10450,@gmail.com,6,3.74,2,7,GERMANY
10451,@yahoo.com,7,11.42,2,3,GERMANY
10452,@microsoft.com,3,2.49,0,10,usa
10453,@gmail.com,3,,3,5,
10454,@gmail.com,6,2.76,4,3,India
10455,@accenture.com,4,18.36,2,5,GERMANY
10456,@gmail.com,3,2.45,2,6,India
10457,@gmail.com,9,25.61,2,5,united states
10458,@accenture.com,16,10.48,3,3,GERMANY
10459,@uber.com,20,7.98,9,8,USA
10460,@gmail.com,9,6.16,4,7,INDIA
10461,@uber.com,13,17.46,6,5,UK
10462,@gmail.com,4,1.38,1,13,GERMANY
10463,@meta.com,24,29.09,12,7,UK
10464,@yahoo.com,9,21.48,2,6,united states
10465,@accenture.com,15,7.0,3,4,GERMANY
10466,@unknown_typo,12,57.0,12,3,India
10467,@netflix.com,8,26.76,4,4,
10468,@netflix.com,6,,3,3,GERMANY
10469,@yahoo.com,7,32.8,2,7,India
10470,@gmail.com,9,1.56,4,5,UK
10471,@yahoo.com,11,17.55,15,7,GERMANY
10472,@uber.com,3,2.11,4,2,
10473,@netflix.com,15,55.9,18,3,GERMANY
10474,@gmail.com,2,0.76,2,4,USA
10475,@netflix.com,11,3.97,6,1,India
10476,@accenture.com,18,11.33,3,3,GERMANY
10477,@unknown_typo,17,13.15,12,5,UK
10478,@netflix.com,18,10.79,18,5,united states
10479,@gmail.com,4,20.21,0,2,uk
10480,@gmail.com,6,0.02,2,2,uk
10481,@gmail.com,4,12.45,3,4,usa
10482,@gmail.com,9,14.32,5,2,USA
10483,@microsoft.com,9,3.52,2,5,
10484,@accenture.com,5,16.14,4,3,uk
10485,@netflix.com,20,15.92,3,5,usa
10486,@microsoft.com,9,11.33,7,2,India
10487,@gmail.com,7,4.5,1,1,united states
10488,@gmail.com,0,8.08,4,7,
10489,@gmail.com,11,4.77,9,5,usa
10490,@gmail.com,4,22.03,1,3,usa
10491,@yahoo.com,12,14.46,18,5,usa
10492,@gmail.com,2,2.46,3,2,GERMANY
10493,@gmail.com,8,12.58,5,1,INDIA
10494,@gmail.com,5,35.04,0,6,
10495,@microsoft.com,5,26.83,3,3,usa
10496,@yahoo.com,19,33.27,3,7,united states
10497,@yahoo.com,7,37.34,3,3,GERMANY
10498,@yahoo.com,2,3.13,1,4,uk
10499,@unknown_typo,3,19.07,2,9,UK
10500,@gmail.com,4,15.51,8,9,
10501,@yahoo.com,6,0.51,3,1,
10502,@meta.com,13,22.59,9,4,INDIA
10503,@microsoft.com,9,3.48,2,7,uk
10504,@netflix.com,14,37.34,9,5,
10505,@gmail.com,4,27.05,3,6,INDIA
10506,@yahoo.com,7,21.97,4,8,USA
10507,@gmail.com,8,17.9,5,5,united states
10508,@microsoft.com,12,9.53,15,5,GERMANY
10509,@gmail.com,6,23.98,5,5,united states
10510,@gmail.com,9,25.66,1,10,usa
10511,@yahoo.com,13,1.56,12,2,USA
10512,@yahoo.com,15,6.03,6,5,GERMANY
10513,@gmail.com,7,5.71,3,4,
10514,@uber.com,19,2.0,18,6,USA
10515,@microsoft.com,10,55.82,4,6,India
10516,@gmail.com,4,13.14,2,10,USA
10517,@yahoo.com,11,13.37,12,9,uk
10518,@uber.com,7,7.23,4,5,INDIA
10519,@yahoo.com,6,21.96,4,8,united states
10520,@gmail.com,12,9.68,15,5,USA
10521,@gmail.com,1,20.34,1,7,UK
10522,@microsoft.com,4,31.56,2,5,usa
10523,@netflix.com,10,16.05,4,6,united states
10524,@uber.com,5,14.64,6,6,USA
10525,@gmail.com,13,23.19,12,4,uk
10526,@yahoo.com,14,10.49,6,2,India
10527,@netflix.com,10,25.04,2,5,uk
10528,@gmail.com,4,1.46,6,8,India
10529,,12,4.15,9,8,
10530,@netflix.com,5,38.77,2,7,
10531,@gmail.com,8,2.82,2,3,united states
10532,@netflix.com,2,,3,7,UK
10533,@gmail.com,3,9.83,3,4,India
10534,@accenture.com,16,8.11,9,2,USA
10535,@yahoo.com,6,30.25,1,4,united states
10536,@yahoo.com,13,20.78,6,1,UK
10537,@microsoft.com,28,24.93,9,10,GERMANY
10538,@meta.com,4,71.16,1,4,USA
10539,@gmail.com,2,55.23,4,8,uk
10540,@microsoft.com,8,33.4,4,3,uk
10541,@gmail.com,8,12.51,6,12,united states
10542,@gmail.com,3,5.38,3,10,UK
10543,@gmail.com,8,19.29,3,4,
10544,@yahoo.com,10,44.72,3,2,
10545,@gmail.com,2,69.42,1,1,uk
10546,@gmail.com,3,14.25,2,1,
10547,@gmail.com,3,18.1,3,2,usa
10548,@gmail.com,6,4.9,3,4,UK
10549,@yahoo.com,12,3.38,3,6,united states
10550,@unknown_typo,15,15.28,12,3,UK
10551,@gmail.com,6,3.83,1,4,united states
10552,@netflix.com,14,7.55,6,5,India
10553,@meta.com,30,10.18,9,6,usa
10554,@microsoft.com,20,40.48,9,5,India
10555,@microsoft.com,10,56.95,2,5,
10556,@accenture.com,21,4.26,15,6,uk
10557,@gmail.com,8,2.12,3,6,uk
10558,@yahoo.com,10,3.82,8,4,USA
10559,@uber.com,7,10.97,1,4,usa
10560,@microsoft.com,4,22.91,2,3,INDIA
10561,@accenture.com,13,11.07,6,3,UK
10562,@gmail.com,2,40.58,2,4,GERMANY
10563,@uber.com,3,15.22,3,4,uk
10564,@yahoo.com,21,9.91,18,3,India
10565,@gmail.com,7,22.06,4,4,INDIA
10566,@gmail.com,1,46.09,9,5,India
10567,@microsoft.com,30,6.08,6,4,usa
10568,@netflix.com,23,4.82,15,5,UK
10569,@yahoo.com,15,3.6,3,0,INDIA
10570,@accenture.com,14,11.51,9,8,united states
10571,@yahoo.com,3,9.47,4,5,usa
10572,@gmail.com,1,4.26,2,4,
10573,@gmail.com,5,19.18,2,4,united states
10574,@gmail.com,7,5.3,4,4,united states
10575,@gmail.com,4,,2,5,uk
10576,@gmail.com,7,27.38,3,3,usa
10577,@uber.com,11,30.17,6,8,GERMANY
10578,@meta.com,9,2.38,5,5,
10579,@gmail.com,11,,9,4,UK
10580,@gmail.com,6,11.14,0,5,India
10581,@gmail.com,6,28.02,2,5,usa
10582,@yahoo.com,12,7.69,18,6,uk
10583,@gmail.com,2,16.18,4,3,usa
10584,@gmail.com,4,9.09,6,4,INDIA
10585,@netflix.com,13,0.45,6,5,
10586,@accenture.com,23,5.7,15,5,India
10587,@gmail.com,4,21.2,3,5,usa
10588,@yahoo.com,11,19.66,3,6,united states
10589,@gmail.com,3,32.27,0,4,united states
10590,@meta.com,11,13.48,3,2,GERMANY
10591,@yahoo.com,14,21.81,9,6,UK
10592,@gmail.com,15,8.05,15,6,USA
10593,@meta.com,12,6.45,12,5,GERMANY
10594,@gmail.com,3,6.23,6,2,usa
10595,@gmail.com,4,2.6,3,0,uk
10596,@gmail.com,5,,3,2,usa
10597,@yahoo.com,18,24.97,9,6,USA
10598,@gmail.com,5,0.18,4,2,united states
10599,@gmail.com,6,12.83,6,6,INDIA
10600,@gmail.com,4,,3,6,USA
10601,@gmail.com,5,20.45,4,5,united states
10602,@meta.com,4,2.27,1,8,united states
10603,@gmail.com,10,2.69,5,3,USA
10604,@gmail.com,0,0.65,1,7,uk
10605,@uber.com,15,8.77,21,4,INDIA
10606,@meta.com,25,15.64,0,7,USA
10607,@accenture.com,14,5.11,3,5,INDIA
10608,@yahoo.com,14,0.63,6,4,uk
10609,@gmail.com,1,40.47,6,7,united states
10610,@meta.com,25,29.55,9,8,usa
10611,@uber.com,5,9.32,1,3,united states
10612,@gmail.com,2,26.0,6,6,UK
10613,@netflix.com,17,24.23,9,5,united states
10614,@gmail.com,4,12.37,1,6,uk
10615,,10,11.22,2,5,
10616,@accenture.com,4,15.79,3,6,united states
10617,@uber.com,10,19.21,7,6,INDIA
10618,@netflix.com,8,25.79,2,4,India
10619,@uber.com,13,12.82,15,7,usa
10620,@gmail.com,7,20.57,2,5,USA
10621,@yahoo.com,8,3.08,2,9,USA
10622,@gmail.com,7,20.56,4,4,united states
10623,@gmail.com,4,0.9,2,5,India
10624,@meta.com,9,16.11,5,5,uk
10625,@gmail.com,2,18.7,1,10,UK
10626,@gmail.com,3,51.42,4,7,USA
10627,@microsoft.com,6,8.22,3,4,UK
10628,@accenture.com,10,1.82,3,2,INDIA
10629,@gmail.com,6,6.11,3,4,USA
10630,@gmail.com,6,8.15,4,4,USA
10631,@gmail.com,2,22.04,0,6,UK
10632,@uber.com,8,3.09,3,9,united states
10633,@gmail.com,3,2.79,2,3,UK
10634,@uber.com,4,3.72,4,1,UK
10635,@gmail.com,4,3.94,4,8,INDIA
10636,@gmail.com,6,38.61,4,4,India
10637,@netflix.com,10,2.62,3,5,usa
10638,@gmail.com,6,7.99,5,10,
10639,@yahoo.com,4,7.74,1,6,India
10640,@gmail.com,6,2.05,1,2,united states
10641,@yahoo.com,6,1.73,7,3,India
10642,@yahoo.com,9,36.08,3,6,INDIA
10643,@gmail.com,4,27.15,3,3,India
10644,@gmail.com,4,40.6,2,3,GERMANY
10645,@gmail.com,4,5.72,1,4,united states
10646,@uber.com,13,11.21,3,4,
10647,@meta.com,18,4.43,12,5,India
10648,@yahoo.com,6,7.46,2,5,INDIA
10649,@microsoft.com,9,23.71,2,4,GERMANY
10650,@gmail.com,7,9.7,2,2,GERMANY
10651,@gmail.com,6,1.74,3,4,USA
10652,@gmail.com,4,0.05,4,4,UK
10653,@gmail.com,5,4.04,3,5,united states
10654,@gmail.com,6,3.04,4,2,united states
10655,@yahoo.com,11,23.7,18,4,usa
10656,@microsoft.com,4,16.48,4,4,INDIA
10657,@netflix.com,12,27.33,9,2,
10658,@gmail.com,1,8.14,2,4,UK
10659,@microsoft.com,13,13.14,6,7,USA
10660,@accenture.com,9,8.1,4,3,usa
10661,@microsoft.com,17,3.75,9,6,united states
10662,@gmail.com,12,14.95,15,4,
10663,@gmail.com,7,7.38,4,11,united states
10664,@gmail.com,7,4.3,6,10,united states
10665,@gmail.com,5,41.82,3,5,India
10666,@meta.com,14,1.71,12,2,UK
10667,@gmail.com,3,22.5,3,7,INDIA
10668,@gmail.com,10,11.96,0,7,UK
10669,@uber.com,14,21.6,3,4,
10670,@meta.com,2,1.41,3,7,united states
10671,@yahoo.com,5,7.42,4,5,GERMANY
10672,@uber.com,9,23.85,3,1,UK
10673,@gmail.com,5,25.32,4,5,UK
10674,@gmail.com,3,23.33,3,4,UK
10675,@gmail.com,2,20.46,3,4,INDIA
10676,@microsoft.com,26,7.09,12,9,uk
10677,@netflix.com,15,18.89,9,3,USA
10678,@gmail.com,6,1.74,5,3,USA
10679,@yahoo.com,15,2.66,3,4,uk
10680,@gmail.com,6,11.65,4,9,UK
10681,@yahoo.com,12,11.96,12,8,USA
10682,@gmail.com,2,,4,3,united states
10683,@gmail.com,14,,3,4,INDIA
10684,@accenture.com,14,12.45,3,10,India
10685,@microsoft.com,14,1.02,9,3,usa
10686,@yahoo.com,16,,15,4,united states
10687,@gmail.com,3,14.83,4,8,USA
10688,@gmail.com,7,33.87,3,6,GERMANY
10689,@gmail.com,7,8.42,5,5,UK
10690,@accenture.com,8,0.03,1,5,USA
10691,@unknown_typo,9,21.58,2,3,united states
10692,@yahoo.com,12,12.52,3,2,India
10693,@gmail.com,6,0.3,3,6,
10694,@accenture.com,14,12.75,9,3,GERMANY
10695,@yahoo.com,7,40.12,0,4,usa
10696,@microsoft.com,6,3.51,4,4,usa
10697,@gmail.com,6,4.96,2,3,uk
10698,@meta.com,3,15.73,2,6,
10699,@yahoo.com,16,25.8,3,4,UK
10700,@accenture.com,7,15.4,4,3,INDIA
10701,@meta.com,21,16.71,15,3,united states
10702,@gmail.com,4,5.93,6,4,usa
10703,@uber.com,8,0.15,1,5,
10704,@accenture.com,15,27.48,9,5,uk
10705,@gmail.com,6,,2,5,INDIA
10706,@gmail.com,3,30.2,7,4,uk
10707,@gmail.com,4,7.6,2,6,united states
10708,@yahoo.com,2,,6,2,India
10709,@gmail.com,11,48.23,12,7,India
10710,@microsoft.com,16,66.84,6,4,INDIA
10711,@gmail.com,5,14.21,2,5,GERMANY
10712,@accenture.com,10,,6,6,GERMANY
10713,@gmail.com,8,10.9,4,5,uk
10714,@gmail.com,4,3.38,3,6,GERMANY
10715,@yahoo.com,14,19.54,9,5,GERMANY
10716,@yahoo.com,15,2.81,9,3,GERMANY
10717,@gmail.com,17,,6,5,GERMANY
10718,@gmail.com,2,16.82,4,7,GERMANY
10719,@gmail.com,11,30.52,18,5,India
10720,@uber.com,8,16.45,2,10,usa
10721,@meta.com,13,9.66,6,3,USA
10722,@yahoo.com,9,17.82,3,4,INDIA
10723,@uber.com,16,9.1,3,6,India
10724,@meta.com,13,15.93,15,5,India
10725,@gmail.com,4,22.74,4,4,UK
10726,@unknown_typo,9,0.22,3,5,GERMANY
10727,@accenture.com,6,3.71,3,7,USA
10728,@gmail.com,4,18.22,2,3,India
10729,@gmail.com,2,7.7,10,7,GERMANY
10730,@gmail.com,10,11.08,4,8,
10731,@gmail.com,10,17.33,2,5,united states
10732,@meta.com,5,11.21,4,7,USA
10733,@yahoo.com,10,27.2,2,5,united states
10734,@meta.com,5,7.15,6,6,usa
10735,@meta.com,8,17.65,2,5,
10736,@microsoft.com,20,8.31,6,10,uk
10737,@uber.com,22,11.3,9,2,united states
10738,@gmail.com,1,1.81,4,6,GERMANY
10739,@gmail.com,3,26.71,6,7,India
10740,@microsoft.com,6,5.78,3,2,usa
10741,@gmail.com,6,5.38,4,5,INDIA
10742,@gmail.com,9,1.39,7,7,USA
10743,@accenture.com,6,10.59,4,6,
10744,@uber.com,28,8.12,15,4,USA
10745,@gmail.com,10,1.56,1,7,GERMANY
10746,@uber.com,19,20.89,6,5,
10747,@meta.com,14,1.03,6,7,INDIA
10748,@gmail.com,6,2.35,3,4,GERMANY
10749,@gmail.com,5,9.26,3,3,USA
10750,@netflix.com,5,6.64,4,3,GERMANY
10751,@gmail.com,6,4.83,1,5,
10752,@gmail.com,4,12.45,1,2,
10753,@yahoo.com,2,11.14,0,8,UK
10754,@meta.com,13,8.5,6,4,united states
10755,@gmail.com,6,22.45,3,3,usa
10756,@gmail.com,4,,3,7,united states
10757,@gmail.com,3,57.8,5,8,
10758,,12,24.28,3,6,uk
10759,@gmail.com,4,1.69,2,0,united states
10760,@microsoft.com,7,4.8,3,4,usa
10761,@netflix.com,8,11.51,4,5,
10762,@gmail.com,3,9.49,4,4,India
10763,@unknown_typo,8,0.72,3,4,INDIA
10764,@netflix.com,12,11.27,18,11,USA
10765,@netflix.com,13,13.95,18,4,GERMANY
10766,@gmail.com,8,9.34,3,5,UK
10767,@microsoft.com,8,30.16,1,4,
10768,@meta.com,16,12.2,3,7,usa
10769,,17,23.16,9,6,GERMANY
10770,@gmail.com,3,13.26,2,3,GERMANY
10771,@meta.com,24,36.0,12,4,usa
10772,@gmail.com,7,3.62,3,5,INDIA
10773,@gmail.com,6,26.73,2,4,uk
10774,@yahoo.com,16,8.91,15,6,usa
10775,@meta.com,7,17.94,1,6,usa
10776,@yahoo.com,10,12.52,2,6,united states
10777,@yahoo.com,11,1.73,6,3,UK
10778,,9,8.61,1,5,united states
10779,@gmail.com,3,16.81,4,7,India
10780,@microsoft.com,14,34.3,18,5,INDIA
10781,@gmail.com,5,3.7,3,9,USA
10782,@gmail.com,6,6.58,5,7,usa
10783,@uber.com,10,6.71,3,10,
10784,@netflix.com,6,11.15,5,4,
10785,@yahoo.com,9,29.82,5,4,uk
10786,@meta.com,8,7.55,4,2,UK
10787,@gmail.com,3,2.38,3,4,India
10788,@gmail.com,6,10.6,2,5,UK
10789,@yahoo.com,9,0.58,2,6,united states
10790,@gmail.com,4,6.33,4,3,uk
10791,@gmail.com,3,10.83,2,6,INDIA
10792,@yahoo.com,14,10.94,15,5,usa
10793,@gmail.com,6,25.68,3,4,uk
10794,@gmail.com,8,24.23,1,5,India
10795,@yahoo.com,6,4.98,3,4,usa
10796,@microsoft.com,21,5.37,9,6,UK
10797,@netflix.com,9,59.98,1,5,
10798,@microsoft.com,1,7.45,2,7,USA
10799,@yahoo.com,17,2.31,3,6,USA
10800,@netflix.com,15,16.05,15,5,
10801,@meta.com,13,4.19,12,6,India
10802,@gmail.com,2,13.87,3,4,
10803,@gmail.com,9,25.83,7,6,INDIA
10804,@uber.com,13,2.86,9,4,INDIA
10805,@microsoft.com,11,9.01,3,3,USA
10806,@meta.com,14,7.24,3,5,USA
10807,@meta.com,18,110.96,18,6,INDIA
10808,@microsoft.com,18,18.65,12,7,INDIA
10809,,9,1.29,2,5,
10810,@yahoo.com,8,3.89,5,12,united states
10811,@gmail.com,9,2.57,5,4,usa
10812,@accenture.com,13,0.23,9,4,INDIA
10813,@gmail.com,7,5.69,5,2,usa
10814,@meta.com,16,,6,3,
10815,@unknown_typo,7,4.02,2,2,INDIA
10816,@uber.com,15,12.08,9,2,united states
10817,@microsoft.com,15,3.7,18,5,INDIA
10818,@yahoo.com,9,42.47,4,2,INDIA
10819,@gmail.com,10,19.78,4,7,
10820,@gmail.com,6,1.94,3,11,united states
10821,@microsoft.com,20,4.7,15,5,
10822,@meta.com,21,60.63,12,6,USA
10823,@uber.com,14,3.35,12,5,
10824,@gmail.com,7,1.87,2,8,
10825,@yahoo.com,25,3.97,9,5,usa
10826,@meta.com,5,18.77,4,3,INDIA
10827,@yahoo.com,14,10.94,15,3,INDIA
10828,@yahoo.com,1,1.05,3,5,UK
10829,@meta.com,5,6.74,3,3,GERMANY
10830,@uber.com,7,1.36,3,9,usa
10831,@yahoo.com,4,5.15,4,6,usa
10832,@netflix.com,28,2.81,6,3,India
10833,@gmail.com,2,3.74,4,9,India
10834,,8,22.59,3,4,usa
10835,@gmail.com,6,22.95,1,4,India
10836,@gmail.com,3,19.77,1,4,
10837,@netflix.com,14,17.48,6,9,USA
10838,@gmail.com,6,4.22,2,6,uk
10839,@uber.com,14,8.72,12,5,united states
10840,@accenture.com,5,9.24,3,4,GERMANY
10841,@accenture.com,12,11.48,9,5,usa
10842,,13,29.11,15,6,
10843,@gmail.com,9,32.92,6,6,UK
10844,@uber.com,19,3.65,12,1,GERMANY
10845,@gmail.com,1,8.48,2,4,uk
10846,@yahoo.com,9,2.4,3,6,USA
10847,@accenture.com,9,15.67,2,6,INDIA
10848,@gmail.com,4,12.73,3,5,USA
10849,@microsoft.com,6,28.54,2,2,UK
10850,@yahoo.com,24,10.97,6,1,united states
10851,@microsoft.com,7,22.79,2,7,usa
10852,@unknown_typo,15,5.74,12,6,USA
10853,@gmail.com,3,17.77,4,4,
10854,@microsoft.com,12,0.61,18,4,united states
10855,@accenture.com,7,2.46,5,7,UK
10856,@yahoo.com,5,8.89,4,6,usa
10857,@gmail.com,5,32.69,1,6,India
10858,@microsoft.com,9,32.46,7,4,USA
10859,@gmail.com,3,13.7,1,4,India
10860,@gmail.com,4,2.09,3,3,INDIA
10861,@accenture.com,14,17.14,12,3,usa
10862,@yahoo.com,13,2.92,6,6,India
10863,@netflix.com,8,6.47,1,5,united states
10864,@accenture.com,11,,9,3,INDIA
10865,@uber.com,18,32.37,9,7,GERMANY
10866,@gmail.com,2,17.74,2,5,UK
10867,@yahoo.com,4,1.11,4,2,uk
10868,@gmail.com,8,27.81,3,7,UK
10869,@netflix.com,14,8.44,6,5,INDIA
10870,@gmail.com,7,21.08,2,3,usa
10871,@gmail.com,11,22.49,9,4,
10872,@yahoo.com,12,99.46,15,7,UK
10873,@gmail.com,7,6.39,2,3,India
10874,@gmail.com,7,29.98,4,3,united states
10875,@microsoft.com,21,5.07,0,1,GERMANY
10876,@gmail.com,6,81.19,3,6,usa
10877,@gmail.com,4,7.92,2,4,uk
10878,@gmail.com,2,16.19,1,3,uk
10879,@uber.com,11,78.07,3,5,GERMANY
10880,@microsoft.com,9,3.35,2,9,uk
10881,@yahoo.com,13,14.67,9,4,USA
10882,@microsoft.com,18,96.35,6,5,India
10883,@gmail.com,5,43.23,2,12,united states
10884,@netflix.com,15,3.74,6,4,
10885,@gmail.com,5,1.56,0,9,united states
10886,@uber.com,11,8.33,15,8,INDIA
10887,@netflix.com,8,21.62,1,5,USA
10888,@accenture.com,18,23.39,12,6,united states
10889,@gmail.com,4,14.03,6,3,UK
10890,@gmail.com,2,14.31,1,1,usa
10891,@uber.com,4,1.93,4,4,USA
10892,@gmail.com,4,8.73,1,6,
10893,@accenture.com,6,12.88,4,8,usa
10894,@uber.com,20,17.26,12,1,USA
10895,@uber.com,19,1.44,12,6,uk
10896,@gmail.com,8,17.6,5,6,uk
10897,@uber.com,7,42.52,2,5,united states
10898,@uber.com,4,23.14,4,2,UK
10899,@accenture.com,8,14.67,1,7,UK
10900,@gmail.com,2,1.53,3,7,USA
10901,@gmail.com,7,23.72,2,3,united states
10902,@gmail.com,11,16.31,9,5,GERMANY
10903,@gmail.com,15,11.93,6,3,INDIA
10904,@microsoft.com,7,24.3,1,4,India
10905,@netflix.com,5,16.84,3,0,UK
10906,@gmail.com,3,9.51,4,1,usa
10907,@accenture.com,14,4.01,6,4,INDIA
10908,@gmail.com,8,10.53,1,5,united states
10909,@gmail.com,6,2.51,2,3,uk
10910,@gmail.com,2,0.93,2,7,India
10911,@gmail.com,6,4.0,3,7,India
10912,@netflix.com,9,6.86,1,3,usa
10913,@gmail.com,3,15.61,2,1,
10914,@microsoft.com,15,10.38,12,3,GERMANY
10915,@yahoo.com,13,19.93,9,5,INDIA
10916,@netflix.com,10,20.06,3,2,INDIA
10917,@gmail.com,3,18.37,4,5,UK
10918,@gmail.com,3,11.89,7,6,GERMANY
10919,@gmail.com,4,,6,3,UK
10920,@yahoo.com,9,56.86,1,9,INDIA
10921,@gmail.com,8,18.35,9,3,India
10922,@accenture.com,3,20.35,3,9,uk
10923,@microsoft.com,8,,2,7,INDIA
10924,@microsoft.com,18,9.75,24,4,uk
10925,@yahoo.com,23,8.57,3,10,UK
10926,@gmail.com,12,,12,1,UK
10927,@yahoo.com,13,9.23,12,10,USA
10928,,8,13.67,1,10,INDIA
10929,@accenture.com,12,14.68,12,3,GERMANY
10930,@netflix.com,20,27.45,12,6,India
10931,@accenture.com,12,16.02,21,1,united states
10932,@gmail.com,3,30.53,3,9,
10933,@gmail.com,3,,1,6,
10934,@gmail.com,6,6.46,2,6,UK
10935,@gmail.com,7,14.95,2,8,USA
10936,@gmail.com,6,19.59,1,8,USA
10937,@yahoo.com,8,17.36,0,3,uk
10938,@uber.com,8,28.45,1,2,
10939,@accenture.com,12,35.4,9,12,INDIA
10940,@meta.com,8,6.12,7,7,USA
10941,@netflix.com,7,1.23,2,4,GERMANY
10942,@gmail.com,6,16.02,3,4,uk
10943,@gmail.com,1,1.75,3,8,uk
10944,@uber.com,22,32.31,9,2,uk
10945,@gmail.com,4,25.9,3,2,India
10946,@gmail.com,1,18.75,5,8,united states
10947,@gmail.com,4,39.09,3,5,INDIA
10948,@gmail.com,8,32.73,5,5,UK
10949,@yahoo.com,14,38.45,9,9,UK
10950,@yahoo.com,4,19.95,4,3,uk
10951,@yahoo.com,7,6.89,3,4,USA
10952,@uber.com,19,0.73,12,5,GERMANY
10953,@gmail.com,4,0.95,1,3,united states
10954,@gmail.com,5,23.64,8,4,usa
10955,@gmail.com,4,3.19,5,5,united states
10956,@gmail.com,6,,2,6,united states
10957,@meta.com,11,13.23,12,8,uk
10958,@meta.com,9,2.11,3,2,INDIA
10959,@uber.com,14,63.33,9,4,USA
10960,@gmail.com,12,25.48,9,3,India
10961,@microsoft.com,18,13.18,15,5,India
10962,@microsoft.com,15,35.86,12,5,USA
10963,@yahoo.com,9,10.21,6,3,USA
10964,@yahoo.com,7,34.09,2,2,USA
10965,@yahoo.com,2,26.23,1,7,
10966,@microsoft.com,14,0.21,12,7,USA
10967,@uber.com,9,23.9,2,3,usa
10968,@gmail.com,3,22.98,4,2,USA
10969,@meta.com,22,5.73,12,5,GERMANY
10970,@gmail.com,9,10.19,7,8,usa
10971,@gmail.com,7,2.23,2,5,united states
10972,@unknown_typo,9,16.48,1,5,uk
10973,@unknown_typo,5,16.83,2,6,united states
10974,@gmail.com,6,59.82,4,10,usa
10975,@yahoo.com,17,19.24,15,4,united states
10976,@gmail.com,5,8.9,5,4,INDIA
10977,@yahoo.com,10,2.98,3,2,GERMANY
10978,@accenture.com,10,23.25,6,3,GERMANY
10979,@unknown_typo,9,,3,4,
10980,@microsoft.com,12,43.16,3,5,INDIA
10981,@gmail.com,5,4.87,1,7,USA
10982,@microsoft.com,12,3.28,15,8,
10983,@gmail.com,3,14.53,2,4,usa
10984,@netflix.com,15,37.09,18,8,INDIA
10985,@accenture.com,12,2.28,6,7,USA
10986,@microsoft.com,15,,6,7,united states
10987,@gmail.com,8,51.34,3,7,USA
10988,@gmail.com,5,2.21,3,6,UK
10989,@gmail.com,3,14.03,3,3,uk
10990,@accenture.com,5,3.33,4,3,INDIA
10991,@yahoo.com,26,2.75,6,9,united states
10992,@gmail.com,14,2.54,6,2,
10993,@yahoo.com,6,18.57,1,2,USA
10994,@accenture.com,28,21.38,12,4,GERMANY
10995,@gmail.com,3,1.91,2,5,USA
10996,@accenture.com,19,2.2,12,1,uk
10997,@netflix.com,3,40.85,2,5,usa
10998,@netflix.com,14,13.33,9,3,united states
10999,@gmail.com,2,22.8,4,3,INDIA
11000,@gmail.com,2,1.26,3,5,INDIA
